Equipment_Record_ID,Source_UID,Data_Split,ProductType,Humidity,Temperature,Age,Quantity,MTTF
1,1,Training,Extruder,5.88,66.17,13,39764,69.0
2,2,Training,Pressure Cutter,42.76,40.29,4,45181,532.0
3,3,Training,Extruder,76.62,52.08,4,70397,93.0
4,4,Training,Pump,45.91,90.26,14,49470,183.0
5,5,Training,Gauge Machine,78.87,58.56,12,45145,447.0
6,6,Training,Extruder,56.77,79.91,10,40452,479.0
7,7,Training,Extruder,41.21,47.05,2,47357,541.0
8,8,Training,Extruder,32.71,73.5,17,57133,352.0
9,9,Training,Pump,59.77,67.11,16,46510,306.0
10,10,Training,Gauge Machine,20.78,93.24,3,77904,173.0
11,11,Training,Pressure Cutter,21.19,53.14,15,72802,316.0
12,12,Training,Gauge Machine,70.66,88.72,4,72476,187.0
13,13,Training,Pump,67.35,79.16,7,64523,268.0
14,14,Training,Extruder,80.13,65.13,10,73792,218.0
15,15,Training,Extruder,18.46,52.67,3,79897,394.0
16,16,Training,Pump,14.7,61.27,9,77733,458.0
17,17,Training,Coil Oven,92.07,55.75,2,75627,302.0
18,18,Training,Extruder,86.49,91.28,16,78042,436.0
19,19,Training,Gauge Machine,34.83,79.31,16,66785,175.0
20,20,Training,Pump,84.83,50.03,5,30106,468.0
21,21,Training,Pump,15.69,42.02,7,46018,496.0
22,22,Training,Pump,5.27,56.04,17,63907,471.0
23,23,Training,Coil Oven,27.71,81.92,14,46454,353.0
24,24,Training,Gauge Machine,51.75,46.4,16,50608,320.0
25,25,Training,Pressure Cutter,15.05,57.55,6,34403,228.0
26,26,Training,Gauge Machine,27.51,78.0,9,58504,160.0
27,27,Training,Gauge Machine,90.26,60.47,5,50528,262.0
28,28,Training,Coil Oven,11.14,84.23,14,65441,527.0
29,29,Training,Extruder,67.17,73.71,10,24089,445.0
30,30,Training,Extruder,66.46,84.47,17,77183,362.0
31,31,Training,Pressure Cutter,9.87,44.51,12,60062,91.0
32,32,Training,Coil Oven,48.17,42.66,12,76146,325.0
33,33,Training,Extruder,71.35,67.54,7,47864,100.0
34,34,Training,Extruder,64.95,38.34,14,29710,216.0
35,35,Training,Gauge Machine,76.96,53.12,10,66032,415.0
36,36,Training,Pump,34.74,35.27,11,76047,312.0
37,37,Training,Extruder,89.71,78.23,13,44168,97.0
38,38,Training,Extruder,8.07,56.47,5,38116,340.0
39,39,Training,Pressure Cutter,65.75,41.47,8,47373,171.0
40,40,Training,Pump,50.76,52.06,12,38753,425.0
41,41,Training,Gauge Machine,28.74,69.17,5,54092,276.0
42,42,Training,Pump,54.35,51.61,15,32897,497.0
43,43,Training,Extruder,80.67,55.43,5,59907,384.0
44,44,Training,Coil Oven,60.57,65.17,12,34976,65.0
45,45,Training,Pressure Cutter,46.71,40.84,8,64800,315.0
46,46,Training,Pressure Cutter,94.78,38.69,10,33200,94.0
47,47,Training,Pressure Cutter,6.69,63.51,13,67572,334.0
48,48,Training,Coil Oven,75.11,60.3,5,76731,185.0
49,49,Training,Pressure Cutter,59.83,68.36,13,57744,446.0
50,50,Training,Extruder,97.0,45.39,3,27773,64.0
51,51,Training,Pump,99.78,41.84,9,37535,172.0
52,52,Training,Pump,72.81,59.71,16,47816,230.0
53,53,Training,Coil Oven,27.0,71.4,8,50900,569.0
54,54,Training,Extruder,38.88,78.26,2,59863,320.0
55,55,Training,Gauge Machine,69.69,93.14,7,68471,537.0
56,56,Training,Pump,66.37,67.13,17,25708,101.0
57,57,Training,Coil Oven,66.24,55.33,1,31788,162.0
58,58,Training,Gauge Machine,44.65,48.79,6,53314,559.0
59,59,Training,Extruder,64.81,37.98,2,25851,524.0
60,60,Training,Extruder,80.63,71.88,7,70601,562.0
61,61,Training,Pressure Cutter,65.05,89.16,7,41882,87.0
62,62,Training,Pump,51.06,50.64,11,29868,74.0
63,63,Training,Gauge Machine,27.85,66.79,2,79000,84.0
64,64,Training,Pressure Cutter,40.03,49.69,11,28588,551.0
65,65,Training,Pump,19.8,59.61,10,47565,498.0
66,66,Training,Gauge Machine,36.23,48.0,9,77486,64.0
67,67,Training,Gauge Machine,68.39,70.82,4,40418,273.0
68,68,Training,Pressure Cutter,95.24,38.42,10,31158,213.0
69,69,Training,Pump,12.12,52.85,13,65452,312.0
70,70,Training,Extruder,20.48,76.44,4,66079,390.0
71,71,Training,Pump,23.4,35.84,7,61957,384.0
72,72,Training,Pressure Cutter,9.8,68.26,8,38922,96.0
73,73,Training,Pressure Cutter,75.47,68.24,3,53997,117.0
74,74,Training,Pump,57.94,63.66,16,52943,225.0
75,75,Training,Pressure Cutter,85.95,69.19,4,28059,408.0
76,76,Training,Extruder,30.17,62.84,1,57567,292.0
77,77,Training,Pressure Cutter,91.31,70.58,4,34949,548.0
78,78,Training,Pressure Cutter,16.03,77.05,9,39663,547.0
79,79,Training,Gauge Machine,17.02,46.93,9,73592,94.0
80,80,Training,Pump,89.91,43.47,14,37085,394.0
81,81,Training,Coil Oven,5.51,77.71,2,51936,136.0
82,82,Training,Coil Oven,10.18,46.07,11,32413,406.0
83,83,Training,Pump,90.92,72.42,5,35662,341.0
84,84,Training,Pressure Cutter,33.58,93.49,10,42238,386.0
85,85,Training,Pump,89.84,46.32,10,68919,98.0
86,86,Training,Coil Oven,15.66,78.99,7,77554,133.0
87,87,Training,Pressure Cutter,89.6,51.07,10,31326,541.0
88,88,Training,Coil Oven,73.78,82.86,14,50015,558.0
89,89,Training,Pump,49.6,61.7,12,60006,77.0
90,90,Training,Coil Oven,84.4,44.05,14,61247,81.0
91,91,Training,Coil Oven,20.91,91.56,14,79099,545.0
92,92,Training,Pressure Cutter,62.51,60.31,3,53137,231.0
93,93,Training,Pressure Cutter,34.29,43.18,8,32675,285.0
94,94,Training,Coil Oven,67.08,66.17,7,40558,516.0
95,95,Training,Pressure Cutter,60.35,44.01,14,65834,482.0
96,96,Training,Pressure Cutter,19.29,74.85,4,39627,492.0
97,97,Training,Extruder,61.57,84.73,2,43981,245.0
98,98,Training,Pressure Cutter,70.0,42.14,5,71077,140.0
99,99,Training,Gauge Machine,5.57,68.13,15,36200,212.0
100,100,Training,Coil Oven,58.45,78.56,11,37208,354.0
101,101,Training,Pump,96.67,37.97,5,29514,540.0
102,102,Training,Pump,72.62,64.76,10,27079,494.0
103,103,Training,Coil Oven,9.38,46.04,9,67369,271.0
104,104,Training,Coil Oven,87.56,73.27,2,70319,83.0
105,105,Training,Extruder,65.02,59.9,17,60703,507.0
106,106,Training,Coil Oven,92.93,45.57,10,63625,325.0
107,107,Training,Pump,35.94,80.52,15,56625,432.0
108,108,Training,Pressure Cutter,44.6,70.71,3,48694,510.0
109,109,Training,Pump,87.97,90.5,14,49320,166.0
110,110,Training,Extruder,5.88,60.54,17,49276,170.0
111,111,Training,Pump,89.18,77.83,2,46906,68.0
112,112,Training,Extruder,9.14,94.38,12,58227,419.0
113,113,Training,Coil Oven,57.77,59.0,15,71963,271.0
114,114,Training,Coil Oven,69.38,76.84,15,74722,252.0
115,115,Training,Coil Oven,88.65,43.1,14,64855,228.0
116,116,Training,Gauge Machine,11.08,41.98,4,63759,548.0
117,117,Training,Coil Oven,93.17,47.18,16,46724,434.0
118,118,Training,Gauge Machine,76.85,79.99,12,70543,350.0
119,119,Training,Gauge Machine,8.76,47.55,5,79894,566.0
120,120,Training,Pressure Cutter,8.28,88.28,13,30062,104.0
121,121,Training,Coil Oven,26.43,45.05,11,55810,217.0
122,122,Training,Gauge Machine,6.04,49.96,11,61423,555.0
123,123,Training,Pump,9.34,38.65,13,77936,364.0
124,124,Training,Gauge Machine,51.46,66.02,6,61344,455.0
125,125,Training,Pump,8.99,42.92,16,65378,520.0
126,126,Training,Coil Oven,45.82,80.83,3,25747,342.0
127,127,Training,Coil Oven,85.45,91.67,17,25012,86.0
128,128,Training,Coil Oven,80.7,89.94,7,25392,496.0
129,129,Training,Coil Oven,54.8,62.98,7,46677,139.0
130,130,Training,Gauge Machine,61.06,75.51,12,38814,121.0
131,131,Training,Pressure Cutter,73.79,85.94,15,40438,155.0
132,132,Training,Extruder,48.88,83.24,2,34607,119.0
133,133,Training,Pressure Cutter,99.89,39.57,7,29048,224.0
134,134,Training,Coil Oven,34.71,65.31,1,55276,566.0
135,135,Training,Pump,9.75,35.6,10,28780,465.0
136,136,Training,Pump,21.15,70.64,13,38319,527.0
137,137,Training,Pressure Cutter,69.14,64.93,14,51960,550.0
138,138,Training,Gauge Machine,52.8,37.87,15,77522,415.0
139,139,Training,Coil Oven,27.46,54.83,2,40255,188.0
140,140,Training,Gauge Machine,48.93,61.1,12,64374,247.0
141,141,Training,Extruder,68.52,92.16,10,30432,514.0
142,142,Training,Pump,43.16,82.54,10,27749,437.0
143,143,Training,Pump,28.19,44.51,3,40881,261.0
144,144,Training,Pump,10.31,64.19,2,62126,237.0
145,145,Training,Extruder,44.3,37.85,17,71852,513.0
146,146,Training,Gauge Machine,20.15,48.26,10,44143,452.0
147,147,Training,Pump,29.56,78.6,8,56482,333.0
148,148,Training,Pump,73.61,73.24,1,34767,92.0
149,149,Training,Pump,59.1,39.98,17,71424,549.0
150,150,Training,Gauge Machine,74.99,87.89,11,51449,101.0
151,151,Training,Coil Oven,20.76,93.88,14,28197,279.0
152,152,Training,Pressure Cutter,99.37,57.41,7,34814,337.0
153,153,Training,Coil Oven,77.3,45.0,5,74589,321.0
154,154,Training,Coil Oven,88.71,49.3,4,72625,531.0
155,155,Training,Pressure Cutter,68.29,69.96,13,26874,157.0
156,156,Training,Extruder,28.82,84.51,10,53484,388.0
157,157,Training,Pressure Cutter,42.17,40.28,11,50562,152.0
158,158,Training,Coil Oven,72.53,76.75,15,57957,353.0
159,159,Training,Extruder,13.46,72.85,3,73648,142.0
160,160,Training,Extruder,85.5,89.87,13,26315,204.0
161,161,Training,Gauge Machine,56.64,47.39,6,70018,497.0
162,162,Training,Pressure Cutter,63.85,39.43,14,32979,134.0
163,163,Training,Extruder,38.31,89.51,12,36173,538.0
164,164,Training,Gauge Machine,92.0,63.82,3,27408,496.0
165,165,Training,Extruder,5.75,73.15,9,41349,278.0
166,166,Training,Extruder,27.54,68.48,5,66090,265.0
167,167,Training,Coil Oven,70.76,62.89,1,49968,467.0
168,168,Training,Pressure Cutter,43.06,64.94,1,38014,391.0
169,169,Training,Extruder,81.14,71.25,16,27050,504.0
170,170,Training,Pressure Cutter,77.51,81.05,2,48029,240.0
171,171,Training,Coil Oven,84.61,69.13,11,76070,410.0
172,172,Training,Gauge Machine,10.54,84.75,2,40156,111.0
173,173,Training,Pump,84.6,75.25,5,67558,390.0
174,174,Training,Pump,16.46,66.12,9,49216,398.0
175,175,Training,Coil Oven,69.51,78.88,5,33402,466.0
176,176,Training,Extruder,50.83,79.64,10,37969,260.0
177,177,Training,Coil Oven,7.56,92.2,11,63966,365.0
178,178,Training,Extruder,19.29,36.9,17,33089,97.0
179,179,Training,Coil Oven,45.66,46.59,6,25155,325.0
180,180,Training,Coil Oven,12.58,52.8,5,45181,338.0
181,181,Training,Pump,25.19,78.82,8,54685,510.0
182,182,Training,Pump,13.39,55.53,14,58736,371.0
183,183,Training,Pump,60.34,92.44,6,47988,115.0
184,184,Training,Gauge Machine,30.26,71.07,1,56992,281.0
185,185,Training,Coil Oven,24.82,88.01,7,41270,354.0
186,186,Training,Coil Oven,28.73,56.7,15,70744,215.0
187,187,Training,Pressure Cutter,32.99,52.23,5,79269,322.0
188,188,Training,Gauge Machine,38.14,82.18,1,77066,141.0
189,189,Training,Pump,27.59,77.74,7,66480,153.0
190,190,Training,Pump,90.46,35.18,1,75418,176.0
191,191,Training,Pump,48.79,86.31,10,43474,149.0
192,192,Training,Pressure Cutter,10.92,72.58,2,48408,370.0
193,193,Training,Coil Oven,40.57,39.82,11,23407,525.0
194,194,Training,Gauge Machine,81.32,73.18,8,66907,224.0
195,195,Training,Coil Oven,97.2,68.23,5,34342,305.0
196,196,Training,Gauge Machine,29.74,90.08,17,62687,506.0
197,197,Training,Coil Oven,95.35,71.55,6,30072,176.0
198,198,Training,Pressure Cutter,55.94,58.44,11,26758,203.0
199,199,Training,Pressure Cutter,98.63,69.7,11,70066,102.0
200,200,Training,Extruder,10.42,53.17,16,65701,115.0
201,201,Training,Coil Oven,65.17,39.03,16,36847,360.0
202,202,Training,Coil Oven,20.58,42.24,10,31648,203.0
203,203,Training,Extruder,58.97,90.26,11,69616,471.0
204,204,Training,Coil Oven,82.78,52.16,11,56908,246.0
205,205,Training,Extruder,50.76,44.02,8,46156,387.0
206,206,Training,Pump,44.71,94.62,11,51583,317.0
207,207,Training,Gauge Machine,69.93,92.74,8,49666,66.0
208,208,Training,Extruder,75.24,83.93,11,72171,334.0
209,209,Training,Gauge Machine,16.84,87.2,15,29438,285.0
210,210,Training,Pump,80.1,92.5,12,49653,81.0
211,211,Training,Pump,90.47,40.5,10,64017,474.0
212,212,Training,Pressure Cutter,77.81,45.62,16,30222,435.0
213,213,Training,Gauge Machine,93.73,77.29,7,68763,408.0
214,214,Training,Gauge Machine,23.62,66.74,6,72786,127.0
215,215,Training,Coil Oven,19.22,80.61,5,70285,532.0
216,216,Training,Pressure Cutter,98.6,82.76,4,69233,147.0
217,217,Training,Gauge Machine,40.81,91.6,17,79697,474.0
218,218,Training,Coil Oven,75.56,66.7,11,37279,267.0
219,219,Training,Coil Oven,9.43,68.87,9,79288,216.0
220,220,Training,Pump,83.82,85.83,8,58150,502.0
221,221,Training,Pressure Cutter,25.51,67.7,13,79000,469.0
222,222,Training,Coil Oven,95.83,66.35,10,65310,490.0
223,223,Training,Pressure Cutter,93.79,75.39,11,35734,558.0
224,224,Training,Gauge Machine,91.84,81.33,11,54195,570.0
225,225,Training,Extruder,67.18,77.04,12,40057,191.0
226,226,Training,Extruder,18.72,83.09,4,67486,372.0
227,227,Training,Gauge Machine,46.14,88.44,11,72282,565.0
228,228,Training,Pressure Cutter,75.12,58.37,8,78282,542.0
229,229,Training,Coil Oven,55.96,94.55,6,60923,446.0
230,230,Training,Coil Oven,11.03,92.14,8,64571,262.0
231,231,Training,Coil Oven,19.77,92.93,11,65815,85.0
232,232,Training,Coil Oven,52.57,83.7,5,62458,141.0
233,233,Training,Extruder,12.13,49.55,5,49344,295.0
234,234,Training,Pressure Cutter,65.1,70.99,6,31133,378.0
235,235,Training,Gauge Machine,13.41,75.88,3,58952,136.0
236,236,Training,Pump,41.56,59.47,1,40529,115.0
237,237,Training,Gauge Machine,11.17,54.25,12,53438,547.0
238,238,Training,Extruder,89.52,76.15,13,46695,208.0
239,239,Training,Pump,10.45,63.24,11,66912,249.0
240,240,Training,Pressure Cutter,74.22,70.79,8,55031,496.0
241,241,Training,Extruder,54.47,47.23,2,41585,560.0
242,242,Training,Gauge Machine,84.38,74.25,15,61991,412.0
243,243,Training,Pressure Cutter,98.84,70.7,11,70407,163.0
244,244,Training,Extruder,58.83,54.75,14,49349,264.0
245,245,Training,Pump,84.98,82.18,3,55536,225.0
246,246,Training,Pump,5.0,68.28,7,58226,100.0
247,247,Training,Pump,79.93,73.87,17,78407,239.0
248,248,Training,Extruder,33.96,57.34,7,31976,326.0
249,249,Training,Pump,10.98,80.71,12,25597,366.0
250,250,Training,Pressure Cutter,51.97,83.22,16,56025,516.0
251,251,Training,Gauge Machine,86.85,50.52,10,32819,344.0
252,252,Training,Pump,52.75,37.56,1,31731,69.0
253,253,Training,Coil Oven,82.0,81.23,9,32531,132.0
254,254,Training,Coil Oven,11.0,62.29,8,36485,265.0
255,255,Training,Gauge Machine,87.58,52.27,17,24771,166.0
256,256,Training,Pressure Cutter,84.73,93.18,9,59238,581.0
257,257,Training,Gauge Machine,10.62,74.08,11,46227,446.0
258,258,Training,Pressure Cutter,66.23,94.08,14,39727,433.0
259,259,Training,Pump,20.55,50.63,7,51396,50.0
260,260,Training,Extruder,93.12,67.56,15,45747,535.0
261,261,Training,Pressure Cutter,81.03,73.17,10,55080,540.0
262,262,Training,Gauge Machine,5.99,48.56,8,27312,339.0
263,263,Training,Pump,55.34,64.62,12,54479,439.0
264,264,Training,Extruder,22.45,80.48,10,55696,522.0
265,265,Training,Coil Oven,56.28,92.09,2,63727,167.0
266,266,Training,Pressure Cutter,77.85,68.35,1,48802,316.0
267,267,Training,Gauge Machine,56.87,40.96,9,58569,231.0
268,268,Training,Extruder,38.49,37.58,16,76521,254.0
269,269,Training,Coil Oven,25.05,58.77,13,60937,312.0
270,270,Training,Gauge Machine,64.44,67.16,6,37030,327.0
271,271,Training,Coil Oven,19.2,39.47,3,68974,363.0
272,272,Training,Gauge Machine,76.95,37.95,2,38889,276.0
273,273,Training,Gauge Machine,17.32,35.93,13,23952,550.0
274,274,Training,Gauge Machine,18.42,93.27,10,65354,406.0
275,275,Training,Extruder,31.25,94.96,1,28606,80.0
276,276,Training,Pump,92.48,75.02,4,41289,225.0
277,277,Training,Pump,42.16,48.61,5,31578,530.0
278,278,Training,Coil Oven,81.38,62.0,2,32106,396.0
279,279,Training,Extruder,14.35,62.59,5,40057,121.0
280,280,Training,Gauge Machine,70.56,53.81,2,74250,455.0
281,281,Training,Gauge Machine,48.25,44.24,5,77439,162.0
282,282,Training,Extruder,37.2,83.46,10,67129,413.0
283,283,Training,Coil Oven,42.11,71.71,1,73528,353.0
284,284,Training,Pressure Cutter,23.42,69.96,6,60517,410.0
285,285,Training,Extruder,5.43,59.58,2,57670,482.0
286,286,Training,Extruder,56.14,68.16,14,42393,304.0
287,287,Training,Gauge Machine,93.46,69.29,15,61630,438.0
288,288,Training,Pump,67.0,57.56,9,35254,135.0
289,289,Training,Coil Oven,18.4,54.64,11,33777,564.0
290,290,Training,Coil Oven,42.09,36.57,10,46883,306.0
291,291,Training,Gauge Machine,8.76,65.93,14,72892,415.0
292,292,Training,Coil Oven,78.26,40.47,12,36069,438.0
293,293,Training,Extruder,87.78,35.16,6,40069,385.0
294,294,Training,Pressure Cutter,63.19,84.22,4,71398,357.0
295,295,Training,Extruder,60.4,70.16,10,46188,403.0
296,296,Training,Extruder,65.39,35.64,3,67224,157.0
297,297,Training,Gauge Machine,61.99,74.94,17,37484,273.0
298,298,Training,Pressure Cutter,15.5,72.73,10,55999,449.0
299,299,Training,Pressure Cutter,85.69,35.37,6,64264,134.0
300,300,Training,Pump,32.9,94.97,6,41736,523.0
301,301,Training,Coil Oven,14.42,68.6,15,43261,425.0
302,302,Training,Pressure Cutter,7.3,53.62,16,76297,486.0
303,303,Training,Pump,53.17,85.36,16,28114,308.0
304,304,Training,Extruder,75.18,35.63,15,54674,108.0
305,305,Training,Coil Oven,30.49,66.25,10,78040,105.0
306,306,Training,Pressure Cutter,47.65,58.78,6,27635,471.0
307,307,Training,Pump,33.6,94.25,13,43087,536.0
308,308,Training,Coil Oven,16.56,90.96,10,57513,230.0
309,309,Training,Extruder,30.23,82.31,3,58043,384.0
310,310,Training,Extruder,17.03,77.54,7,32326,315.0
311,311,Training,Coil Oven,26.53,62.01,10,46518,312.0
312,312,Training,Gauge Machine,90.0,39.65,12,24989,200.0
313,313,Training,Gauge Machine,99.61,92.38,7,67285,273.0
314,314,Training,Pump,69.51,53.79,13,51186,387.0
315,315,Training,Pump,56.92,58.44,10,71537,478.0
316,316,Training,Pump,89.28,76.72,11,44632,444.0
317,317,Training,Pump,15.15,72.04,9,35608,332.0
318,318,Training,Pump,55.01,49.74,10,70995,333.0
319,319,Training,Extruder,52.39,57.5,4,58753,375.0
320,320,Training,Extruder,92.64,55.96,12,77917,380.0
321,321,Training,Gauge Machine,58.14,43.96,1,54162,95.0
322,322,Training,Extruder,32.65,40.25,15,68548,314.0
323,323,Training,Extruder,88.98,44.27,15,33153,352.0
324,324,Training,Pressure Cutter,78.65,36.5,14,46320,130.0
325,325,Training,Gauge Machine,47.59,38.47,16,64374,199.0
326,326,Training,Extruder,10.04,94.16,10,70882,530.0
327,327,Training,Coil Oven,91.6,41.69,4,50122,338.0
328,328,Training,Gauge Machine,48.95,78.17,4,75833,569.0
329,329,Training,Pump,74.69,88.53,3,30222,298.0
330,330,Training,Pump,65.43,51.35,4,65588,376.0
331,331,Training,Pump,84.96,94.83,16,47906,341.0
332,332,Training,Coil Oven,5.83,94.89,2,30326,179.0
333,333,Training,Coil Oven,66.86,49.61,14,71393,562.0
334,334,Training,Coil Oven,85.68,59.38,7,27193,466.0
335,335,Training,Extruder,44.68,65.04,4,74148,446.0
336,336,Training,Pressure Cutter,71.96,51.94,10,42371,437.0
337,337,Training,Gauge Machine,96.93,88.94,11,58466,59.0
338,338,Training,Extruder,60.55,58.07,1,67622,376.0
339,339,Training,Pressure Cutter,71.6,69.16,8,66322,460.0
340,340,Training,Gauge Machine,81.85,86.39,2,50712,414.0
341,341,Training,Extruder,47.93,56.44,8,68303,151.0
342,342,Training,Gauge Machine,87.53,42.49,12,29612,137.0
343,343,Training,Extruder,71.25,47.75,9,55618,112.0
344,344,Training,Pump,15.62,43.21,9,44468,546.0
345,345,Training,Gauge Machine,70.49,53.14,17,72976,156.0
346,346,Training,Gauge Machine,43.06,88.97,15,30031,268.0
347,347,Training,Coil Oven,99.52,70.32,1,38670,469.0
348,348,Training,Pump,94.31,63.87,4,63868,313.0
349,349,Training,Pump,80.44,61.74,5,57124,135.0
350,350,Training,Pressure Cutter,97.43,70.54,9,29702,115.0
351,351,Training,Coil Oven,41.56,67.34,3,26942,500.0
352,352,Training,Extruder,88.23,41.68,12,32883,185.0
353,353,Training,Coil Oven,94.18,63.42,9,38707,445.0
354,354,Training,Gauge Machine,40.6,78.02,6,45072,113.0
355,355,Training,Extruder,70.18,64.23,6,66306,75.0
356,356,Training,Extruder,72.09,46.29,6,74073,473.0
357,357,Training,Coil Oven,32.82,60.44,13,30777,265.0
358,358,Training,Gauge Machine,74.34,76.13,11,79298,63.0
359,359,Training,Gauge Machine,64.63,72.93,13,25860,421.0
360,360,Training,Coil Oven,48.53,86.46,2,37762,449.0
361,361,Training,Gauge Machine,37.87,46.86,7,43038,337.0
362,362,Training,Pressure Cutter,60.9,87.37,6,36952,555.0
363,363,Training,Extruder,96.98,65.54,5,24459,512.0
364,364,Training,Pressure Cutter,62.9,86.69,3,72478,292.0
365,365,Training,Gauge Machine,15.11,73.93,5,29861,298.0
366,366,Training,Coil Oven,74.49,50.38,12,33802,259.0
367,367,Training,Gauge Machine,17.12,47.08,5,71047,490.0
368,368,Training,Pressure Cutter,48.61,56.06,5,60058,388.0
369,369,Training,Coil Oven,7.46,79.74,6,56127,107.0
370,370,Training,Pressure Cutter,58.69,59.3,6,33906,261.0
371,371,Training,Pressure Cutter,39.8,87.09,8,38649,241.0
372,372,Training,Pump,34.62,76.51,9,27955,234.0
373,373,Training,Extruder,60.19,73.16,5,53452,56.0
374,374,Training,Coil Oven,66.65,74.86,7,47592,151.0
375,375,Training,Pump,66.18,70.14,12,66022,328.0
376,376,Training,Extruder,63.8,40.9,4,70511,304.0
377,377,Training,Pump,62.74,91.48,3,69643,74.0
378,378,Training,Pressure Cutter,51.01,60.58,8,63581,498.0
379,379,Training,Pump,19.0,49.74,16,79321,314.0
380,380,Training,Gauge Machine,41.16,69.23,15,38897,481.0
381,381,Training,Pressure Cutter,85.46,54.22,13,52551,546.0
382,382,Training,Coil Oven,48.33,45.04,5,35299,163.0
383,383,Training,Coil Oven,20.04,38.58,1,75459,196.0
384,384,Training,Gauge Machine,19.38,52.57,3,51691,429.0
385,385,Training,Coil Oven,76.2,40.98,3,30538,88.0
386,386,Training,Pump,93.61,72.4,4,33530,131.0
387,387,Training,Extruder,93.02,52.56,10,34443,354.0
388,388,Training,Pressure Cutter,15.95,93.79,11,67412,347.0
389,389,Training,Gauge Machine,50.37,53.35,15,24896,331.0
390,390,Training,Pump,95.24,77.91,16,31852,62.0
391,391,Training,Extruder,56.49,62.18,16,71579,228.0
392,392,Training,Gauge Machine,21.79,67.18,13,60139,189.0
393,393,Training,Pump,84.9,92.83,13,47597,151.0
394,394,Training,Pressure Cutter,6.64,93.62,13,54758,69.0
395,395,Training,Pump,77.99,73.2,16,26250,531.0
396,396,Training,Coil Oven,10.04,50.19,8,60008,390.0
397,397,Training,Extruder,5.4,65.03,8,42319,352.0
398,398,Training,Extruder,23.03,35.09,8,65874,184.0
399,399,Training,Extruder,6.92,47.84,6,31056,103.0
400,400,Training,Coil Oven,24.09,40.57,15,68972,255.0
401,401,Training,Gauge Machine,92.61,91.05,16,74150,421.0
402,402,Training,Extruder,76.57,70.89,17,29561,224.0
403,403,Training,Coil Oven,69.47,60.85,16,52557,413.0
404,404,Training,Gauge Machine,21.35,87.36,10,51982,417.0
405,405,Training,Coil Oven,85.18,84.16,14,35845,271.0
406,406,Training,Extruder,50.39,74.57,7,61042,539.0
407,407,Training,Pump,29.86,73.25,7,61632,372.0
408,408,Training,Gauge Machine,72.56,74.93,13,64755,518.0
409,409,Training,Gauge Machine,8.66,86.48,7,33778,542.0
410,410,Training,Gauge Machine,68.56,88.19,15,68940,145.0
411,411,Training,Gauge Machine,80.84,66.98,16,68777,350.0
412,412,Training,Extruder,61.67,64.4,16,59779,259.0
413,413,Training,Coil Oven,64.96,74.24,7,25893,526.0
414,414,Training,Pressure Cutter,12.88,76.49,12,28234,82.0
415,415,Training,Pressure Cutter,90.86,81.85,7,51644,339.0
416,416,Training,Pump,59.94,55.46,14,35379,417.0
417,417,Training,Pressure Cutter,31.9,71.16,10,56118,410.0
418,418,Training,Pump,54.55,49.55,15,77579,112.0
419,419,Training,Pump,38.25,58.86,14,50376,174.0
420,420,Training,Coil Oven,26.16,50.99,6,43905,145.0
421,421,Training,Coil Oven,77.62,50.83,5,54777,53.0
422,422,Training,Pump,15.71,83.01,9,26703,59.0
423,423,Training,Gauge Machine,14.32,87.32,1,70829,446.0
424,424,Training,Extruder,5.8,59.25,11,46644,569.0
425,425,Training,Pump,86.19,93.34,3,34557,111.0
426,426,Training,Pressure Cutter,65.41,35.93,5,54380,457.0
427,427,Training,Pressure Cutter,59.84,53.74,10,27701,508.0
428,428,Training,Gauge Machine,88.44,63.78,10,65911,62.0
429,429,Training,Pump,43.22,44.16,4,76534,238.0
430,430,Training,Extruder,89.01,84.56,2,78684,118.0
431,431,Training,Pressure Cutter,37.43,80.57,16,67450,217.0
432,432,Training,Coil Oven,28.23,50.19,9,42811,164.0
433,433,Training,Pump,25.27,71.32,16,42855,194.0
434,434,Training,Coil Oven,8.44,53.02,12,50228,287.0
435,435,Training,Gauge Machine,88.78,49.1,7,45303,434.0
436,436,Training,Extruder,99.36,47.18,6,23115,288.0
437,437,Training,Pressure Cutter,64.61,93.51,6,29496,289.0
438,438,Training,Pump,16.26,85.21,7,43627,438.0
439,439,Training,Pump,22.25,55.54,16,62389,333.0
440,440,Training,Extruder,96.63,37.98,9,57931,372.0
441,441,Training,Pump,16.61,51.76,3,32147,129.0
442,442,Training,Extruder,95.73,68.86,17,37353,384.0
443,443,Training,Pressure Cutter,58.25,70.08,5,76879,53.0
444,444,Training,Pump,21.18,61.3,14,33230,125.0
445,445,Training,Pressure Cutter,7.93,54.29,3,46583,156.0
446,446,Training,Extruder,25.05,82.9,12,31084,550.0
447,447,Training,Extruder,7.93,39.91,13,23937,402.0
448,448,Training,Gauge Machine,81.32,68.42,11,56596,499.0
449,449,Training,Extruder,91.15,82.95,2,47937,90.0
450,450,Training,Pressure Cutter,56.82,50.08,13,25846,273.0
451,451,Training,Gauge Machine,41.75,81.6,11,67755,297.0
452,452,Training,Pressure Cutter,70.35,53.05,7,64124,193.0
453,453,Training,Gauge Machine,11.65,55.95,13,38933,249.0
454,454,Training,Coil Oven,59.94,71.15,3,59162,185.0
455,455,Training,Pressure Cutter,32.93,57.99,9,64639,90.0
456,456,Training,Coil Oven,29.0,88.24,15,55814,576.0
457,457,Training,Pump,52.28,38.99,14,30759,89.0
458,458,Training,Coil Oven,66.85,47.24,14,67270,119.0
459,459,Training,Extruder,17.01,70.75,8,67337,238.0
460,460,Training,Pressure Cutter,62.62,43.4,14,58721,441.0
461,461,Training,Coil Oven,27.14,39.41,4,29079,479.0
462,462,Training,Pump,26.66,82.89,14,72767,494.0
463,463,Training,Coil Oven,30.71,86.75,10,36121,533.0
464,464,Training,Pressure Cutter,75.42,45.15,14,40941,366.0
465,465,Training,Pressure Cutter,31.4,36.55,9,28707,567.0
466,466,Training,Extruder,58.48,80.86,14,79661,419.0
467,467,Training,Pressure Cutter,75.73,69.9,2,64575,514.0
468,468,Training,Pressure Cutter,80.13,77.84,11,66689,177.0
469,469,Training,Pump,71.24,84.42,16,51067,187.0
470,470,Training,Extruder,7.46,89.86,2,26982,441.0
471,471,Training,Pump,49.73,81.08,9,41487,451.0
472,472,Training,Gauge Machine,8.3,77.82,3,72379,472.0
473,473,Training,Gauge Machine,75.95,83.89,13,43626,239.0
474,474,Training,Coil Oven,59.41,94.96,4,51626,384.0
475,475,Training,Pump,74.04,75.55,7,27886,327.0
476,476,Training,Pressure Cutter,90.79,36.33,15,49550,107.0
477,477,Training,Extruder,30.99,91.34,16,23058,420.0
478,478,Training,Extruder,41.16,83.66,13,33230,503.0
479,479,Training,Gauge Machine,71.77,84.67,3,37245,116.0
480,480,Training,Pump,25.8,42.94,14,28768,103.0
481,481,Training,Extruder,42.91,51.71,9,35526,227.0
482,482,Training,Gauge Machine,5.87,82.02,12,49690,544.0
483,483,Training,Gauge Machine,6.42,37.03,5,60035,427.0
484,484,Training,Extruder,13.45,83.16,7,48956,529.0
485,485,Training,Coil Oven,50.34,35.2,11,63072,386.0
486,486,Training,Coil Oven,11.12,83.09,13,51932,462.0
487,487,Training,Pressure Cutter,8.25,38.94,12,61705,99.0
488,488,Training,Pump,49.49,58.42,9,57881,393.0
489,489,Training,Pressure Cutter,74.41,37.54,5,59502,246.0
490,490,Training,Pressure Cutter,13.57,85.19,9,73666,579.0
491,491,Training,Pump,61.88,35.9,5,57414,412.0
492,492,Training,Gauge Machine,77.89,46.31,13,51905,452.0
493,493,Training,Pump,39.06,90.34,10,25821,427.0
494,494,Training,Pressure Cutter,94.6,81.71,9,73318,480.0
495,495,Training,Coil Oven,12.65,77.81,10,67996,120.0
496,496,Training,Pump,23.99,65.11,4,68510,409.0
497,497,Training,Extruder,20.49,63.62,5,37829,425.0
498,498,Training,Pressure Cutter,92.81,60.81,9,35402,403.0
499,499,Training,Pump,6.27,49.97,14,65677,164.0
500,500,Training,Gauge Machine,55.43,49.95,7,41690,394.0
501,501,Training,Extruder,56.13,69.76,9,26273,103.0
502,502,Training,Extruder,97.55,90.53,17,63496,262.0
503,503,Training,Extruder,17.86,50.25,6,47623,65.0
504,504,Training,Pump,81.07,79.55,10,35918,304.0
505,505,Training,Gauge Machine,98.15,94.82,3,38859,231.0
506,506,Training,Coil Oven,62.59,59.29,16,28749,508.0
507,507,Training,Gauge Machine,74.94,36.13,6,78053,529.0
508,508,Training,Pump,25.44,88.29,9,40965,562.0
509,509,Training,Coil Oven,90.34,61.4,12,62857,174.0
510,510,Training,Pressure Cutter,79.74,70.71,8,66525,137.0
511,511,Training,Pressure Cutter,41.96,52.62,6,50093,363.0
512,512,Training,Extruder,50.1,63.96,6,49738,383.0
513,513,Training,Extruder,78.2,56.83,14,38940,350.0
514,514,Training,Pump,47.82,94.19,12,64674,116.0
515,515,Training,Coil Oven,81.86,62.44,2,23188,347.0
516,516,Training,Coil Oven,62.49,60.43,4,40028,183.0
517,517,Training,Pressure Cutter,53.25,72.99,12,39578,126.0
518,518,Training,Coil Oven,57.39,88.47,2,32662,553.0
519,519,Training,Gauge Machine,65.56,59.96,13,46723,127.0
520,520,Training,Coil Oven,75.01,35.57,5,52311,338.0
521,521,Training,Gauge Machine,34.36,63.65,15,71586,395.0
522,522,Training,Coil Oven,60.29,64.11,9,23724,460.0
523,523,Training,Pump,96.9,66.58,8,48219,78.0
524,524,Training,Pump,72.26,81.07,12,69230,276.0
525,525,Training,Pressure Cutter,19.63,82.27,1,31714,527.0
526,526,Training,Extruder,67.83,50.27,13,24361,513.0
527,527,Training,Pump,5.78,88.01,3,26399,341.0
528,528,Training,Pump,15.0,82.82,9,32399,155.0
529,529,Training,Pump,31.62,91.77,7,55235,520.0
530,530,Training,Extruder,66.5,72.75,10,30544,539.0
531,531,Training,Pump,83.98,86.04,9,38474,124.0
532,532,Training,Gauge Machine,98.66,67.37,13,33517,243.0
533,533,Training,Extruder,18.75,45.2,6,42360,262.0
534,534,Training,Extruder,29.6,66.67,11,55383,70.0
535,535,Training,Coil Oven,46.39,69.09,7,47290,152.0
536,536,Training,Coil Oven,64.31,88.78,6,26659,534.0
537,537,Training,Pump,60.61,56.55,11,64172,341.0
538,538,Training,Coil Oven,90.59,61.21,1,77328,374.0
539,539,Training,Extruder,71.78,60.08,10,38034,227.0
540,540,Training,Pump,6.51,40.39,4,33289,55.0
541,541,Training,Extruder,15.69,54.26,7,50722,150.0
542,542,Training,Pressure Cutter,88.27,78.33,6,60038,409.0
543,543,Training,Pressure Cutter,47.78,66.68,4,75025,299.0
544,544,Training,Extruder,94.18,38.05,2,31541,104.0
545,545,Training,Gauge Machine,36.76,49.55,10,54925,269.0
546,546,Training,Pump,51.89,80.79,2,46224,431.0
547,547,Training,Pressure Cutter,28.69,85.75,14,46134,335.0
548,548,Training,Gauge Machine,35.19,87.51,13,79880,165.0
549,549,Training,Pump,55.97,44.38,14,58479,193.0
550,550,Training,Gauge Machine,77.64,35.02,12,57605,309.0
551,551,Training,Extruder,40.84,37.38,5,76285,162.0
552,552,Training,Extruder,44.52,89.93,4,48873,295.0
553,553,Training,Pump,8.13,65.0,9,56573,291.0
554,554,Training,Pump,91.3,51.54,13,79482,354.0
555,555,Training,Extruder,17.51,58.63,7,60864,337.0
556,556,Training,Coil Oven,19.23,35.38,3,65725,580.0
557,557,Training,Extruder,10.44,56.79,9,68941,252.0
558,558,Training,Gauge Machine,34.54,38.71,8,54557,558.0
559,559,Training,Extruder,91.47,49.36,6,65853,194.0
560,560,Training,Extruder,65.06,59.06,10,79751,341.0
561,561,Training,Extruder,19.1,40.38,14,47033,393.0
562,562,Training,Pressure Cutter,77.56,85.37,1,29460,526.0
563,563,Training,Coil Oven,75.61,38.75,15,52388,399.0
564,564,Training,Gauge Machine,6.2,79.36,13,64130,357.0
565,565,Training,Pressure Cutter,39.58,50.1,16,72505,547.0
566,566,Training,Gauge Machine,17.89,58.0,3,51620,171.0
567,567,Training,Pump,67.32,71.19,3,46661,109.0
568,568,Training,Pump,9.48,74.88,2,31461,370.0
569,569,Training,Pump,20.49,46.16,6,41473,260.0
570,570,Training,Coil Oven,91.3,85.5,3,24090,563.0
571,571,Training,Pressure Cutter,12.46,43.69,14,41901,440.0
572,572,Training,Coil Oven,83.51,59.63,2,60834,527.0
573,573,Training,Extruder,12.42,64.93,8,54383,151.0
574,574,Training,Extruder,11.96,82.26,14,60558,182.0
575,575,Training,Pump,17.2,85.54,2,79671,549.0
576,576,Training,Gauge Machine,53.29,48.01,15,69034,123.0
577,577,Training,Extruder,77.9,49.84,15,68036,148.0
578,578,Training,Pump,84.28,94.83,13,43805,490.0
579,579,Training,Pump,94.79,37.52,16,30052,568.0
580,580,Training,Pressure Cutter,80.51,71.15,4,55313,148.0
581,581,Training,Extruder,39.21,57.57,10,61793,569.0
582,582,Training,Coil Oven,65.12,67.11,16,31636,138.0
583,583,Training,Coil Oven,42.13,66.18,13,38485,157.0
584,584,Training,Extruder,14.31,82.78,1,33843,205.0
585,585,Training,Gauge Machine,40.8,79.53,8,62185,381.0
586,586,Training,Pump,80.19,84.08,11,27242,204.0
587,587,Training,Pump,19.4,87.56,9,73729,124.0
588,588,Training,Pump,32.51,69.29,13,64427,154.0
589,589,Training,Gauge Machine,82.26,78.77,4,75889,187.0
590,590,Training,Pump,11.65,87.99,2,32710,526.0
591,591,Training,Pump,17.14,58.19,14,78260,480.0
592,592,Training,Extruder,67.4,41.66,13,32417,232.0
593,593,Training,Gauge Machine,13.15,42.39,6,59787,56.0
594,594,Training,Pump,56.68,78.01,15,48660,244.0
595,595,Training,Extruder,21.53,82.0,13,73822,341.0
596,596,Training,Pressure Cutter,11.65,89.66,5,37607,97.0
597,597,Training,Coil Oven,19.56,76.83,8,27465,292.0
598,598,Training,Pump,81.61,47.41,17,76990,249.0
599,599,Training,Extruder,74.76,51.06,5,67298,273.0
600,600,Training,Extruder,62.86,76.21,14,75117,556.0
601,601,Training,Gauge Machine,99.88,83.75,3,43335,280.0
602,602,Training,Pump,14.52,36.31,4,75607,437.0
603,603,Training,Pressure Cutter,69.77,91.37,12,45756,115.0
604,604,Training,Extruder,55.23,64.92,2,42225,54.0
605,605,Training,Extruder,97.57,90.09,12,39025,162.0
606,606,Training,Pump,81.38,41.12,5,42400,550.0
607,607,Training,Extruder,7.02,49.41,3,66638,352.0
608,608,Training,Coil Oven,62.39,64.48,17,37527,138.0
609,609,Training,Pump,15.82,44.59,8,42918,287.0
610,610,Training,Pressure Cutter,52.17,62.41,14,46506,131.0
611,611,Training,Extruder,34.89,76.25,4,29082,433.0
612,612,Training,Extruder,26.76,90.75,17,23914,412.0
613,613,Training,Pump,88.9,78.39,2,50028,163.0
614,614,Training,Pump,42.88,38.93,2,27622,497.0
615,615,Training,Pump,86.96,69.91,12,31054,493.0
616,616,Training,Coil Oven,35.01,93.04,17,36311,308.0
617,617,Training,Coil Oven,28.32,88.27,5,23511,283.0
618,618,Training,Pressure Cutter,94.96,58.73,6,44340,394.0
619,619,Training,Extruder,44.28,56.69,14,50096,466.0
620,620,Training,Gauge Machine,54.75,55.31,3,23440,115.0
621,621,Training,Gauge Machine,8.09,94.81,14,78895,187.0
622,622,Training,Pump,34.45,70.41,12,41228,563.0
623,623,Training,Extruder,90.76,89.39,2,61148,437.0
624,624,Training,Gauge Machine,89.29,89.99,15,24701,269.0
625,625,Training,Pump,15.26,46.74,13,67373,79.0
626,626,Training,Extruder,35.02,55.34,4,52945,391.0
627,627,Training,Gauge Machine,81.62,81.44,10,72902,227.0
628,628,Training,Gauge Machine,33.86,42.16,8,36126,388.0
629,629,Training,Pressure Cutter,26.14,55.2,15,76011,439.0
630,630,Training,Coil Oven,52.1,91.74,14,51342,482.0
631,631,Training,Pressure Cutter,49.27,72.76,16,25323,181.0
632,632,Training,Gauge Machine,6.31,64.64,8,29277,79.0
633,633,Training,Pressure Cutter,57.98,37.34,6,43829,232.0
634,634,Training,Extruder,39.38,53.83,3,40010,401.0
635,635,Training,Pump,51.82,47.03,5,30785,77.0
636,636,Training,Pump,59.31,36.17,8,54093,203.0
637,637,Training,Pump,53.95,37.05,6,67483,488.0
638,638,Training,Extruder,57.36,57.71,6,56022,390.0
639,639,Training,Gauge Machine,27.11,61.07,7,53082,293.0
640,640,Training,Pump,99.15,49.4,5,40336,224.0
641,641,Training,Coil Oven,61.93,87.94,17,40471,239.0
642,642,Training,Extruder,75.09,89.61,3,37481,313.0
643,643,Training,Pressure Cutter,40.54,35.71,11,35367,433.0
644,644,Training,Gauge Machine,74.53,41.31,13,44432,301.0
645,645,Training,Pressure Cutter,26.21,51.64,3,69954,354.0
646,646,Training,Pump,7.75,60.74,6,39768,583.0
647,647,Training,Coil Oven,52.24,35.7,3,57964,427.0
648,648,Training,Pressure Cutter,72.23,38.67,5,77845,289.0
649,649,Training,Coil Oven,69.9,76.69,13,65959,236.0
650,650,Training,Pump,7.47,81.71,7,29235,572.0
651,651,Training,Gauge Machine,70.72,79.1,4,60033,303.0
652,652,Training,Extruder,10.82,88.23,16,54519,317.0
653,653,Training,Extruder,91.47,80.86,9,24734,540.0
654,654,Training,Pressure Cutter,35.75,58.13,11,24943,321.0
655,655,Training,Gauge Machine,43.57,66.41,6,79268,145.0
656,656,Training,Coil Oven,82.54,42.52,11,56145,457.0
657,657,Training,Gauge Machine,95.63,37.22,5,56693,416.0
658,658,Training,Pump,47.22,72.88,3,43104,497.0
659,659,Training,Gauge Machine,15.39,38.71,9,68315,230.0
660,660,Training,Coil Oven,16.37,55.18,17,70499,172.0
661,661,Training,Gauge Machine,72.62,44.32,6,60314,52.0
662,662,Training,Gauge Machine,91.77,52.53,16,56025,405.0
663,663,Training,Pressure Cutter,42.01,95.0,16,70860,310.0
664,664,Training,Pump,5.77,54.49,10,39867,518.0
665,665,Training,Extruder,83.23,73.49,5,44007,475.0
666,666,Training,Extruder,29.6,75.0,6,47417,228.0
667,667,Training,Pressure Cutter,80.58,74.14,11,31532,550.0
668,668,Training,Pump,41.38,68.17,9,47180,452.0
669,669,Training,Pressure Cutter,49.2,58.71,8,71787,408.0
670,670,Training,Pressure Cutter,36.68,76.87,2,23038,243.0
671,671,Training,Extruder,18.75,36.63,9,46106,496.0
672,672,Training,Pump,65.07,62.36,11,68911,100.0
673,673,Training,Pressure Cutter,49.91,52.4,7,32644,269.0
674,674,Training,Coil Oven,22.55,92.72,14,38890,364.0
675,675,Training,Gauge Machine,45.72,36.58,10,64600,359.0
676,676,Training,Pressure Cutter,71.9,90.87,1,53799,435.0
677,677,Training,Pressure Cutter,84.28,50.13,1,33011,474.0
678,678,Training,Pump,81.73,80.89,12,79513,357.0
679,679,Training,Pressure Cutter,11.17,73.91,12,29701,555.0
680,680,Training,Gauge Machine,94.01,80.3,14,79720,207.0
681,681,Training,Coil Oven,46.11,59.37,4,64308,568.0
682,682,Training,Gauge Machine,64.13,50.54,4,44245,344.0
683,683,Training,Gauge Machine,49.66,80.65,4,63470,304.0
684,684,Training,Coil Oven,68.43,92.04,15,44329,522.0
685,685,Training,Extruder,16.8,49.35,16,49765,439.0
686,686,Training,Extruder,81.97,90.43,9,54714,132.0
687,687,Training,Extruder,88.84,40.17,9,63370,202.0
688,688,Training,Gauge Machine,8.43,55.16,13,47605,575.0
689,689,Training,Pressure Cutter,34.11,90.01,8,42233,88.0
690,690,Training,Pressure Cutter,69.98,78.43,11,56274,527.0
691,691,Training,Coil Oven,61.3,86.66,12,41965,490.0
692,692,Training,Extruder,17.1,43.88,17,69765,110.0
693,693,Training,Extruder,22.57,75.69,16,66197,318.0
694,694,Training,Pressure Cutter,64.85,59.42,1,27632,383.0
695,695,Training,Pump,26.93,66.01,4,46343,67.0
696,696,Training,Gauge Machine,41.13,51.82,2,26725,362.0
697,697,Training,Gauge Machine,87.56,94.29,2,79091,70.0
698,698,Training,Extruder,20.94,73.8,6,67738,550.0
699,699,Training,Pump,73.67,86.37,12,57452,533.0
700,700,Training,Pressure Cutter,49.42,60.9,6,34940,58.0
701,701,Training,Pressure Cutter,60.21,39.08,10,31758,185.0
702,702,Training,Pump,76.68,60.87,5,40204,466.0
703,703,Training,Pump,65.39,94.75,9,23854,581.0
704,704,Training,Gauge Machine,82.39,68.86,17,57795,245.0
705,705,Training,Extruder,65.43,71.35,4,65608,288.0
706,706,Training,Extruder,55.09,53.48,11,51106,324.0
707,707,Training,Gauge Machine,34.51,75.68,13,62351,87.0
708,708,Training,Coil Oven,55.59,70.91,2,63972,99.0
709,709,Training,Coil Oven,65.81,87.99,13,68048,452.0
710,710,Training,Pressure Cutter,57.5,37.87,15,28609,234.0
711,711,Training,Gauge Machine,37.86,78.34,13,26501,156.0
712,712,Training,Coil Oven,76.98,40.8,11,52588,196.0
713,713,Training,Pressure Cutter,83.4,84.56,5,50683,270.0
714,714,Training,Pressure Cutter,67.2,86.29,13,29237,365.0
715,715,Training,Coil Oven,81.09,79.53,10,23390,263.0
716,716,Training,Pump,6.99,93.18,3,68591,196.0
717,717,Training,Pressure Cutter,77.48,56.62,10,59625,411.0
718,718,Training,Gauge Machine,29.54,80.66,2,36497,250.0
719,719,Training,Pressure Cutter,15.76,35.79,4,45163,290.0
720,720,Training,Pressure Cutter,19.56,80.04,12,63127,534.0
721,721,Training,Coil Oven,14.93,73.9,11,64172,234.0
722,722,Training,Pressure Cutter,31.09,35.19,3,34642,252.0
723,723,Training,Coil Oven,60.09,52.25,3,28132,299.0
724,724,Training,Pump,87.0,64.84,12,76504,60.0
725,725,Training,Coil Oven,40.65,55.52,3,72946,433.0
726,726,Training,Pressure Cutter,66.28,59.04,8,24401,265.0
727,727,Training,Pump,49.53,37.41,13,41611,512.0
728,728,Training,Pump,57.02,38.92,12,26786,414.0
729,729,Training,Gauge Machine,72.25,78.52,10,38736,229.0
730,730,Training,Pump,77.34,49.1,16,61912,476.0
731,731,Training,Gauge Machine,82.75,73.59,5,75978,471.0
732,732,Training,Coil Oven,37.98,44.0,5,75198,271.0
733,733,Training,Pressure Cutter,89.74,38.28,5,44467,161.0
734,734,Training,Pump,22.06,81.52,13,39144,403.0
735,735,Training,Coil Oven,81.56,40.73,6,52691,530.0
736,736,Training,Coil Oven,31.59,80.29,8,39694,495.0
737,737,Training,Gauge Machine,48.35,73.29,9,67716,177.0
738,738,Training,Pressure Cutter,38.61,93.07,16,63075,508.0
739,739,Training,Pressure Cutter,66.66,50.51,11,53708,342.0
740,740,Training,Pump,76.97,67.32,9,74702,496.0
741,741,Training,Pressure Cutter,11.32,86.68,16,75051,262.0
742,742,Training,Pressure Cutter,35.64,58.9,17,47593,121.0
743,743,Training,Extruder,83.96,62.54,8,34409,314.0
744,744,Training,Extruder,24.65,48.44,16,73175,412.0
745,745,Training,Extruder,95.47,35.41,15,26033,424.0
746,746,Training,Coil Oven,96.06,81.66,14,27552,234.0
747,747,Training,Coil Oven,88.55,75.36,11,70473,550.0
748,748,Training,Extruder,18.85,51.95,5,48944,274.0
749,749,Training,Pressure Cutter,38.55,77.97,7,29206,277.0
750,750,Training,Gauge Machine,9.78,84.57,2,71426,226.0
751,751,Training,Gauge Machine,66.78,49.95,9,69090,198.0
752,752,Training,Gauge Machine,32.94,93.87,16,69619,148.0
753,753,Training,Extruder,94.68,38.5,2,58135,100.0
754,754,Training,Gauge Machine,64.09,82.67,9,66139,87.0
755,755,Training,Extruder,53.57,46.55,7,31692,77.0
756,756,Training,Pressure Cutter,37.42,90.92,14,59048,527.0
757,757,Training,Extruder,83.43,36.43,16,51855,152.0
758,758,Training,Gauge Machine,14.15,59.35,2,46187,308.0
759,759,Training,Extruder,51.57,75.63,9,54103,391.0
760,760,Training,Pump,22.36,82.55,13,42115,445.0
761,761,Training,Pressure Cutter,43.0,35.74,12,76896,122.0
762,762,Training,Gauge Machine,90.08,51.09,6,45807,501.0
763,763,Training,Pressure Cutter,94.32,64.39,12,25443,443.0
764,764,Training,Coil Oven,7.06,70.54,10,44407,98.0
765,765,Training,Pressure Cutter,80.76,49.27,11,31680,389.0
766,766,Training,Coil Oven,47.17,71.45,3,31137,308.0
767,767,Training,Extruder,34.84,49.03,4,43193,210.0
768,768,Training,Pressure Cutter,78.05,36.83,3,42742,265.0
769,769,Training,Extruder,15.43,45.81,2,75903,102.0
770,770,Training,Pressure Cutter,52.67,47.44,14,26608,267.0
771,771,Training,Extruder,42.63,67.84,13,74399,321.0
772,772,Training,Pressure Cutter,96.9,70.16,7,50897,166.0
773,773,Training,Coil Oven,43.13,86.82,5,54611,387.0
774,774,Training,Pressure Cutter,17.28,42.4,17,63672,123.0
775,775,Training,Extruder,73.44,44.21,11,27252,244.0
776,776,Training,Pump,60.26,85.95,6,59799,437.0
777,777,Training,Extruder,89.9,43.52,13,71402,461.0
778,778,Training,Pump,68.91,48.78,9,36218,134.0
779,779,Training,Pressure Cutter,92.78,62.91,17,26956,190.0
780,780,Training,Pressure Cutter,21.62,70.92,4,36640,337.0
781,781,Training,Gauge Machine,82.19,60.74,5,31205,531.0
782,782,Training,Pressure Cutter,57.43,50.72,15,68215,209.0
783,783,Training,Extruder,9.91,88.26,4,78086,374.0
784,784,Training,Coil Oven,31.77,52.58,13,51776,496.0
785,785,Training,Coil Oven,73.01,44.14,3,59212,291.0
786,786,Training,Extruder,14.71,71.67,8,36291,245.0
787,787,Training,Gauge Machine,80.07,91.09,12,45227,163.0
788,788,Training,Gauge Machine,20.73,49.97,13,60197,530.0
789,789,Training,Extruder,41.6,35.68,5,50895,63.0
790,790,Training,Pressure Cutter,85.13,73.58,11,34675,189.0
791,791,Training,Coil Oven,32.09,60.33,2,54864,434.0
792,792,Training,Pump,49.56,89.34,13,48558,61.0
793,793,Training,Extruder,49.88,94.95,6,36877,401.0
794,794,Training,Pump,39.38,64.48,8,32435,549.0
795,795,Training,Pump,73.39,67.44,13,45825,374.0
796,796,Training,Pump,57.58,67.44,16,48634,468.0
797,797,Training,Gauge Machine,37.74,66.94,5,45788,109.0
798,798,Training,Pressure Cutter,51.94,66.22,13,38242,132.0
799,799,Training,Pump,70.41,36.99,5,31530,537.0
800,800,Training,Extruder,73.29,81.0,4,58107,231.0
801,801,Training,Extruder,72.02,89.01,4,70983,384.0
802,802,Training,Extruder,63.09,71.91,11,58022,242.0
803,803,Training,Coil Oven,36.67,78.06,8,72170,174.0
804,804,Training,Gauge Machine,80.72,54.35,8,76746,331.0
805,805,Training,Gauge Machine,30.04,40.34,7,34302,291.0
806,806,Training,Pressure Cutter,56.68,63.03,13,49393,538.0
807,807,Training,Coil Oven,92.93,71.36,7,24546,89.0
808,808,Training,Extruder,92.43,58.57,5,24020,73.0
809,809,Training,Coil Oven,95.4,57.61,14,65852,554.0
810,810,Training,Coil Oven,90.43,55.78,6,79010,85.0
811,811,Training,Coil Oven,92.93,58.79,14,76741,114.0
812,812,Training,Gauge Machine,13.57,60.55,4,26374,119.0
813,813,Training,Pressure Cutter,72.93,45.47,4,62443,483.0
814,814,Training,Extruder,42.55,46.14,13,44481,539.0
815,815,Training,Coil Oven,32.16,35.03,13,30480,528.0
816,816,Training,Pump,85.84,36.68,13,64777,162.0
817,817,Training,Pump,97.61,40.56,13,43768,310.0
818,818,Training,Gauge Machine,19.74,56.43,7,42180,330.0
819,819,Training,Extruder,17.72,41.11,6,43670,295.0
820,820,Training,Extruder,56.06,69.52,6,54326,312.0
821,821,Training,Extruder,53.93,90.54,15,60189,342.0
822,822,Training,Gauge Machine,85.52,60.73,13,47504,65.0
823,823,Training,Gauge Machine,95.82,59.93,5,45469,391.0
824,824,Training,Pump,55.11,80.93,6,52544,215.0
825,825,Training,Gauge Machine,13.42,47.79,6,47993,339.0
826,826,Training,Coil Oven,28.52,84.25,16,70781,523.0
827,827,Training,Gauge Machine,12.82,74.33,5,78391,355.0
828,828,Training,Extruder,82.09,81.35,5,29096,483.0
829,829,Training,Coil Oven,59.29,44.85,3,46282,335.0
830,830,Training,Extruder,21.64,93.52,6,77863,354.0
831,831,Training,Gauge Machine,62.62,37.56,8,79401,358.0
832,832,Training,Coil Oven,58.26,46.87,16,58822,233.0
833,833,Training,Pressure Cutter,40.62,92.52,11,79704,332.0
834,834,Training,Gauge Machine,63.92,81.87,15,58736,255.0
835,835,Training,Extruder,77.45,58.9,5,68230,305.0
836,836,Training,Coil Oven,91.21,49.43,10,62420,570.0
837,837,Training,Extruder,80.95,65.48,6,35851,517.0
838,838,Training,Extruder,13.95,36.92,8,55503,552.0
839,839,Training,Pressure Cutter,21.48,57.54,1,40775,521.0
840,840,Training,Pressure Cutter,81.65,85.68,5,46576,494.0
841,841,Training,Extruder,61.28,80.37,4,33415,211.0
842,842,Training,Pump,97.13,81.96,11,26006,332.0
843,843,Training,Pressure Cutter,9.51,59.31,13,78739,126.0
844,844,Training,Pressure Cutter,90.36,39.68,12,40545,559.0
845,845,Training,Gauge Machine,7.21,69.32,15,65977,144.0
846,846,Training,Pump,20.92,60.88,15,58727,81.0
847,847,Training,Pressure Cutter,92.79,80.53,5,34000,138.0
848,848,Training,Pump,95.57,59.31,8,33620,535.0
849,849,Training,Coil Oven,25.89,75.21,6,32427,548.0
850,850,Training,Extruder,52.82,90.6,3,78245,248.0
851,851,Training,Coil Oven,55.48,40.86,11,60793,284.0
852,852,Training,Extruder,55.09,77.82,14,36833,369.0
853,853,Training,Extruder,38.57,52.01,16,51188,276.0
854,854,Training,Gauge Machine,50.69,35.44,9,64871,448.0
855,855,Training,Pump,69.33,47.69,17,38036,497.0
856,856,Training,Pressure Cutter,62.03,78.56,6,34608,137.0
857,857,Training,Pump,37.17,83.18,12,38962,519.0
858,858,Training,Coil Oven,96.86,41.86,14,62113,321.0
859,859,Training,Pump,59.1,37.08,17,53759,243.0
860,860,Training,Extruder,46.42,37.14,16,48674,563.0
861,861,Training,Coil Oven,59.73,78.47,11,69717,172.0
862,862,Training,Extruder,25.81,42.85,9,57881,312.0
863,863,Training,Coil Oven,70.34,38.61,4,29835,472.0
864,864,Training,Pressure Cutter,70.9,64.14,13,78253,155.0
865,865,Training,Extruder,74.33,82.46,5,54757,500.0
866,866,Training,Extruder,81.56,64.88,14,54653,53.0
867,867,Training,Extruder,17.29,35.3,9,77224,498.0
868,868,Training,Gauge Machine,69.82,81.57,13,68458,579.0
869,869,Training,Gauge Machine,63.59,76.81,9,23521,311.0
870,870,Training,Pump,78.55,47.17,6,53110,513.0
871,871,Training,Extruder,88.16,82.51,4,26245,129.0
872,872,Training,Gauge Machine,5.68,85.8,15,56158,314.0
873,873,Training,Pressure Cutter,40.95,57.99,13,49322,476.0
874,874,Training,Extruder,70.59,70.96,14,78598,555.0
875,875,Training,Extruder,83.82,57.73,3,66543,137.0
876,876,Training,Pump,63.26,81.23,16,36069,404.0
877,877,Training,Gauge Machine,13.87,86.98,15,52089,80.0
878,878,Training,Pump,42.95,37.04,7,78382,396.0
879,879,Training,Coil Oven,35.44,90.12,11,26373,175.0
880,880,Training,Pressure Cutter,95.46,50.71,8,39854,546.0
881,881,Training,Pressure Cutter,56.07,76.0,12,73152,486.0
882,882,Training,Pressure Cutter,91.72,71.19,7,29146,275.0
883,883,Training,Coil Oven,17.42,65.29,10,78973,165.0
884,884,Training,Coil Oven,30.45,81.01,6,29000,260.0
885,885,Training,Gauge Machine,92.96,80.23,17,69833,484.0
886,886,Training,Pressure Cutter,22.63,69.06,3,58707,490.0
887,887,Training,Pump,55.1,64.11,7,71039,443.0
888,888,Training,Extruder,66.46,42.95,11,43430,500.0
889,889,Training,Coil Oven,89.74,76.69,16,75846,338.0
890,890,Training,Gauge Machine,36.71,83.26,5,73911,211.0
891,891,Training,Coil Oven,13.85,38.35,10,68777,443.0
892,892,Training,Extruder,54.26,84.95,6,75127,303.0
893,893,Training,Coil Oven,26.97,69.16,4,29915,414.0
894,894,Training,Pump,8.08,51.56,7,34915,331.0
895,895,Training,Pressure Cutter,86.79,42.86,2,67480,538.0
896,896,Training,Coil Oven,18.4,52.76,8,33726,443.0
897,897,Training,Gauge Machine,98.49,92.32,9,40830,65.0
898,898,Training,Coil Oven,93.23,87.85,11,29683,171.0
899,899,Training,Gauge Machine,10.85,43.58,15,27603,555.0
900,900,Training,Gauge Machine,10.87,38.4,2,23777,519.0
901,901,Training,Extruder,64.61,40.79,13,62573,537.0
902,902,Training,Gauge Machine,51.75,80.25,6,32447,501.0
903,903,Training,Gauge Machine,90.38,94.16,7,61822,120.0
904,904,Training,Pressure Cutter,50.59,57.19,4,69422,181.0
905,905,Training,Coil Oven,42.24,56.92,6,24881,446.0
906,906,Training,Coil Oven,6.84,50.45,16,43035,442.0
907,907,Training,Coil Oven,14.47,73.83,9,65567,499.0
908,908,Training,Pump,23.62,91.39,14,72448,279.0
909,909,Training,Pressure Cutter,47.78,66.3,16,45459,230.0
910,910,Training,Pump,71.03,56.55,5,65533,472.0
911,911,Training,Pressure Cutter,16.72,60.93,16,66795,340.0
912,912,Training,Pressure Cutter,76.93,91.77,6,34316,518.0
913,913,Training,Gauge Machine,23.83,94.46,10,41773,252.0
914,914,Training,Coil Oven,90.14,53.3,8,76662,256.0
915,915,Training,Coil Oven,61.17,75.8,11,49483,90.0
916,916,Training,Gauge Machine,77.68,79.42,11,24724,200.0
917,917,Training,Extruder,97.5,65.04,13,37111,116.0
918,918,Training,Pressure Cutter,73.82,79.07,5,37439,206.0
919,919,Training,Extruder,22.86,78.16,2,47105,385.0
920,920,Training,Pump,15.93,86.64,4,32036,84.0
921,921,Training,Pump,14.95,52.74,13,35748,188.0
922,922,Training,Extruder,22.95,53.71,6,36145,454.0
923,923,Training,Extruder,85.91,71.09,13,27882,553.0
924,924,Training,Coil Oven,64.59,92.69,8,69716,371.0
925,925,Training,Pump,65.07,54.19,15,37838,367.0
926,926,Training,Pump,9.12,88.23,13,54927,110.0
927,927,Training,Coil Oven,16.08,52.96,13,75064,223.0
928,928,Training,Gauge Machine,57.36,40.98,17,48485,406.0
929,929,Training,Pump,98.7,40.29,3,44162,194.0
930,930,Training,Extruder,6.1,35.34,9,34680,327.0
931,931,Training,Coil Oven,98.73,41.35,14,43056,170.0
932,932,Training,Pump,59.25,61.98,10,70281,136.0
933,933,Training,Pump,26.59,57.28,4,35885,111.0
934,934,Training,Gauge Machine,29.15,66.72,8,36419,271.0
935,935,Training,Coil Oven,15.21,93.05,10,36309,496.0
936,936,Training,Gauge Machine,80.52,79.11,10,67161,188.0
937,937,Training,Gauge Machine,9.79,62.27,2,44219,203.0
938,938,Training,Extruder,22.04,90.99,3,23405,137.0
939,939,Training,Pressure Cutter,27.48,40.26,3,57018,178.0
940,940,Training,Pressure Cutter,61.62,77.56,13,70864,563.0
941,941,Training,Extruder,14.8,85.69,14,25719,377.0
942,942,Training,Pressure Cutter,58.81,76.94,12,39384,166.0
943,943,Training,Pressure Cutter,57.96,40.92,15,39507,441.0
944,944,Training,Gauge Machine,24.94,75.69,12,64267,359.0
945,945,Training,Extruder,61.4,43.65,8,51763,219.0
946,946,Training,Gauge Machine,17.27,78.58,14,43651,213.0
947,947,Training,Coil Oven,23.7,88.87,16,44746,245.0
948,948,Training,Gauge Machine,93.13,87.99,9,46732,444.0
949,949,Training,Pump,29.81,62.29,1,70577,501.0
950,950,Training,Extruder,74.1,71.06,14,25467,169.0
951,951,Training,Extruder,61.91,47.2,5,42071,372.0
952,952,Training,Pressure Cutter,12.17,78.38,8,25199,457.0
953,953,Training,Pump,31.45,77.91,9,69028,365.0
954,954,Training,Pressure Cutter,94.09,72.38,3,67217,94.0
955,955,Training,Pump,12.96,45.8,15,71816,435.0
956,956,Training,Extruder,72.81,88.09,16,46858,230.0
957,957,Training,Coil Oven,69.27,46.58,8,29718,527.0
958,958,Training,Pressure Cutter,43.85,40.97,10,46888,424.0
959,959,Training,Pressure Cutter,55.19,42.63,7,46341,401.0
960,960,Training,Pressure Cutter,14.97,78.22,9,57905,129.0
961,961,Training,Gauge Machine,24.98,78.49,3,54025,242.0
962,962,Training,Pump,78.21,70.48,4,60405,401.0
963,963,Training,Pressure Cutter,44.69,50.6,10,30096,436.0
964,964,Training,Pressure Cutter,6.32,82.41,16,57144,121.0
965,965,Training,Coil Oven,41.51,92.86,12,52576,517.0
966,966,Training,Pump,58.88,41.47,3,68487,265.0
967,967,Training,Pressure Cutter,71.09,64.46,7,67410,81.0
968,968,Training,Coil Oven,29.08,73.88,15,78368,199.0
969,969,Training,Gauge Machine,40.68,75.37,13,53313,511.0
970,970,Training,Extruder,96.21,70.61,9,58261,241.0
971,971,Training,Extruder,30.51,49.8,5,63101,291.0
972,972,Training,Gauge Machine,60.19,78.93,2,56596,373.0
973,973,Training,Extruder,68.26,75.57,2,67773,478.0
974,974,Training,Pump,25.38,48.32,2,56323,261.0
975,975,Training,Coil Oven,6.49,75.03,4,33175,581.0
976,976,Training,Pump,69.12,47.37,9,36085,405.0
977,977,Training,Gauge Machine,74.11,70.2,10,28852,491.0
978,978,Training,Extruder,9.75,88.26,15,39376,216.0
979,979,Training,Coil Oven,7.89,35.97,10,71361,327.0
980,980,Training,Pump,30.14,42.04,10,50545,228.0
981,981,Training,Extruder,80.51,45.68,4,47052,188.0
982,982,Training,Pump,32.54,76.16,8,24067,498.0
983,983,Training,Gauge Machine,16.71,49.22,13,41702,88.0
984,984,Training,Gauge Machine,89.78,64.27,9,75699,332.0
985,985,Training,Pump,73.46,40.13,15,39808,51.0
986,986,Training,Pressure Cutter,19.52,77.82,6,66678,571.0
987,987,Training,Pressure Cutter,75.01,67.09,3,23049,86.0
988,988,Training,Coil Oven,48.66,71.07,5,40283,269.0
989,989,Training,Extruder,49.4,92.95,3,76124,233.0
990,990,Training,Coil Oven,55.27,47.83,11,43619,462.0
991,991,Training,Pressure Cutter,9.92,68.16,8,48834,220.0
992,992,Training,Coil Oven,92.89,45.51,14,56483,149.0
993,993,Training,Pressure Cutter,58.66,46.08,16,48265,145.0
994,994,Training,Pump,94.19,54.31,7,69187,454.0
995,995,Training,Pump,80.45,78.61,15,71753,164.0
996,996,Training,Coil Oven,14.65,74.36,10,71333,271.0
997,997,Training,Pump,20.19,52.75,8,78924,440.0
998,998,Training,Gauge Machine,56.86,87.18,8,44274,218.0
999,999,Training,Pressure Cutter,78.45,93.59,16,47580,263.0
1000,1000,Training,Coil Oven,83.66,49.48,14,66462,467.0
1001,1001,Training,Gauge Machine,34.17,63.4,2,31050,173.0
1002,1002,Training,Pressure Cutter,56.97,73.62,2,76028,311.0
1003,1003,Training,Gauge Machine,94.82,79.14,13,30286,413.0
1004,1004,Training,Pump,72.31,46.93,12,38024,376.0
1005,1005,Training,Gauge Machine,59.87,90.94,4,24912,579.0
1006,1006,Training,Pressure Cutter,28.38,41.4,13,24978,295.0
1007,1007,Training,Coil Oven,90.01,37.66,6,61751,573.0
1008,1008,Training,Pump,99.36,69.04,6,57954,94.0
1009,1009,Training,Pump,41.67,89.71,5,75446,342.0
1010,1010,Training,Pressure Cutter,40.9,35.65,11,70028,154.0
1011,1011,Training,Gauge Machine,27.56,35.29,4,37875,554.0
1012,1012,Training,Pressure Cutter,26.35,52.19,14,75196,562.0
1013,1013,Training,Coil Oven,47.49,85.32,16,78887,311.0
1014,1014,Training,Coil Oven,29.4,39.24,1,66723,483.0
1015,1015,Training,Extruder,61.14,39.61,5,34170,108.0
1016,1016,Training,Extruder,7.86,64.45,11,57439,250.0
1017,1017,Training,Extruder,93.15,53.85,14,31494,288.0
1018,1018,Training,Extruder,14.52,80.17,9,72767,361.0
1019,1019,Training,Gauge Machine,20.24,79.07,13,43640,187.0
1020,1020,Training,Extruder,51.66,48.07,5,62214,448.0
1021,1021,Training,Pump,20.4,51.89,3,27976,406.0
1022,1022,Training,Gauge Machine,55.43,79.6,9,53478,53.0
1023,1023,Training,Gauge Machine,57.18,88.6,12,58163,150.0
1024,1024,Training,Pressure Cutter,90.27,59.39,15,76315,301.0
1025,1025,Training,Pump,96.5,88.24,12,43477,548.0
1026,1026,Training,Coil Oven,61.04,87.64,7,78121,163.0
1027,1027,Training,Gauge Machine,46.0,84.69,15,68597,248.0
1028,1028,Training,Pump,55.06,75.75,9,64643,502.0
1029,1029,Training,Pressure Cutter,61.06,35.24,16,42162,303.0
1030,1030,Training,Pump,15.96,93.39,7,77756,485.0
1031,1031,Training,Coil Oven,65.57,39.51,16,37978,445.0
1032,1032,Training,Pressure Cutter,7.93,53.19,12,73873,336.0
1033,1033,Training,Pressure Cutter,56.03,45.38,3,30675,150.0
1034,1034,Training,Gauge Machine,87.61,83.18,7,67493,231.0
1035,1035,Training,Pump,43.39,45.33,11,27112,229.0
1036,1036,Training,Extruder,51.96,80.48,12,48531,106.0
1037,1037,Training,Pressure Cutter,40.88,76.56,9,66711,397.0
1038,1038,Training,Extruder,72.88,68.13,4,51375,458.0
1039,1039,Training,Pressure Cutter,41.22,54.35,7,52343,259.0
1040,1040,Training,Pump,70.15,49.59,3,60801,226.0
1041,1041,Training,Coil Oven,55.06,41.2,12,74437,93.0
1042,1042,Training,Pump,36.48,59.05,9,36643,381.0
1043,1043,Training,Pressure Cutter,14.29,48.1,4,36011,242.0
1044,1044,Training,Coil Oven,42.2,37.53,7,33194,462.0
1045,1045,Training,Coil Oven,21.37,73.16,10,66375,305.0
1046,1046,Training,Coil Oven,82.99,63.42,11,54939,124.0
1047,1047,Training,Pump,45.71,42.51,2,54583,522.0
1048,1048,Training,Coil Oven,63.44,88.31,5,71900,534.0
1049,1049,Training,Pump,91.04,75.88,3,40416,144.0
1050,1050,Training,Gauge Machine,8.4,63.02,14,57723,188.0
1051,1051,Training,Gauge Machine,94.49,36.19,15,29270,450.0
1052,1052,Training,Gauge Machine,7.06,43.13,5,37458,475.0
1053,1053,Training,Extruder,42.71,94.65,10,60634,488.0
1054,1054,Training,Pressure Cutter,38.47,60.2,13,32184,350.0
1055,1055,Training,Extruder,51.57,41.35,6,25532,134.0
1056,1056,Training,Gauge Machine,61.08,89.11,8,46014,488.0
1057,1057,Training,Gauge Machine,35.24,91.61,8,67826,420.0
1058,1058,Training,Gauge Machine,5.43,71.12,8,72114,180.0
1059,1059,Training,Pressure Cutter,33.6,80.97,6,52104,510.0
1060,1060,Training,Pressure Cutter,41.55,51.25,14,24896,415.0
1061,1061,Training,Coil Oven,34.61,64.16,15,23990,261.0
1062,1062,Training,Extruder,70.25,69.48,6,53457,399.0
1063,1063,Training,Extruder,59.95,47.81,2,28868,495.0
1064,1064,Training,Coil Oven,30.01,65.83,12,61403,324.0
1065,1065,Training,Gauge Machine,42.86,90.56,8,69969,443.0
1066,1066,Training,Gauge Machine,16.15,40.17,14,30407,270.0
1067,1067,Training,Gauge Machine,58.41,85.78,3,32800,474.0
1068,1068,Training,Extruder,72.72,81.56,14,45170,128.0
1069,1069,Training,Pump,86.04,39.12,7,77119,542.0
1070,1070,Training,Pump,84.99,92.84,2,35056,511.0
1071,1071,Training,Pressure Cutter,83.28,47.33,7,35842,171.0
1072,1072,Training,Gauge Machine,94.56,71.92,16,23093,466.0
1073,1073,Training,Extruder,45.12,88.98,11,29476,527.0
1074,1074,Training,Pressure Cutter,5.35,69.6,11,27550,218.0
1075,1075,Training,Coil Oven,33.97,46.7,8,29394,390.0
1076,1076,Training,Extruder,47.96,47.64,10,58060,404.0
1077,1077,Training,Extruder,43.7,66.77,9,36754,419.0
1078,1078,Training,Gauge Machine,17.29,38.16,9,52064,154.0
1079,1079,Training,Gauge Machine,91.64,91.85,9,28296,440.0
1080,1080,Training,Coil Oven,41.1,73.92,2,72544,78.0
1081,1081,Training,Pump,67.1,81.56,9,73556,558.0
1082,1082,Training,Pump,53.24,92.49,10,25482,338.0
1083,1083,Training,Pump,73.77,83.04,14,78629,430.0
1084,1084,Training,Gauge Machine,78.92,69.5,3,32326,154.0
1085,1085,Training,Pump,29.12,35.01,13,43030,84.0
1086,1086,Training,Extruder,7.26,50.04,8,35629,268.0
1087,1087,Training,Coil Oven,40.36,56.75,17,69228,282.0
1088,1088,Training,Coil Oven,31.94,79.23,16,55153,557.0
1089,1089,Training,Pump,55.0,42.05,17,45206,428.0
1090,1090,Training,Coil Oven,57.0,62.03,12,49494,343.0
1091,1091,Training,Pump,91.55,63.07,11,59945,469.0
1092,1092,Training,Extruder,16.3,52.63,7,49457,300.0
1093,1093,Training,Gauge Machine,63.94,77.88,5,25431,135.0
1094,1094,Training,Pressure Cutter,43.34,65.59,14,41788,335.0
1095,1095,Training,Extruder,14.34,85.59,2,60114,492.0
1096,1096,Training,Coil Oven,62.93,43.65,11,24421,394.0
1097,1097,Training,Gauge Machine,15.46,59.06,9,77711,86.0
1098,1098,Training,Pressure Cutter,90.76,38.44,7,28411,272.0
1099,1099,Training,Coil Oven,52.51,94.66,13,76872,324.0
1100,1100,Training,Extruder,62.62,63.37,10,57542,140.0
1101,1101,Training,Coil Oven,55.33,68.88,10,50876,539.0
1102,1102,Training,Coil Oven,47.84,76.46,5,51956,428.0
1103,1103,Training,Coil Oven,73.6,62.08,13,58593,155.0
1104,1104,Training,Gauge Machine,44.67,70.15,3,62384,468.0
1105,1105,Training,Pressure Cutter,88.71,56.8,7,54272,192.0
1106,1106,Training,Extruder,57.81,77.13,5,53900,347.0
1107,1107,Training,Gauge Machine,77.67,37.4,1,34705,331.0
1108,1108,Training,Pump,27.86,78.16,7,35999,318.0
1109,1109,Training,Gauge Machine,25.77,80.3,4,48844,356.0
1110,1110,Training,Pressure Cutter,78.57,68.92,4,59881,316.0
1111,1111,Training,Pump,24.31,55.31,5,23388,467.0
1112,1112,Training,Gauge Machine,27.83,73.73,14,37774,229.0
1113,1113,Training,Pressure Cutter,92.31,40.79,15,24871,230.0
1114,1114,Training,Extruder,40.63,86.0,4,27594,196.0
1115,1115,Training,Pump,84.83,60.48,15,23862,281.0
1116,1116,Training,Coil Oven,37.61,59.05,6,42729,281.0
1117,1117,Training,Coil Oven,32.12,54.9,17,38774,131.0
1118,1118,Training,Gauge Machine,68.19,55.82,16,77831,323.0
1119,1119,Training,Gauge Machine,96.13,38.15,10,74797,344.0
1120,1120,Training,Pressure Cutter,90.23,63.69,15,30971,263.0
1121,1121,Training,Pump,10.11,94.79,16,49166,163.0
1122,1122,Training,Coil Oven,65.44,65.08,3,24081,73.0
1123,1123,Training,Gauge Machine,14.44,87.13,5,68922,270.0
1124,1124,Training,Gauge Machine,72.45,77.75,8,62603,465.0
1125,1125,Training,Extruder,39.26,82.85,5,64252,81.0
1126,1126,Training,Extruder,75.12,59.73,8,43850,393.0
1127,1127,Training,Pump,85.0,66.33,2,34457,486.0
1128,1128,Training,Pressure Cutter,96.44,36.27,12,25104,97.0
1129,1129,Training,Pressure Cutter,78.53,88.09,2,34516,267.0
1130,1130,Training,Coil Oven,53.68,77.26,5,23743,453.0
1131,1131,Training,Gauge Machine,76.37,78.15,15,24326,472.0
1132,1132,Training,Extruder,34.8,56.11,5,25196,229.0
1133,1133,Training,Coil Oven,71.24,67.85,10,67834,105.0
1134,1134,Training,Pressure Cutter,61.03,52.2,11,44399,326.0
1135,1135,Training,Pressure Cutter,77.51,60.81,3,50049,569.0
1136,1136,Training,Gauge Machine,17.01,94.86,9,33206,80.0
1137,1137,Training,Gauge Machine,7.49,62.65,10,49996,141.0
1138,1138,Training,Extruder,91.34,44.11,17,62607,509.0
1139,1139,Training,Pump,99.6,82.98,6,71504,175.0
1140,1140,Training,Extruder,37.02,41.37,3,76072,581.0
1141,1141,Training,Pressure Cutter,9.79,88.95,5,62374,183.0
1142,1142,Training,Gauge Machine,30.52,84.78,4,72000,328.0
1143,1143,Training,Coil Oven,38.87,44.17,17,72000,374.0
1144,1144,Training,Gauge Machine,58.9,92.15,14,41305,149.0
1145,1145,Training,Gauge Machine,55.24,94.45,11,23080,563.0
1146,1146,Training,Extruder,13.52,94.41,10,41657,281.0
1147,1147,Training,Pressure Cutter,34.21,76.26,10,51507,66.0
1148,1148,Training,Pressure Cutter,75.08,91.97,14,35807,122.0
1149,1149,Training,Coil Oven,9.52,56.76,17,45053,342.0
1150,1150,Training,Pressure Cutter,65.04,60.43,11,50590,209.0
1151,1151,Training,Gauge Machine,70.71,44.46,4,25209,50.0
1152,1152,Training,Gauge Machine,51.49,70.32,9,53967,541.0
1153,1153,Training,Gauge Machine,20.81,83.18,13,79645,325.0
1154,1154,Training,Pressure Cutter,36.62,88.29,8,29734,94.0
1155,1155,Training,Pressure Cutter,98.34,38.95,2,33868,170.0
1156,1156,Training,Pump,15.74,75.61,10,36837,276.0
1157,1157,Training,Extruder,83.13,85.22,11,27193,499.0
1158,1158,Training,Pump,70.45,53.9,11,59500,342.0
1159,1159,Training,Coil Oven,70.2,94.1,9,45004,194.0
1160,1160,Training,Pressure Cutter,51.38,67.57,1,59745,77.0
1161,1161,Training,Coil Oven,93.54,62.4,13,61592,339.0
1162,1162,Training,Coil Oven,43.95,94.38,15,71111,82.0
1163,1163,Training,Pressure Cutter,50.23,55.67,5,38972,528.0
1164,1164,Training,Pump,29.96,55.48,10,35792,168.0
1165,1165,Training,Extruder,31.75,72.37,15,63024,464.0
1166,1166,Training,Pressure Cutter,33.28,40.47,7,50383,568.0
1167,1167,Training,Extruder,36.56,61.93,4,78427,103.0
1168,1168,Training,Pressure Cutter,57.15,50.9,7,54721,557.0
1169,1169,Training,Pump,62.77,77.43,7,25407,120.0
1170,1170,Training,Coil Oven,53.2,71.69,6,28853,304.0
1171,1171,Training,Extruder,97.76,84.3,5,67588,491.0
1172,1172,Training,Extruder,55.3,40.8,8,45532,243.0
1173,1173,Training,Extruder,50.89,52.79,1,46110,514.0
1174,1174,Training,Pump,33.04,92.2,5,31526,418.0
1175,1175,Training,Pump,10.5,56.24,5,46128,447.0
1176,1176,Training,Extruder,99.95,42.12,6,79776,486.0
1177,1177,Training,Extruder,65.66,45.77,6,52989,465.0
1178,1178,Training,Pressure Cutter,59.44,49.02,8,64255,99.0
1179,1179,Training,Coil Oven,26.37,57.2,8,73407,195.0
1180,1180,Training,Extruder,8.54,61.67,2,70414,305.0
1181,1181,Training,Coil Oven,20.09,42.58,12,67572,570.0
1182,1182,Training,Pressure Cutter,56.37,66.26,8,45959,405.0
1183,1183,Training,Gauge Machine,26.19,80.66,1,56746,463.0
1184,1184,Training,Coil Oven,99.53,55.82,14,46437,495.0
1185,1185,Training,Pressure Cutter,87.81,42.68,7,59680,536.0
1186,1186,Training,Pressure Cutter,74.99,73.57,11,68921,431.0
1187,1187,Training,Pump,45.45,56.93,12,77712,425.0
1188,1188,Training,Pump,67.18,74.85,15,48826,248.0
1189,1189,Training,Pressure Cutter,91.1,53.14,17,42594,119.0
1190,1190,Training,Extruder,28.92,61.34,4,38185,57.0
1191,1191,Training,Pressure Cutter,37.19,66.22,5,45126,303.0
1192,1192,Training,Coil Oven,77.44,77.06,15,67219,197.0
1193,1193,Training,Pump,72.42,83.85,11,42056,329.0
1194,1194,Training,Gauge Machine,97.24,43.15,11,46561,548.0
1195,1195,Training,Extruder,84.96,51.11,10,70791,499.0
1196,1196,Training,Gauge Machine,95.2,93.17,5,64904,570.0
1197,1197,Training,Coil Oven,95.5,51.8,3,63754,536.0
1198,1198,Training,Pressure Cutter,11.0,42.29,6,41955,556.0
1199,1199,Training,Pump,36.18,48.68,10,38477,559.0
1200,1200,Training,Pump,27.57,59.15,13,45064,413.0
1201,1201,Training,Extruder,29.42,41.46,12,58569,250.0
1202,1202,Training,Gauge Machine,57.81,84.06,16,57374,109.0
1203,1203,Training,Gauge Machine,58.24,79.23,16,47001,164.0
1204,1204,Training,Extruder,81.45,85.97,10,35679,546.0
1205,1205,Training,Pressure Cutter,31.02,49.38,4,55614,499.0
1206,1206,Training,Extruder,87.65,67.89,1,53445,435.0
1207,1207,Training,Gauge Machine,59.73,76.57,4,66962,82.0
1208,1208,Training,Gauge Machine,94.17,56.91,17,46331,320.0
1209,1209,Training,Extruder,32.71,51.43,9,53939,410.0
1210,1210,Training,Extruder,31.68,71.1,2,71061,218.0
1211,1211,Training,Gauge Machine,51.77,84.64,3,60355,119.0
1212,1212,Training,Coil Oven,78.39,59.77,9,76636,527.0
1213,1213,Training,Extruder,87.28,54.37,17,45062,431.0
1214,1214,Training,Pump,12.28,67.31,10,38071,191.0
1215,1215,Training,Pump,72.03,43.65,7,48379,459.0
1216,1216,Training,Gauge Machine,23.61,64.74,11,42836,275.0
1217,1217,Training,Gauge Machine,72.72,88.69,10,57202,474.0
1218,1218,Training,Pump,9.26,92.8,8,29982,477.0
1219,1219,Training,Coil Oven,71.0,71.94,10,36620,328.0
1220,1220,Training,Extruder,22.71,69.28,15,50298,513.0
1221,1221,Training,Pressure Cutter,85.05,40.37,16,65471,207.0
1222,1222,Training,Gauge Machine,98.33,71.2,10,75587,391.0
1223,1223,Training,Coil Oven,46.78,72.75,12,78899,269.0
1224,1224,Training,Gauge Machine,93.49,41.02,14,35489,376.0
1225,1225,Training,Pressure Cutter,36.44,85.76,14,64981,458.0
1226,1226,Training,Pressure Cutter,7.42,68.48,4,46725,113.0
1227,1227,Training,Gauge Machine,69.46,38.82,16,45307,77.0
1228,1228,Training,Extruder,77.98,91.79,13,41542,274.0
1229,1229,Training,Pump,29.49,55.15,3,35141,234.0
1230,1230,Training,Pump,6.33,94.72,16,65087,201.0
1231,1231,Training,Pump,20.27,53.01,1,31266,473.0
1232,1232,Training,Pump,62.3,87.84,14,25701,286.0
1233,1233,Training,Pump,85.73,41.7,3,39424,122.0
1234,1234,Training,Pump,54.21,91.45,11,74303,351.0
1235,1235,Training,Pump,37.75,87.79,17,29256,384.0
1236,1236,Training,Extruder,13.52,40.75,5,33690,127.0
1237,1237,Training,Extruder,20.67,47.93,14,38684,249.0
1238,1238,Training,Gauge Machine,12.5,63.19,13,46555,327.0
1239,1239,Training,Extruder,45.23,44.28,1,46328,191.0
1240,1240,Training,Coil Oven,63.29,57.51,1,30983,344.0
1241,1241,Training,Pressure Cutter,20.38,78.97,9,74711,308.0
1242,1242,Training,Coil Oven,33.02,35.95,11,41639,327.0
1243,1243,Training,Pump,73.73,62.72,3,28922,168.0
1244,1244,Training,Pressure Cutter,69.95,40.11,3,74694,393.0
1245,1245,Training,Pump,40.35,75.97,12,44969,290.0
1246,1246,Training,Gauge Machine,67.5,78.91,17,48572,345.0
1247,1247,Training,Pressure Cutter,82.5,60.66,14,42907,116.0
1248,1248,Training,Pump,87.96,62.46,12,76249,81.0
1249,1249,Training,Pressure Cutter,51.14,62.05,11,55847,83.0
1250,1250,Training,Gauge Machine,74.62,52.62,10,71607,497.0
1251,1251,Training,Pump,19.7,73.72,8,73150,386.0
1252,1252,Training,Extruder,15.72,57.69,8,37022,410.0
1253,1253,Training,Extruder,12.78,45.27,4,72943,79.0
1254,1254,Training,Extruder,77.97,62.76,5,30430,401.0
1255,1255,Training,Gauge Machine,54.4,46.0,16,61255,333.0
1256,1256,Training,Extruder,7.52,62.23,12,35084,298.0
1257,1257,Training,Pressure Cutter,69.21,39.61,2,78560,96.0
1258,1258,Training,Coil Oven,18.79,93.39,13,25232,403.0
1259,1259,Training,Pressure Cutter,40.29,80.51,13,73042,558.0
1260,1260,Training,Pressure Cutter,10.93,69.48,2,39544,565.0
1261,1261,Training,Pump,82.59,63.38,6,36016,284.0
1262,1262,Training,Gauge Machine,63.46,93.22,11,71124,169.0
1263,1263,Training,Extruder,58.52,55.86,6,63707,298.0
1264,1264,Training,Gauge Machine,24.95,89.12,7,67708,175.0
1265,1265,Training,Extruder,64.21,43.79,4,66011,114.0
1266,1266,Training,Gauge Machine,55.8,54.05,7,37051,495.0
1267,1267,Training,Extruder,82.72,58.52,6,78453,175.0
1268,1268,Training,Coil Oven,98.8,66.16,3,42641,497.0
1269,1269,Training,Coil Oven,85.88,40.01,17,29858,412.0
1270,1270,Training,Extruder,12.42,59.21,3,58289,113.0
1271,1271,Training,Coil Oven,58.8,75.92,5,37333,422.0
1272,1272,Training,Extruder,76.37,35.86,10,58788,335.0
1273,1273,Training,Pump,53.43,89.85,11,60322,100.0
1274,1274,Training,Extruder,56.65,43.23,10,56446,94.0
1275,1275,Training,Gauge Machine,28.4,54.07,2,38816,322.0
1276,1276,Training,Coil Oven,22.63,89.41,17,74081,426.0
1277,1277,Training,Pressure Cutter,7.93,36.89,11,33568,387.0
1278,1278,Training,Pump,50.12,84.22,13,28359,230.0
1279,1279,Training,Pressure Cutter,52.01,37.95,9,28499,581.0
1280,1280,Training,Pump,62.36,46.12,15,48003,334.0
1281,1281,Training,Pressure Cutter,78.61,86.63,14,73866,393.0
1282,1282,Training,Gauge Machine,73.88,86.92,6,64799,253.0
1283,1283,Training,Pressure Cutter,38.57,92.83,6,44257,96.0
1284,1284,Training,Extruder,5.79,45.92,7,36997,530.0
1285,1285,Training,Pump,21.54,70.08,11,69262,153.0
1286,1286,Training,Extruder,90.46,65.6,17,69416,112.0
1287,1287,Training,Coil Oven,69.36,87.7,7,62320,234.0
1288,1288,Training,Pump,64.77,81.78,6,47218,87.0
1289,1289,Training,Extruder,68.97,48.58,3,51558,284.0
1290,1290,Training,Gauge Machine,51.55,69.05,16,30967,293.0
1291,1291,Training,Extruder,14.02,67.12,15,73939,284.0
1292,1292,Training,Coil Oven,73.18,48.86,2,68798,387.0
1293,1293,Training,Coil Oven,59.94,52.7,10,77560,516.0
1294,1294,Training,Pressure Cutter,29.94,91.73,3,69665,503.0
1295,1295,Training,Pump,54.91,73.22,10,52732,87.0
1296,1296,Training,Pressure Cutter,62.79,54.4,6,23424,285.0
1297,1297,Training,Coil Oven,90.44,70.43,9,54693,509.0
1298,1298,Training,Pump,82.88,70.97,13,79384,514.0
1299,1299,Training,Pressure Cutter,16.75,59.37,7,39258,574.0
1300,1300,Training,Gauge Machine,45.61,88.97,9,48025,148.0
1301,1301,Training,Extruder,66.59,36.78,10,31096,344.0
1302,1302,Training,Pressure Cutter,87.96,79.38,4,50715,289.0
1303,1303,Training,Pressure Cutter,28.75,62.77,15,34223,70.0
1304,1304,Training,Gauge Machine,86.73,42.33,9,70572,256.0
1305,1305,Training,Gauge Machine,98.79,55.94,9,71555,462.0
1306,1306,Training,Pump,5.9,43.73,2,46798,380.0
1307,1307,Training,Pump,97.61,45.96,15,60869,353.0
1308,1308,Training,Extruder,80.9,47.34,6,31527,527.0
1309,1309,Training,Pump,75.88,59.35,4,75342,553.0
1310,1310,Training,Gauge Machine,58.76,41.05,4,51592,473.0
1311,1311,Training,Pump,81.89,74.46,17,78489,370.0
1312,1312,Training,Extruder,33.18,52.84,3,58496,293.0
1313,1313,Training,Pressure Cutter,19.54,80.59,15,67986,330.0
1314,1314,Training,Pump,79.44,87.27,15,38254,410.0
1315,1315,Training,Gauge Machine,38.56,36.08,10,41500,137.0
1316,1316,Training,Extruder,60.5,88.22,9,35997,232.0
1317,1317,Training,Coil Oven,86.41,89.0,10,38328,472.0
1318,1318,Training,Extruder,94.77,47.04,4,32468,142.0
1319,1319,Training,Extruder,7.6,94.32,3,67777,162.0
1320,1320,Training,Gauge Machine,8.02,85.68,1,68301,439.0
1321,1321,Training,Pump,41.69,54.49,14,36062,463.0
1322,1322,Training,Extruder,38.6,42.8,6,41425,174.0
1323,1323,Training,Pump,20.66,53.13,11,57565,135.0
1324,1324,Training,Pressure Cutter,31.78,89.29,1,63441,383.0
1325,1325,Training,Gauge Machine,79.84,50.84,15,36581,358.0
1326,1326,Training,Gauge Machine,76.14,78.16,5,66447,333.0
1327,1327,Training,Coil Oven,98.68,93.35,3,24129,257.0
1328,1328,Training,Coil Oven,15.21,39.73,9,46462,145.0
1329,1329,Training,Pump,68.77,53.04,7,57885,256.0
1330,1330,Training,Gauge Machine,45.88,48.81,3,35505,450.0
1331,1331,Training,Coil Oven,79.73,38.94,4,49724,351.0
1332,1332,Training,Pump,31.15,51.64,13,74246,543.0
1333,1333,Training,Pressure Cutter,19.31,65.4,7,45894,183.0
1334,1334,Training,Coil Oven,30.63,89.32,13,66018,503.0
1335,1335,Training,Pump,43.08,38.83,17,46226,250.0
1336,1336,Training,Gauge Machine,6.94,51.79,3,34076,483.0
1337,1337,Training,Gauge Machine,14.9,77.12,9,59730,479.0
1338,1338,Training,Coil Oven,17.66,38.79,7,32703,385.0
1339,1339,Training,Coil Oven,14.09,68.01,10,28037,396.0
1340,1340,Training,Pressure Cutter,91.85,74.76,14,47585,101.0
1341,1341,Training,Extruder,36.74,55.58,1,37328,216.0
1342,1342,Training,Extruder,66.31,85.92,7,36878,405.0
1343,1343,Training,Extruder,68.9,79.36,11,33098,180.0
1344,1344,Training,Extruder,75.46,87.75,1,69517,539.0
1345,1345,Training,Pump,39.56,89.37,8,64359,149.0
1346,1346,Training,Pump,33.38,77.04,10,55586,259.0
1347,1347,Training,Pressure Cutter,35.8,78.05,16,26810,266.0
1348,1348,Training,Extruder,32.15,73.75,1,43353,252.0
1349,1349,Training,Gauge Machine,93.47,62.47,14,23822,160.0
1350,1350,Training,Pressure Cutter,43.16,78.74,5,58886,507.0
1351,1351,Training,Gauge Machine,64.02,50.33,8,61767,212.0
1352,1352,Training,Pump,81.18,37.53,16,66291,171.0
1353,1353,Training,Extruder,27.39,68.12,14,69195,373.0
1354,1354,Training,Pressure Cutter,61.64,91.84,7,46699,212.0
1355,1355,Training,Gauge Machine,61.12,47.91,6,34492,276.0
1356,1356,Training,Pump,68.51,57.31,2,26881,577.0
1357,1357,Training,Pump,59.16,67.72,14,28089,561.0
1358,1358,Training,Coil Oven,52.94,48.78,4,66030,488.0
1359,1359,Training,Pump,29.12,89.03,10,58935,560.0
1360,1360,Training,Pressure Cutter,29.14,85.71,15,23766,539.0
1361,1361,Training,Gauge Machine,23.81,42.05,2,33026,381.0
1362,1362,Training,Pump,62.3,67.84,9,36687,213.0
1363,1363,Training,Pump,98.03,77.9,15,75449,309.0
1364,1364,Training,Extruder,10.51,55.44,14,28177,303.0
1365,1365,Training,Pump,15.11,90.61,13,39470,201.0
1366,1366,Training,Gauge Machine,70.59,83.56,9,31695,163.0
1367,1367,Training,Pressure Cutter,36.26,86.96,17,69921,266.0
1368,1368,Training,Extruder,97.43,64.03,6,77903,330.0
1369,1369,Training,Coil Oven,24.24,82.2,7,65528,433.0
1370,1370,Training,Gauge Machine,10.81,73.89,3,45475,484.0
1371,1371,Training,Coil Oven,17.2,80.76,15,75629,84.0
1372,1372,Training,Pressure Cutter,5.34,73.48,2,45100,543.0
1373,1373,Training,Gauge Machine,68.86,76.43,15,31778,429.0
1374,1374,Training,Pressure Cutter,59.22,68.01,1,46683,310.0
1375,1375,Training,Extruder,15.04,83.55,10,71162,84.0
1376,1376,Training,Gauge Machine,34.2,68.48,6,36219,362.0
1377,1377,Training,Pump,93.61,35.92,9,46316,213.0
1378,1378,Training,Extruder,44.88,57.23,10,77262,462.0
1379,1379,Training,Extruder,16.78,40.24,5,27946,275.0
1380,1380,Training,Gauge Machine,21.01,79.43,14,26858,419.0
1381,1381,Training,Extruder,68.86,89.8,2,52454,533.0
1382,1382,Training,Extruder,24.25,45.31,5,44491,313.0
1383,1383,Training,Gauge Machine,71.71,52.98,8,69212,225.0
1384,1384,Training,Extruder,63.31,67.43,3,67834,537.0
1385,1385,Training,Coil Oven,62.98,70.14,12,59482,139.0
1386,1386,Training,Extruder,46.11,54.0,15,42326,286.0
1387,1387,Training,Coil Oven,99.98,51.28,10,36267,149.0
1388,1388,Training,Extruder,68.02,36.15,13,41408,489.0
1389,1389,Training,Pump,89.83,66.64,11,51954,563.0
1390,1390,Training,Coil Oven,71.17,67.09,6,49750,121.0
1391,1391,Training,Extruder,22.57,81.27,12,57679,470.0
1392,1392,Training,Pump,38.25,92.84,3,26162,201.0
1393,1393,Training,Coil Oven,81.24,80.71,5,75916,315.0
1394,1394,Training,Coil Oven,93.06,72.55,12,35392,153.0
1395,1395,Training,Gauge Machine,62.55,45.48,16,65091,413.0
1396,1396,Training,Coil Oven,53.46,53.89,3,42290,575.0
1397,1397,Training,Coil Oven,60.36,70.83,10,65461,219.0
1398,1398,Training,Pressure Cutter,49.23,40.79,7,57352,229.0
1399,1399,Training,Pump,10.88,87.72,2,59489,180.0
1400,1400,Training,Pressure Cutter,54.51,81.58,14,78443,328.0
1401,1401,Training,Gauge Machine,82.96,85.77,4,62872,295.0
1402,1402,Training,Gauge Machine,10.94,38.15,8,66678,546.0
1403,1403,Training,Pressure Cutter,14.83,38.39,15,59081,505.0
1404,1404,Training,Pressure Cutter,38.54,65.08,6,42939,187.0
1405,1405,Training,Pump,19.73,84.59,15,26833,372.0
1406,1406,Training,Coil Oven,13.04,87.29,12,51574,156.0
1407,1407,Training,Coil Oven,5.24,62.04,7,34545,403.0
1408,1408,Training,Gauge Machine,24.59,47.67,12,52679,416.0
1409,1409,Training,Gauge Machine,20.72,71.24,14,73435,83.0
1410,1410,Training,Coil Oven,35.6,78.21,10,60684,551.0
1411,1411,Training,Pressure Cutter,93.51,52.73,5,54454,289.0
1412,1412,Training,Extruder,30.59,38.32,7,63765,447.0
1413,1413,Training,Pressure Cutter,11.41,77.47,11,69724,564.0
1414,1414,Training,Pressure Cutter,69.39,68.24,6,46549,152.0
1415,1415,Training,Coil Oven,17.17,62.92,10,62132,499.0
1416,1416,Training,Pressure Cutter,81.77,54.98,6,47739,170.0
1417,1417,Training,Pressure Cutter,11.97,38.63,6,30639,236.0
1418,1418,Training,Gauge Machine,81.32,76.55,9,30809,286.0
1419,1419,Training,Coil Oven,70.68,59.95,9,48234,163.0
1420,1420,Training,Pressure Cutter,83.22,60.18,1,44444,518.0
1421,1421,Training,Coil Oven,51.24,70.94,10,47338,509.0
1422,1422,Training,Pressure Cutter,64.98,38.22,12,24270,381.0
1423,1423,Training,Extruder,67.9,45.17,2,75142,497.0
1424,1424,Training,Coil Oven,82.02,40.83,12,62533,439.0
1425,1425,Training,Extruder,34.86,55.87,15,46312,338.0
1426,1426,Training,Pump,19.71,53.51,8,71226,279.0
1427,1427,Training,Extruder,64.56,60.44,9,29953,348.0
1428,1428,Training,Extruder,84.82,85.51,14,69868,57.0
1429,1429,Training,Pressure Cutter,43.64,39.24,14,38534,185.0
1430,1430,Training,Coil Oven,28.35,86.25,16,27642,106.0
1431,1431,Training,Pressure Cutter,95.28,61.03,3,52475,353.0
1432,1432,Training,Gauge Machine,69.96,58.43,2,77494,141.0
1433,1433,Training,Coil Oven,51.83,84.53,4,68035,367.0
1434,1434,Training,Extruder,88.48,83.06,2,42250,371.0
1435,1435,Training,Pump,67.08,45.28,2,34670,160.0
1436,1436,Training,Coil Oven,23.99,40.48,4,45822,131.0
1437,1437,Training,Pump,97.07,60.92,10,67858,492.0
1438,1438,Training,Extruder,64.17,64.55,7,25476,492.0
1439,1439,Training,Coil Oven,37.34,50.85,2,71435,572.0
1440,1440,Training,Coil Oven,90.41,58.84,9,41242,291.0
1441,1441,Training,Coil Oven,51.45,90.2,3,75681,94.0
1442,1442,Training,Pressure Cutter,21.15,62.74,5,41378,220.0
1443,1443,Training,Pump,77.89,55.91,16,31613,554.0
1444,1444,Training,Extruder,83.23,75.05,11,77439,253.0
1445,1445,Training,Pressure Cutter,26.93,70.16,9,36178,532.0
1446,1446,Training,Pressure Cutter,23.17,57.02,8,36042,392.0
1447,1447,Training,Extruder,12.02,59.52,13,58399,91.0
1448,1448,Training,Pressure Cutter,56.3,43.85,11,47283,154.0
1449,1449,Training,Gauge Machine,13.89,83.92,4,69693,332.0
1450,1450,Training,Extruder,97.9,50.62,9,40750,119.0
1451,1451,Training,Pressure Cutter,76.74,53.15,17,36362,239.0
1452,1452,Training,Pump,29.36,56.65,9,54498,553.0
1453,1453,Training,Pressure Cutter,49.75,56.53,16,54713,585.0
1454,1454,Training,Gauge Machine,91.14,37.87,7,39664,260.0
1455,1455,Training,Pressure Cutter,95.38,51.76,8,27441,484.0
1456,1456,Training,Coil Oven,51.37,55.91,4,32137,137.0
1457,1457,Training,Pressure Cutter,44.42,73.22,16,66652,253.0
1458,1458,Training,Pump,11.52,41.19,5,57181,147.0
1459,1459,Training,Pump,20.04,90.86,3,51535,360.0
1460,1460,Training,Coil Oven,22.78,79.11,12,79813,500.0
1461,1461,Training,Coil Oven,99.86,56.35,7,34508,123.0
1462,1462,Training,Gauge Machine,8.05,60.93,2,28281,234.0
1463,1463,Training,Extruder,90.86,41.33,10,73005,497.0
1464,1464,Training,Pressure Cutter,6.42,69.64,7,47377,143.0
1465,1465,Training,Coil Oven,56.56,53.52,8,23627,296.0
1466,1466,Training,Pump,33.25,79.07,7,27094,435.0
1467,1467,Training,Pump,85.95,76.41,3,79714,496.0
1468,1468,Training,Pump,83.07,77.49,6,47832,59.0
1469,1469,Training,Pressure Cutter,45.41,42.99,6,29352,317.0
1470,1470,Training,Pressure Cutter,41.2,91.24,10,35263,87.0
1471,1471,Training,Coil Oven,61.63,49.75,15,69298,207.0
1472,1472,Training,Extruder,21.06,42.46,2,62028,476.0
1473,1473,Training,Pump,98.38,45.9,15,42033,116.0
1474,1474,Training,Coil Oven,96.22,52.98,10,32685,428.0
1475,1475,Training,Extruder,44.27,87.05,9,69258,226.0
1476,1476,Training,Gauge Machine,88.16,40.06,9,45917,95.0
1477,1477,Training,Gauge Machine,36.95,48.01,3,37366,358.0
1478,1478,Training,Gauge Machine,35.48,65.67,10,52379,417.0
1479,1479,Training,Pressure Cutter,72.3,40.15,15,58342,357.0
1480,1480,Training,Pressure Cutter,91.02,89.92,10,74572,554.0
1481,1481,Training,Gauge Machine,13.14,57.24,4,33378,471.0
1482,1482,Training,Gauge Machine,81.15,38.73,16,45654,301.0
1483,1483,Training,Gauge Machine,90.6,54.4,7,28561,197.0
1484,1484,Training,Coil Oven,87.39,51.94,3,29223,263.0
1485,1485,Training,Gauge Machine,95.87,40.19,15,49814,448.0
1486,1486,Training,Pump,31.72,64.47,10,72116,408.0
1487,1487,Training,Coil Oven,73.2,42.14,4,78913,174.0
1488,1488,Training,Coil Oven,79.58,62.08,12,24509,149.0
1489,1489,Training,Extruder,38.93,81.41,6,40294,526.0
1490,1490,Training,Gauge Machine,73.97,82.99,2,43207,290.0
1491,1491,Training,Coil Oven,84.37,55.46,13,55999,142.0
1492,1492,Training,Pump,95.13,92.51,7,31269,444.0
1493,1493,Training,Pressure Cutter,27.28,69.02,9,28133,250.0
1494,1494,Training,Pump,19.58,63.18,2,59142,376.0
1495,1495,Training,Pressure Cutter,77.98,45.37,4,35262,433.0
1496,1496,Training,Extruder,77.25,61.44,6,74492,460.0
1497,1497,Training,Pump,74.35,46.26,8,71633,316.0
1498,1498,Training,Gauge Machine,5.47,86.48,14,50858,341.0
1499,1499,Training,Pump,88.0,88.08,6,38028,517.0
1500,1500,Training,Coil Oven,11.7,77.81,10,44319,255.0
1501,1501,Training,Pressure Cutter,42.1,55.58,11,62047,214.0
1502,1502,Training,Extruder,43.49,94.5,4,61521,263.0
1503,1503,Training,Pump,77.9,87.57,4,59902,116.0
1504,1504,Training,Pressure Cutter,74.53,39.25,9,53046,149.0
1505,1505,Training,Pressure Cutter,33.58,43.03,7,68548,222.0
1506,1506,Training,Gauge Machine,28.71,36.3,10,32376,123.0
1507,1507,Training,Pressure Cutter,79.31,63.6,3,32035,487.0
1508,1508,Training,Coil Oven,61.33,73.2,1,25444,326.0
1509,1509,Training,Extruder,90.96,81.83,7,28798,341.0
1510,1510,Training,Extruder,75.47,55.56,11,33784,430.0
1511,1511,Training,Coil Oven,13.8,73.66,12,44352,371.0
1512,1512,Training,Pressure Cutter,32.87,60.25,14,43378,77.0
1513,1513,Training,Extruder,15.26,36.84,3,57657,154.0
1514,1514,Training,Gauge Machine,67.75,44.73,16,40248,508.0
1515,1515,Training,Gauge Machine,11.21,86.48,5,28179,250.0
1516,1516,Training,Pressure Cutter,15.3,59.57,4,29548,120.0
1517,1517,Training,Gauge Machine,84.21,94.01,16,38266,390.0
1518,1518,Training,Extruder,43.33,48.62,8,29408,458.0
1519,1519,Training,Pump,17.9,56.36,7,70001,434.0
1520,1520,Training,Gauge Machine,83.4,77.04,6,54120,182.0
1521,1521,Training,Pump,84.06,38.0,12,72142,315.0
1522,1522,Training,Gauge Machine,8.75,82.3,15,68200,119.0
1523,1523,Training,Extruder,88.32,50.69,12,62278,303.0
1524,1524,Training,Pressure Cutter,77.5,57.87,14,78356,426.0
1525,1525,Training,Pump,18.03,90.1,5,63453,223.0
1526,1526,Training,Extruder,72.92,50.43,4,34710,551.0
1527,1527,Training,Pressure Cutter,77.73,43.0,16,34900,97.0
1528,1528,Training,Pump,44.92,62.87,16,77392,441.0
1529,1529,Training,Pump,7.24,78.16,10,27846,106.0
1530,1530,Training,Pump,64.63,49.38,8,70674,432.0
1531,1531,Training,Extruder,95.45,92.78,6,23064,530.0
1532,1532,Training,Pump,31.09,44.57,6,41371,382.0
1533,1533,Training,Coil Oven,83.82,39.49,9,51919,66.0
1534,1534,Training,Extruder,21.61,86.55,11,66461,317.0
1535,1535,Training,Pressure Cutter,44.66,53.86,2,37510,52.0
1536,1536,Training,Pump,28.08,74.9,3,60563,483.0
1537,1537,Training,Coil Oven,86.36,41.64,5,73269,67.0
1538,1538,Training,Pressure Cutter,10.35,48.69,17,29772,78.0
1539,1539,Training,Coil Oven,39.07,39.53,16,77923,95.0
1540,1540,Training,Extruder,72.06,40.14,2,63602,259.0
1541,1541,Training,Extruder,87.06,65.43,4,56248,156.0
1542,1542,Training,Extruder,74.32,43.62,2,70753,227.0
1543,1543,Training,Gauge Machine,26.75,75.69,16,47436,90.0
1544,1544,Training,Pump,16.0,64.08,16,79248,535.0
1545,1545,Training,Gauge Machine,26.43,45.33,13,73685,102.0
1546,1546,Training,Pressure Cutter,58.37,69.72,16,27882,555.0
1547,1547,Training,Extruder,29.81,43.62,16,53419,201.0
1548,1548,Training,Extruder,77.73,44.02,4,52552,213.0
1549,1549,Training,Extruder,56.14,68.01,15,62121,443.0
1550,1550,Training,Pressure Cutter,60.13,87.56,10,63360,88.0
1551,1551,Training,Gauge Machine,63.77,65.73,11,66424,268.0
1552,1552,Training,Gauge Machine,23.74,73.34,4,50859,527.0
1553,1553,Training,Extruder,77.06,35.93,6,27357,385.0
1554,1554,Training,Gauge Machine,8.81,59.93,7,61723,79.0
1555,1555,Training,Pump,40.53,36.6,1,55069,505.0
1556,1556,Training,Pump,67.2,83.3,11,28014,93.0
1557,1557,Training,Gauge Machine,64.29,70.03,13,54528,111.0
1558,1558,Training,Coil Oven,70.95,70.93,11,76004,64.0
1559,1559,Training,Extruder,89.83,93.82,7,60049,458.0
1560,1560,Training,Coil Oven,96.0,39.91,12,65681,140.0
1561,1561,Training,Pressure Cutter,73.99,90.14,5,44596,241.0
1562,1562,Training,Extruder,12.47,47.97,5,58333,433.0
1563,1563,Training,Coil Oven,17.51,59.08,12,48546,104.0
1564,1564,Training,Extruder,71.78,67.72,4,37439,222.0
1565,1565,Training,Gauge Machine,47.25,69.36,16,68009,250.0
1566,1566,Training,Extruder,43.49,63.29,16,46436,378.0
1567,1567,Training,Coil Oven,66.54,91.64,8,63802,238.0
1568,1568,Training,Extruder,37.72,49.39,2,46061,247.0
1569,1569,Training,Pump,83.96,73.55,8,54359,341.0
1570,1570,Training,Pump,80.28,59.34,10,41098,337.0
1571,1571,Training,Coil Oven,63.9,76.76,16,71849,538.0
1572,1572,Training,Pump,51.2,80.26,15,25740,466.0
1573,1573,Training,Extruder,21.61,51.77,6,48172,250.0
1574,1574,Training,Extruder,37.14,60.96,6,51927,369.0
1575,1575,Training,Pressure Cutter,26.76,42.69,16,43238,498.0
1576,1576,Training,Extruder,20.79,60.34,9,47008,360.0
1577,1577,Training,Pump,71.46,65.65,2,58712,188.0
1578,1578,Training,Pump,34.39,75.81,10,29959,221.0
1579,1579,Training,Pump,28.73,82.57,8,37580,391.0
1580,1580,Training,Gauge Machine,37.07,88.88,15,29648,457.0
1581,1581,Training,Pressure Cutter,89.52,70.12,8,57656,429.0
1582,1582,Training,Gauge Machine,61.86,49.38,5,68727,210.0
1583,1583,Training,Pressure Cutter,87.41,85.72,6,43515,118.0
1584,1584,Training,Pressure Cutter,35.9,56.32,1,25661,335.0
1585,1585,Training,Gauge Machine,13.23,59.7,6,40038,184.0
1586,1586,Training,Pump,89.01,46.33,11,62702,304.0
1587,1587,Training,Gauge Machine,90.66,41.12,12,25288,168.0
1588,1588,Training,Pressure Cutter,30.43,70.83,5,64993,168.0
1589,1589,Training,Pressure Cutter,45.4,35.36,2,50394,143.0
1590,1590,Training,Coil Oven,70.53,94.08,17,72132,371.0
1591,1591,Training,Gauge Machine,44.2,48.41,2,43248,518.0
1592,1592,Training,Pressure Cutter,21.72,35.68,16,48593,490.0
1593,1593,Training,Pressure Cutter,78.86,62.55,6,45945,573.0
1594,1594,Training,Gauge Machine,25.94,50.86,10,37311,549.0
1595,1595,Training,Coil Oven,62.55,94.88,15,44552,580.0
1596,1596,Training,Pressure Cutter,19.26,39.45,14,39320,311.0
1597,1597,Training,Coil Oven,41.74,90.59,14,24748,390.0
1598,1598,Training,Gauge Machine,57.81,48.52,6,52640,530.0
1599,1599,Training,Pressure Cutter,83.16,48.16,8,32859,308.0
1600,1600,Training,Pressure Cutter,97.34,44.19,5,52557,245.0
1601,1601,Training,Pressure Cutter,74.7,93.63,3,32480,470.0
1602,1602,Training,Extruder,6.16,59.64,17,46680,77.0
1603,1603,Training,Pump,39.22,80.91,7,33009,366.0
1604,1604,Training,Extruder,80.64,88.64,10,60309,498.0
1605,1605,Training,Pump,18.18,85.48,14,71036,213.0
1606,1606,Training,Coil Oven,78.72,38.92,6,69832,254.0
1607,1607,Training,Gauge Machine,73.43,35.06,14,24628,453.0
1608,1608,Training,Gauge Machine,76.09,40.6,7,51678,406.0
1609,1609,Training,Pressure Cutter,5.24,68.66,7,59274,365.0
1610,1610,Training,Pump,40.34,50.58,15,63948,354.0
1611,1611,Training,Pressure Cutter,57.82,53.93,13,51894,508.0
1612,1612,Training,Extruder,26.44,75.23,8,56321,228.0
1613,1613,Training,Extruder,12.29,82.06,6,48000,370.0
1614,1614,Training,Coil Oven,65.4,67.07,5,42894,363.0
1615,1615,Training,Pressure Cutter,31.7,61.53,8,70817,300.0
1616,1616,Training,Pressure Cutter,52.96,55.69,7,68346,339.0
1617,1617,Training,Pressure Cutter,77.53,91.03,12,38190,468.0
1618,1618,Training,Extruder,78.42,44.08,9,35397,470.0
1619,1619,Training,Coil Oven,66.51,43.68,5,45874,432.0
1620,1620,Training,Coil Oven,30.49,50.56,15,71290,330.0
1621,1621,Training,Gauge Machine,54.26,91.5,4,47889,274.0
1622,1622,Training,Pressure Cutter,19.26,90.96,14,65349,456.0
1623,1623,Training,Extruder,34.42,79.41,4,52366,440.0
1624,1624,Training,Gauge Machine,11.11,91.13,16,46143,470.0
1625,1625,Training,Extruder,57.01,39.32,16,45628,555.0
1626,1626,Training,Extruder,39.66,79.22,12,36091,208.0
1627,1627,Training,Pressure Cutter,20.89,69.42,1,36319,502.0
1628,1628,Training,Pressure Cutter,24.79,70.61,4,44873,228.0
1629,1629,Training,Pump,28.22,44.65,10,66479,456.0
1630,1630,Training,Pressure Cutter,12.49,52.96,14,40034,85.0
1631,1631,Training,Pump,95.42,70.49,14,55643,295.0
1632,1632,Training,Pump,64.09,85.59,12,40339,223.0
1633,1633,Training,Coil Oven,86.54,39.77,6,46340,124.0
1634,1634,Training,Pressure Cutter,12.92,65.07,5,37677,301.0
1635,1635,Training,Gauge Machine,28.39,76.83,16,31359,140.0
1636,1636,Training,Pressure Cutter,16.46,35.87,9,33377,495.0
1637,1637,Training,Pump,89.48,37.57,8,67974,567.0
1638,1638,Training,Pressure Cutter,40.47,57.96,6,27086,577.0
1639,1639,Training,Extruder,67.62,88.33,12,29218,463.0
1640,1640,Training,Coil Oven,26.68,75.84,11,68315,223.0
1641,1641,Training,Pump,45.6,92.08,3,61940,248.0
1642,1642,Training,Pump,38.3,69.92,15,61862,217.0
1643,1643,Training,Pump,13.5,74.34,14,60212,206.0
1644,1644,Training,Pump,32.15,61.12,16,72186,182.0
1645,1645,Training,Gauge Machine,88.57,83.63,14,53750,474.0
1646,1646,Training,Coil Oven,60.57,79.22,15,23178,447.0
1647,1647,Training,Pump,29.16,40.46,7,70161,279.0
1648,1648,Training,Coil Oven,9.75,87.85,16,44885,176.0
1649,1649,Training,Gauge Machine,98.89,84.84,13,31576,250.0
1650,1650,Training,Pressure Cutter,11.98,36.02,9,75288,383.0
1651,1651,Training,Pump,76.61,94.33,13,27341,511.0
1652,1652,Training,Coil Oven,39.77,51.01,6,63271,363.0
1653,1653,Training,Pump,82.05,38.44,16,72001,516.0
1654,1654,Training,Gauge Machine,44.61,85.89,9,41261,550.0
1655,1655,Training,Coil Oven,10.39,40.76,10,73567,402.0
1656,1656,Training,Pressure Cutter,92.28,88.83,12,31478,305.0
1657,1657,Training,Gauge Machine,87.36,54.54,10,27701,233.0
1658,1658,Training,Extruder,61.77,50.55,14,37688,235.0
1659,1659,Training,Pump,29.11,69.99,3,46737,416.0
1660,1660,Training,Gauge Machine,25.6,49.58,9,34059,190.0
1661,1661,Training,Extruder,27.52,58.09,14,24146,110.0
1662,1662,Training,Coil Oven,8.15,76.35,6,42410,372.0
1663,1663,Training,Coil Oven,71.76,78.5,3,55856,557.0
1664,1664,Training,Coil Oven,56.46,48.54,13,55993,173.0
1665,1665,Training,Pressure Cutter,20.2,53.89,8,27760,337.0
1666,1666,Training,Gauge Machine,80.81,35.83,16,46555,227.0
1667,1667,Training,Gauge Machine,35.5,59.86,16,54151,58.0
1668,1668,Training,Coil Oven,40.64,51.56,14,62945,430.0
1669,1669,Training,Extruder,64.52,46.14,13,67688,301.0
1670,1670,Training,Pump,5.72,66.05,5,33892,496.0
1671,1671,Training,Extruder,52.97,44.48,9,49252,483.0
1672,1672,Training,Gauge Machine,23.66,74.54,12,51714,509.0
1673,1673,Training,Extruder,58.39,73.58,9,67766,533.0
1674,1674,Training,Extruder,30.37,81.46,10,52401,568.0
1675,1675,Training,Extruder,35.04,52.69,11,24303,579.0
1676,1676,Training,Gauge Machine,99.08,52.94,16,75482,240.0
1677,1677,Training,Gauge Machine,78.94,42.23,11,52048,334.0
1678,1678,Training,Gauge Machine,38.84,58.42,10,55925,79.0
1679,1679,Training,Pressure Cutter,5.55,69.46,12,43408,242.0
1680,1680,Training,Pump,13.77,90.33,1,48678,106.0
1681,1681,Training,Extruder,42.47,82.48,10,41588,396.0
1682,1682,Training,Pressure Cutter,97.42,82.85,13,59025,94.0
1683,1683,Training,Pump,45.56,46.67,12,43115,131.0
1684,1684,Training,Extruder,87.52,37.34,13,76323,287.0
1685,1685,Training,Extruder,15.24,91.71,17,66320,573.0
1686,1686,Training,Coil Oven,8.73,53.37,15,55687,180.0
1687,1687,Training,Gauge Machine,29.09,72.12,5,72299,197.0
1688,1688,Training,Pump,48.07,77.94,5,37218,85.0
1689,1689,Training,Pressure Cutter,86.45,61.65,16,60350,50.0
1690,1690,Training,Coil Oven,48.76,88.85,9,77079,288.0
1691,1691,Training,Gauge Machine,91.64,77.26,8,77879,125.0
1692,1692,Training,Extruder,65.62,38.05,16,49776,430.0
1693,1693,Training,Coil Oven,92.78,94.43,7,67680,55.0
1694,1694,Training,Pressure Cutter,45.83,84.38,7,31251,130.0
1695,1695,Training,Extruder,71.09,38.1,7,78438,584.0
1696,1696,Training,Extruder,32.35,51.18,4,45090,460.0
1697,1697,Training,Extruder,44.83,38.31,9,25467,565.0
1698,1698,Training,Extruder,39.75,67.89,8,70412,536.0
1699,1699,Training,Gauge Machine,6.64,76.58,7,68363,404.0
1700,1700,Training,Extruder,27.5,91.08,2,25181,383.0
1701,1701,Training,Pressure Cutter,9.67,53.95,15,47385,558.0
1702,1702,Training,Extruder,74.18,70.93,11,77471,531.0
1703,1703,Training,Gauge Machine,46.3,51.64,15,32631,310.0
1704,1704,Training,Gauge Machine,57.73,69.85,5,54479,160.0
1705,1705,Training,Coil Oven,16.01,46.95,11,39167,457.0
1706,1706,Training,Pump,90.31,36.6,10,59036,263.0
1707,1707,Training,Pressure Cutter,31.81,83.85,6,58626,70.0
1708,1708,Training,Extruder,21.27,90.82,8,29116,250.0
1709,1709,Training,Extruder,32.04,41.2,10,48054,87.0
1710,1710,Training,Pump,21.82,83.79,3,67915,533.0
1711,1711,Training,Gauge Machine,14.94,90.13,13,26622,416.0
1712,1712,Training,Pressure Cutter,46.21,94.74,15,54998,152.0
1713,1713,Training,Pump,68.82,35.4,14,49566,131.0
1714,1714,Training,Coil Oven,89.9,52.29,7,66300,86.0
1715,1715,Training,Pressure Cutter,65.03,66.2,11,57676,102.0
1716,1716,Training,Pump,36.59,61.11,7,62296,280.0
1717,1717,Training,Pressure Cutter,34.43,56.95,8,79109,300.0
1718,1718,Training,Gauge Machine,19.59,85.64,4,51449,207.0
1719,1719,Training,Extruder,96.22,35.99,15,60990,340.0
1720,1720,Training,Coil Oven,33.55,85.0,1,71086,97.0
1721,1721,Training,Gauge Machine,60.68,85.44,16,72324,177.0
1722,1722,Training,Pump,44.93,53.85,5,38336,325.0
1723,1723,Training,Extruder,41.63,88.66,1,60114,507.0
1724,1724,Training,Coil Oven,27.46,63.71,16,70895,108.0
1725,1725,Training,Pressure Cutter,92.9,53.75,14,79284,76.0
1726,1726,Training,Extruder,88.67,38.47,11,52242,284.0
1727,1727,Training,Extruder,16.79,76.44,3,43636,583.0
1728,1728,Training,Extruder,40.46,35.53,2,31808,148.0
1729,1729,Training,Pressure Cutter,91.99,53.73,3,51130,255.0
1730,1730,Training,Pressure Cutter,11.39,61.38,6,63188,371.0
1731,1731,Training,Pressure Cutter,53.03,85.65,10,73225,60.0
1732,1732,Training,Pump,82.03,72.07,4,31877,566.0
1733,1733,Training,Pump,32.43,57.28,17,54043,247.0
1734,1734,Training,Pump,69.39,51.92,10,77806,534.0
1735,1735,Training,Pump,10.64,75.57,13,30529,419.0
1736,1736,Training,Pump,27.91,66.99,15,51177,393.0
1737,1737,Training,Pressure Cutter,57.79,85.05,14,65001,232.0
1738,1738,Training,Pressure Cutter,11.6,48.51,10,67455,230.0
1739,1739,Training,Extruder,36.47,73.42,10,59588,432.0
1740,1740,Training,Extruder,26.46,86.75,13,45841,307.0
1741,1741,Training,Coil Oven,20.2,45.85,9,59314,113.0
1742,1742,Training,Coil Oven,53.27,35.08,7,41096,375.0
1743,1743,Training,Pump,33.78,65.78,11,49619,325.0
1744,1744,Training,Pump,88.9,62.63,8,44934,472.0
1745,1745,Training,Coil Oven,38.82,80.35,5,63705,142.0
1746,1746,Training,Pressure Cutter,80.98,59.66,12,38772,210.0
1747,1747,Training,Gauge Machine,21.53,72.27,9,25023,189.0
1748,1748,Training,Coil Oven,11.11,89.93,15,45929,311.0
1749,1749,Training,Extruder,22.53,73.28,17,23860,462.0
1750,1750,Training,Pump,63.95,70.06,3,23369,191.0
1751,1751,Training,Gauge Machine,36.79,82.64,15,31599,340.0
1752,1752,Training,Coil Oven,92.86,68.14,6,30041,331.0
1753,1753,Training,Extruder,46.78,73.94,6,52845,59.0
1754,1754,Training,Extruder,25.09,37.26,16,59506,448.0
1755,1755,Training,Coil Oven,68.47,56.63,8,26655,363.0
1756,1756,Training,Gauge Machine,30.43,76.8,9,68600,334.0
1757,1757,Training,Pump,76.0,57.59,8,65270,567.0
1758,1758,Training,Coil Oven,80.98,59.92,9,75976,192.0
1759,1759,Training,Pressure Cutter,53.47,70.94,5,64421,279.0
1760,1760,Training,Coil Oven,49.55,83.14,15,51829,82.0
1761,1761,Training,Pump,60.67,45.25,7,40517,520.0
1762,1762,Training,Pump,74.91,91.25,4,63930,88.0
1763,1763,Training,Gauge Machine,32.85,43.52,1,38022,342.0
1764,1764,Training,Extruder,48.1,65.16,11,58984,331.0
1765,1765,Training,Pump,62.64,56.09,6,53016,419.0
1766,1766,Training,Pump,30.31,90.3,2,37627,147.0
1767,1767,Training,Coil Oven,94.93,50.35,10,72919,158.0
1768,1768,Training,Coil Oven,83.67,49.68,4,77628,556.0
1769,1769,Training,Gauge Machine,23.44,61.96,7,41536,366.0
1770,1770,Training,Pump,54.46,54.01,8,69030,476.0
1771,1771,Training,Coil Oven,68.83,62.87,10,26439,569.0
1772,1772,Training,Pressure Cutter,8.7,41.16,13,34061,396.0
1773,1773,Training,Extruder,96.37,76.83,11,51125,403.0
1774,1774,Training,Pressure Cutter,98.13,61.63,6,56221,313.0
1775,1775,Training,Coil Oven,45.35,40.29,7,54179,105.0
1776,1776,Training,Pump,15.93,66.5,15,33523,247.0
1777,1777,Training,Pressure Cutter,18.09,89.74,5,56018,303.0
1778,1778,Training,Extruder,83.64,36.89,13,37502,131.0
1779,1779,Training,Extruder,73.61,57.71,16,79508,234.0
1780,1780,Training,Pump,62.89,69.12,17,42385,452.0
1781,1781,Training,Pressure Cutter,60.84,46.41,5,37075,501.0
1782,1782,Training,Extruder,83.29,37.57,8,26377,500.0
1783,1783,Training,Coil Oven,14.55,72.72,5,60137,376.0
1784,1784,Training,Pump,11.99,77.4,13,55803,486.0
1785,1785,Training,Coil Oven,23.98,46.63,13,66569,564.0
1786,1786,Training,Coil Oven,26.09,80.54,9,42759,451.0
1787,1787,Training,Gauge Machine,78.23,74.01,7,32886,136.0
1788,1788,Training,Pump,83.88,54.95,7,32858,315.0
1789,1789,Training,Coil Oven,70.4,54.15,3,29181,583.0
1790,1790,Training,Extruder,88.22,90.38,10,39490,472.0
1791,1791,Training,Extruder,16.88,50.15,12,40589,370.0
1792,1792,Training,Pump,45.71,59.02,16,24114,468.0
1793,1793,Training,Gauge Machine,41.05,61.54,2,61745,302.0
1794,1794,Training,Pressure Cutter,10.94,71.22,9,48094,130.0
1795,1795,Training,Pressure Cutter,67.05,85.85,1,72491,63.0
1796,1796,Training,Gauge Machine,61.03,74.47,10,43582,254.0
1797,1797,Training,Gauge Machine,86.88,41.62,16,76926,303.0
1798,1798,Training,Extruder,69.95,46.17,9,75728,475.0
1799,1799,Training,Gauge Machine,90.91,55.57,1,49524,411.0
1800,1800,Training,Extruder,66.43,44.15,9,30267,272.0
1801,1801,Training,Pressure Cutter,23.63,60.01,3,68851,177.0
1802,1802,Training,Extruder,67.15,86.04,2,53887,182.0
1803,1803,Training,Pump,66.44,94.78,6,77719,290.0
1804,1804,Training,Extruder,61.18,52.85,9,78617,103.0
1805,1805,Training,Coil Oven,7.78,36.12,2,67392,306.0
1806,1806,Training,Pressure Cutter,80.36,44.53,13,74901,365.0
1807,1807,Training,Pressure Cutter,53.7,50.17,2,51578,217.0
1808,1808,Training,Pressure Cutter,52.8,74.04,8,42491,346.0
1809,1809,Training,Pressure Cutter,6.18,52.04,7,52219,342.0
1810,1810,Training,Pump,53.27,93.51,7,24118,360.0
1811,1811,Training,Pump,32.55,65.19,6,64819,487.0
1812,1812,Training,Coil Oven,98.09,79.57,9,45443,483.0
1813,1813,Training,Extruder,8.48,82.32,14,58148,519.0
1814,1814,Training,Pump,29.42,67.56,10,61292,69.0
1815,1815,Training,Pump,46.54,61.08,9,39055,360.0
1816,1816,Training,Extruder,78.35,42.1,6,55744,403.0
1817,1817,Training,Coil Oven,41.77,46.15,6,42913,268.0
1818,1818,Training,Coil Oven,92.82,56.86,9,46157,117.0
1819,1819,Training,Coil Oven,50.43,57.44,12,68682,307.0
1820,1820,Training,Pump,27.74,55.41,4,41441,292.0
1821,1821,Training,Extruder,55.2,69.96,11,64408,541.0
1822,1822,Training,Pump,67.44,72.92,6,70107,386.0
1823,1823,Training,Pressure Cutter,65.75,39.23,3,36964,165.0
1824,1824,Training,Pump,68.98,91.36,16,61879,542.0
1825,1825,Training,Gauge Machine,5.44,52.83,14,44959,523.0
1826,1826,Training,Pressure Cutter,90.55,88.99,9,62724,517.0
1827,1827,Training,Pump,63.4,53.56,2,73771,420.0
1828,1828,Training,Pressure Cutter,98.94,60.8,9,63808,72.0
1829,1829,Training,Pressure Cutter,14.26,53.07,2,53720,92.0
1830,1830,Training,Coil Oven,41.92,68.47,1,73292,185.0
1831,1831,Training,Gauge Machine,31.45,59.25,7,34750,333.0
1832,1832,Training,Pump,89.9,86.93,16,69942,571.0
1833,1833,Training,Gauge Machine,57.07,77.71,5,51380,290.0
1834,1834,Training,Pressure Cutter,31.93,78.33,12,52391,205.0
1835,1835,Training,Pressure Cutter,69.96,38.77,7,42118,372.0
1836,1836,Training,Gauge Machine,93.85,88.86,13,59210,264.0
1837,1837,Training,Pump,29.6,74.71,3,54637,145.0
1838,1838,Training,Coil Oven,87.46,85.23,1,43905,189.0
1839,1839,Training,Coil Oven,80.47,83.4,10,53263,404.0
1840,1840,Training,Extruder,15.67,89.56,9,72968,274.0
1841,1841,Training,Extruder,21.19,42.6,6,49977,72.0
1842,1842,Training,Gauge Machine,19.93,83.69,10,72965,200.0
1843,1843,Training,Coil Oven,31.52,77.81,7,65406,181.0
1844,1844,Training,Pressure Cutter,77.59,49.85,13,78959,575.0
1845,1845,Training,Pump,98.7,62.17,15,41473,325.0
1846,1846,Training,Gauge Machine,43.19,91.64,8,68835,180.0
1847,1847,Training,Pump,95.85,68.87,7,30558,330.0
1848,1848,Training,Coil Oven,74.33,39.76,2,48618,390.0
1849,1849,Training,Extruder,85.65,91.57,6,37309,294.0
1850,1850,Training,Pressure Cutter,52.16,56.63,4,75038,431.0
1851,1851,Training,Pump,27.52,48.92,4,38021,542.0
1852,1852,Training,Extruder,36.62,57.68,4,25024,312.0
1853,1853,Training,Pressure Cutter,51.61,93.94,15,78175,148.0
1854,1854,Training,Pump,16.47,80.63,8,75349,231.0
1855,1855,Training,Pump,23.12,43.42,12,59146,512.0
1856,1856,Training,Pump,20.55,86.01,6,48276,543.0
1857,1857,Training,Extruder,26.29,45.32,8,32397,460.0
1858,1858,Training,Pressure Cutter,44.72,75.6,16,47204,545.0
1859,1859,Training,Pressure Cutter,50.74,37.57,9,49020,102.0
1860,1860,Training,Gauge Machine,70.91,64.28,11,67446,301.0
1861,1861,Training,Extruder,93.41,38.18,7,35683,477.0
1862,1862,Training,Gauge Machine,78.78,63.09,16,53930,187.0
1863,1863,Training,Coil Oven,87.85,81.79,7,58496,491.0
1864,1864,Training,Gauge Machine,18.82,43.32,16,32118,227.0
1865,1865,Training,Extruder,67.67,61.33,11,33228,220.0
1866,1866,Training,Gauge Machine,22.21,47.46,10,38329,75.0
1867,1867,Training,Coil Oven,42.85,42.6,13,76543,372.0
1868,1868,Training,Pump,76.82,66.27,6,63143,196.0
1869,1869,Training,Gauge Machine,88.24,79.21,15,30767,527.0
1870,1870,Training,Pressure Cutter,10.05,91.37,9,60926,124.0
1871,1871,Training,Extruder,12.47,74.33,15,53541,268.0
1872,1872,Training,Gauge Machine,79.67,86.97,17,32450,55.0
1873,1873,Training,Pump,83.71,84.29,14,47725,181.0
1874,1874,Training,Pump,13.74,64.22,10,60879,405.0
1875,1875,Training,Coil Oven,63.81,54.5,7,57371,167.0
1876,1876,Training,Pump,84.43,67.5,9,37214,550.0
1877,1877,Training,Pump,24.56,84.42,1,77704,274.0
1878,1878,Training,Coil Oven,59.55,79.81,5,31063,367.0
1879,1879,Training,Pressure Cutter,13.18,35.09,2,30424,511.0
1880,1880,Training,Coil Oven,94.92,48.87,16,35127,321.0
1881,1881,Training,Extruder,74.18,68.73,12,48729,207.0
1882,1882,Training,Gauge Machine,79.26,71.22,2,37692,52.0
1883,1883,Training,Pressure Cutter,22.55,56.7,15,61639,236.0
1884,1884,Training,Coil Oven,36.89,71.64,9,65534,354.0
1885,1885,Training,Pump,49.3,39.9,9,49429,552.0
1886,1886,Training,Extruder,33.57,49.91,9,54903,550.0
1887,1887,Training,Gauge Machine,26.45,86.51,2,56791,576.0
1888,1888,Training,Pressure Cutter,19.55,40.87,13,37520,359.0
1889,1889,Training,Pump,43.69,41.49,17,28134,400.0
1890,1890,Training,Pressure Cutter,86.17,38.77,8,50941,336.0
1891,1891,Training,Coil Oven,10.87,40.69,9,27056,341.0
1892,1892,Training,Coil Oven,80.2,53.78,10,39569,332.0
1893,1893,Training,Coil Oven,89.06,57.61,3,64953,472.0
1894,1894,Training,Coil Oven,74.15,38.49,7,76987,580.0
1895,1895,Training,Extruder,94.63,42.4,6,60794,323.0
1896,1896,Training,Gauge Machine,61.32,91.42,9,54932,539.0
1897,1897,Training,Pump,88.04,49.47,10,52995,450.0
1898,1898,Training,Pump,31.31,58.34,3,55326,154.0
1899,1899,Training,Pressure Cutter,45.39,75.25,9,70718,412.0
1900,1900,Training,Extruder,25.0,86.42,17,56860,331.0
1901,1901,Training,Extruder,17.64,93.86,10,68543,259.0
1902,1902,Training,Pressure Cutter,12.17,94.6,1,50179,179.0
1903,1903,Training,Extruder,23.17,48.8,3,30417,458.0
1904,1904,Training,Coil Oven,35.11,80.73,16,68701,249.0
1905,1905,Training,Coil Oven,17.53,60.92,13,49633,527.0
1906,1906,Training,Extruder,13.5,49.71,14,69432,167.0
1907,1907,Training,Pressure Cutter,88.84,72.56,9,72049,243.0
1908,1908,Training,Coil Oven,91.69,45.17,7,62018,543.0
1909,1909,Training,Pump,11.59,35.86,11,45783,260.0
1910,1910,Training,Coil Oven,42.7,60.63,16,38997,475.0
1911,1911,Training,Gauge Machine,18.66,88.77,14,44051,110.0
1912,1912,Training,Coil Oven,70.98,44.16,5,74502,353.0
1913,1913,Training,Extruder,50.63,35.99,5,51389,217.0
1914,1914,Training,Pump,10.41,93.84,2,47677,253.0
1915,1915,Training,Coil Oven,48.26,64.89,11,69703,476.0
1916,1916,Training,Coil Oven,84.39,87.93,10,55763,240.0
1917,1917,Training,Pressure Cutter,9.48,42.25,2,27451,83.0
1918,1918,Training,Pressure Cutter,91.09,51.43,14,53541,173.0
1919,1919,Training,Coil Oven,69.8,35.41,17,32262,370.0
1920,1920,Training,Coil Oven,32.11,39.6,17,65363,476.0
1921,1921,Training,Pump,14.14,57.33,13,62409,268.0
1922,1922,Training,Gauge Machine,82.92,38.4,14,31212,567.0
1923,1923,Training,Extruder,92.66,35.94,3,23951,225.0
1924,1924,Training,Gauge Machine,69.79,36.36,16,73356,262.0
1925,1925,Training,Gauge Machine,94.9,74.0,2,61076,345.0
1926,1926,Training,Pressure Cutter,40.85,38.6,3,28819,88.0
1927,1927,Training,Pump,94.69,81.29,12,63734,272.0
1928,1928,Training,Coil Oven,75.16,57.05,2,33526,375.0
1929,1929,Training,Extruder,69.55,78.92,11,59639,85.0
1930,1930,Training,Coil Oven,73.8,65.57,17,36435,232.0
1931,1931,Training,Coil Oven,88.78,53.87,8,55857,378.0
1932,1932,Training,Extruder,70.52,71.6,4,71735,292.0
1933,1933,Training,Coil Oven,58.38,82.26,6,79183,476.0
1934,1934,Training,Pressure Cutter,87.43,64.28,6,34843,215.0
1935,1935,Training,Gauge Machine,58.39,80.82,2,46824,117.0
1936,1936,Training,Extruder,53.14,35.89,4,33924,475.0
1937,1937,Training,Pressure Cutter,92.33,77.8,1,62363,473.0
1938,1938,Training,Extruder,56.19,94.82,11,30059,257.0
1939,1939,Training,Coil Oven,76.28,83.46,11,38124,478.0
1940,1940,Training,Coil Oven,32.64,55.89,13,58756,405.0
1941,1941,Training,Coil Oven,51.56,64.72,2,42409,391.0
1942,1942,Training,Coil Oven,22.94,67.41,14,49065,385.0
1943,1943,Training,Pressure Cutter,45.44,87.11,17,66832,129.0
1944,1944,Training,Coil Oven,18.12,83.14,9,37642,149.0
1945,1945,Training,Coil Oven,35.65,76.22,7,47768,329.0
1946,1946,Training,Coil Oven,51.53,90.63,10,42041,72.0
1947,1947,Training,Extruder,60.74,91.27,2,29289,578.0
1948,1948,Training,Gauge Machine,21.72,35.35,10,44502,194.0
1949,1949,Training,Pump,57.75,40.97,6,56226,177.0
1950,1950,Training,Extruder,34.48,54.87,13,66431,237.0
1951,1951,Training,Pressure Cutter,31.92,88.08,6,26936,327.0
1952,1952,Training,Gauge Machine,20.92,51.0,4,76250,340.0
1953,1953,Training,Coil Oven,39.89,58.92,8,39683,112.0
1954,1954,Training,Pressure Cutter,26.89,85.31,9,26568,143.0
1955,1955,Training,Coil Oven,43.5,92.83,10,40270,457.0
1956,1956,Training,Pressure Cutter,39.83,61.62,8,25909,80.0
1957,1957,Training,Gauge Machine,28.4,75.7,13,28806,340.0
1958,1958,Training,Pump,43.71,42.63,9,68377,568.0
1959,1959,Training,Pump,60.7,58.12,6,24088,215.0
1960,1960,Training,Extruder,57.35,83.72,12,28573,202.0
1961,1961,Training,Pump,86.11,40.37,1,77195,82.0
1962,1962,Training,Extruder,56.07,81.97,1,49721,61.0
1963,1963,Training,Pressure Cutter,37.38,60.58,16,35677,91.0
1964,1964,Training,Extruder,66.93,74.83,4,75019,294.0
1965,1965,Training,Extruder,53.0,85.81,8,49463,98.0
1966,1966,Training,Pump,11.22,71.48,7,56599,541.0
1967,1967,Training,Pump,63.9,50.4,12,60810,374.0
1968,1968,Training,Coil Oven,90.34,88.44,16,61078,238.0
1969,1969,Training,Pump,5.02,65.64,16,62594,146.0
1970,1970,Training,Pump,69.57,65.23,14,79611,145.0
1971,1971,Training,Gauge Machine,49.04,43.64,5,41661,327.0
1972,1972,Training,Extruder,41.57,49.32,11,44603,293.0
1973,1973,Training,Pump,91.72,54.81,14,75889,90.0
1974,1974,Training,Pump,35.97,89.19,9,42189,567.0
1975,1975,Training,Gauge Machine,53.04,92.77,13,55531,276.0
1976,1976,Training,Extruder,44.55,78.61,15,31671,135.0
1977,1977,Training,Gauge Machine,22.93,70.68,17,48223,144.0
1978,1978,Training,Gauge Machine,40.07,47.29,14,78846,378.0
1979,1979,Training,Pressure Cutter,73.73,86.33,9,24491,126.0
1980,1980,Training,Pressure Cutter,23.34,81.07,11,42019,565.0
1981,1981,Training,Coil Oven,47.33,58.25,12,70973,414.0
1982,1982,Training,Coil Oven,36.3,51.66,3,64599,454.0
1983,1983,Training,Coil Oven,59.37,42.07,5,70395,461.0
1984,1984,Training,Pressure Cutter,99.26,66.17,11,34175,356.0
1985,1985,Training,Coil Oven,24.73,79.81,14,52475,249.0
1986,1986,Training,Pump,28.8,57.51,1,62322,554.0
1987,1987,Training,Gauge Machine,37.58,73.65,5,40763,111.0
1988,1988,Training,Pump,93.62,52.29,9,53531,132.0
1989,1989,Training,Gauge Machine,83.71,84.99,8,47535,163.0
1990,1990,Training,Pump,45.73,84.58,13,37871,173.0
1991,1991,Training,Pump,35.05,76.61,5,56831,134.0
1992,1992,Training,Coil Oven,88.72,89.2,16,43190,328.0
1993,1993,Training,Pump,74.43,87.13,2,55540,543.0
1994,1994,Training,Pressure Cutter,58.07,38.93,13,63690,501.0
1995,1995,Training,Pump,34.73,86.61,4,38339,71.0
1996,1996,Training,Coil Oven,68.18,39.83,15,70606,62.0
1997,1997,Training,Pump,10.17,38.39,9,77399,215.0
1998,1998,Training,Extruder,33.57,41.22,14,56368,101.0
1999,1999,Training,Coil Oven,43.31,84.6,14,75591,295.0
2000,2000,Training,Extruder,96.52,46.2,5,65896,55.0
2001,2001,Training,Coil Oven,72.99,37.63,5,64246,301.0
2002,2002,Training,Pressure Cutter,16.09,53.93,7,49116,161.0
2003,2003,Training,Coil Oven,55.93,36.16,11,33819,268.0
2004,2004,Training,Pressure Cutter,80.22,85.55,2,50534,134.0
2005,2005,Training,Pressure Cutter,54.55,86.72,5,38472,298.0
2006,2006,Training,Extruder,61.01,72.43,14,55311,473.0
2007,2007,Training,Pump,49.61,92.57,7,37445,322.0
2008,2008,Training,Gauge Machine,21.71,81.73,3,27492,449.0
2009,2009,Training,Pump,80.19,61.18,3,34110,517.0
2010,2010,Training,Gauge Machine,11.52,92.91,5,63316,303.0
2011,2011,Training,Pressure Cutter,83.22,64.77,10,76372,340.0
2012,2012,Training,Pressure Cutter,48.32,81.37,13,25662,238.0
2013,2013,Training,Pressure Cutter,52.36,44.51,2,75250,305.0
2014,2014,Training,Extruder,82.53,90.85,11,27228,118.0
2015,2015,Training,Pump,32.24,44.18,11,31142,210.0
2016,2016,Training,Coil Oven,75.45,69.11,11,49480,332.0
2017,2017,Training,Gauge Machine,55.83,83.61,15,47224,168.0
2018,2018,Training,Pump,78.24,93.1,1,23693,143.0
2019,2019,Training,Coil Oven,7.09,79.66,3,44134,109.0
2020,2020,Training,Coil Oven,27.05,63.41,7,79386,187.0
2021,2021,Training,Extruder,12.17,37.6,13,35048,141.0
2022,2022,Training,Coil Oven,87.55,63.08,14,28434,241.0
2023,2023,Training,Gauge Machine,58.75,88.77,4,61054,122.0
2024,2024,Training,Coil Oven,81.29,42.0,11,38044,375.0
2025,2025,Training,Gauge Machine,73.89,37.66,4,51286,581.0
2026,2026,Training,Extruder,83.43,64.69,12,39613,578.0
2027,2027,Training,Extruder,32.17,59.51,9,59363,573.0
2028,2028,Training,Pressure Cutter,23.51,57.09,12,30389,87.0
2029,2029,Training,Gauge Machine,35.09,35.17,3,70644,231.0
2030,2030,Training,Pump,29.56,35.13,3,34069,339.0
2031,2031,Training,Gauge Machine,5.67,72.6,13,71749,235.0
2032,2032,Training,Pressure Cutter,62.3,39.76,6,57877,107.0
2033,2033,Training,Pressure Cutter,12.03,80.22,13,51284,95.0
2034,2034,Training,Extruder,11.18,48.34,6,55144,57.0
2035,2035,Training,Pressure Cutter,37.4,54.11,13,35679,117.0
2036,2036,Training,Gauge Machine,11.14,71.16,3,37892,536.0
2037,2037,Training,Extruder,60.25,66.26,6,69122,86.0
2038,2038,Training,Pump,27.96,89.15,9,69464,147.0
2039,2039,Training,Pressure Cutter,84.66,88.08,17,56396,109.0
2040,2040,Training,Extruder,35.06,44.5,4,24287,419.0
2041,2041,Training,Extruder,57.58,74.16,1,34640,479.0
2042,2042,Training,Gauge Machine,9.35,43.49,13,30340,64.0
2043,2043,Training,Coil Oven,9.35,46.27,3,78109,153.0
2044,2044,Training,Extruder,43.35,94.49,9,69246,233.0
2045,2045,Training,Gauge Machine,92.52,86.15,9,46574,158.0
2046,2046,Training,Gauge Machine,47.69,37.58,13,76539,575.0
2047,2047,Training,Pressure Cutter,86.39,65.19,10,71326,186.0
2048,2048,Training,Extruder,64.35,36.75,4,36352,488.0
2049,2049,Training,Extruder,62.03,37.18,14,46687,483.0
2050,2050,Training,Gauge Machine,68.23,36.72,6,40436,523.0
2051,2051,Training,Extruder,63.06,53.37,9,40178,460.0
2052,2052,Training,Gauge Machine,77.85,35.68,15,28495,63.0
2053,2053,Training,Gauge Machine,30.72,69.6,5,35556,65.0
2054,2054,Training,Gauge Machine,73.82,77.24,4,78650,564.0
2055,2055,Training,Coil Oven,31.29,53.1,13,23961,119.0
2056,2056,Training,Coil Oven,20.08,87.46,17,67295,580.0
2057,2057,Training,Pump,90.2,76.12,15,43820,192.0
2058,2058,Training,Coil Oven,20.16,70.31,16,41769,99.0
2059,2059,Training,Pressure Cutter,18.96,61.12,8,48334,295.0
2060,2060,Training,Pressure Cutter,37.48,82.24,3,49006,335.0
2061,2061,Training,Gauge Machine,95.31,40.93,6,78937,368.0
2062,2062,Training,Pressure Cutter,94.59,82.64,13,73201,359.0
2063,2063,Training,Pressure Cutter,72.43,60.38,14,30495,190.0
2064,2064,Training,Pressure Cutter,11.45,42.46,9,23675,469.0
2065,2065,Training,Pressure Cutter,25.59,89.86,14,79954,418.0
2066,2066,Training,Coil Oven,97.96,90.39,16,33901,549.0
2067,2067,Training,Gauge Machine,17.01,87.09,12,36917,234.0
2068,2068,Training,Pump,59.05,79.25,3,40180,225.0
2069,2069,Training,Pump,52.22,93.3,3,53259,154.0
2070,2070,Training,Pump,60.21,52.69,4,74020,439.0
2071,2071,Training,Gauge Machine,29.87,87.56,14,44185,260.0
2072,2072,Training,Gauge Machine,7.91,56.43,13,71760,78.0
2073,2073,Training,Pressure Cutter,7.54,79.61,7,41379,212.0
2074,2074,Training,Coil Oven,96.33,59.45,12,57968,339.0
2075,2075,Training,Gauge Machine,74.7,89.58,8,73223,70.0
2076,2076,Training,Gauge Machine,97.48,92.47,12,36096,484.0
2077,2077,Training,Gauge Machine,51.77,91.44,4,60920,555.0
2078,2078,Training,Extruder,49.72,81.07,5,43541,389.0
2079,2079,Training,Pressure Cutter,65.43,54.02,7,78309,335.0
2080,2080,Training,Coil Oven,93.56,48.14,4,59614,574.0
2081,2081,Training,Gauge Machine,78.49,75.68,2,70455,70.0
2082,2082,Training,Coil Oven,8.43,83.74,8,39637,72.0
2083,2083,Training,Pump,44.82,56.73,10,27702,152.0
2084,2084,Training,Pressure Cutter,30.9,89.89,9,34222,67.0
2085,2085,Training,Pressure Cutter,25.91,47.94,17,69544,173.0
2086,2086,Training,Pressure Cutter,65.46,80.1,5,75225,290.0
2087,2087,Training,Pump,51.4,39.93,15,75697,295.0
2088,2088,Training,Pump,21.95,72.48,16,54762,538.0
2089,2089,Training,Extruder,60.08,47.11,9,26305,490.0
2090,2090,Training,Gauge Machine,96.43,91.89,6,32554,459.0
2091,2091,Training,Gauge Machine,78.76,51.87,2,37498,303.0
2092,2092,Training,Extruder,85.57,40.5,6,31977,265.0
2093,2093,Training,Pump,88.56,65.57,8,75025,219.0
2094,2094,Training,Extruder,71.48,43.09,2,30864,412.0
2095,2095,Training,Extruder,30.49,36.91,13,55275,76.0
2096,2096,Training,Pressure Cutter,7.9,55.07,5,40596,136.0
2097,2097,Training,Pressure Cutter,21.71,94.07,9,60591,410.0
2098,2098,Training,Extruder,64.37,92.61,15,52699,365.0
2099,2099,Training,Coil Oven,59.23,39.41,10,34716,265.0
2100,2100,Training,Gauge Machine,14.57,90.61,12,34856,53.0
2101,2101,Training,Pressure Cutter,14.45,44.09,10,72058,221.0
2102,2102,Training,Extruder,81.92,61.0,2,60380,430.0
2103,2103,Training,Pump,55.38,42.39,9,35510,197.0
2104,2104,Training,Pump,35.43,72.36,12,26965,306.0
2105,2105,Training,Extruder,99.38,51.16,10,48678,213.0
2106,2106,Training,Pump,74.08,89.89,5,26104,442.0
2107,2107,Training,Extruder,78.19,83.88,13,57802,252.0
2108,2108,Training,Pump,45.22,58.48,4,65861,491.0
2109,2109,Training,Pressure Cutter,31.72,37.55,13,78079,106.0
2110,2110,Training,Gauge Machine,6.31,38.43,5,35956,361.0
2111,2111,Training,Pressure Cutter,53.5,41.05,15,43269,156.0
2112,2112,Training,Coil Oven,90.91,89.75,17,56523,223.0
2113,2113,Training,Gauge Machine,36.13,59.75,6,39359,411.0
2114,2114,Training,Pressure Cutter,62.32,62.03,14,68547,478.0
2115,2115,Training,Coil Oven,40.24,53.7,6,55601,282.0
2116,2116,Training,Pump,51.68,74.43,3,76656,112.0
2117,2117,Training,Pressure Cutter,78.65,75.15,14,59595,355.0
2118,2118,Training,Pressure Cutter,53.01,68.09,14,77089,265.0
2119,2119,Training,Gauge Machine,61.34,58.11,4,53277,276.0
2120,2120,Training,Pump,9.38,69.21,6,62338,277.0
2121,2121,Training,Pump,98.62,68.64,17,54097,150.0
2122,2122,Training,Pump,51.06,39.52,10,47083,239.0
2123,2123,Training,Pressure Cutter,23.04,68.61,4,34041,435.0
2124,2124,Training,Pressure Cutter,9.84,56.31,4,78350,468.0
2125,2125,Training,Pressure Cutter,18.66,74.37,8,58560,500.0
2126,2126,Training,Pump,5.27,94.25,10,47330,69.0
2127,2127,Training,Pressure Cutter,69.99,82.13,15,30420,119.0
2128,2128,Training,Pressure Cutter,28.53,67.64,10,70748,186.0
2129,2129,Training,Pressure Cutter,36.37,66.27,15,54224,139.0
2130,2130,Training,Pressure Cutter,57.21,62.62,8,52691,83.0
2131,2131,Training,Pump,39.03,56.67,15,26737,537.0
2132,2132,Training,Coil Oven,56.33,91.37,14,45507,192.0
2133,2133,Training,Coil Oven,49.53,82.1,10,27718,92.0
2134,2134,Training,Extruder,23.48,55.44,4,78050,87.0
2135,2135,Training,Coil Oven,7.33,56.43,3,57400,583.0
2136,2136,Training,Gauge Machine,98.91,50.81,15,27434,298.0
2137,2137,Training,Pressure Cutter,96.23,90.05,16,78971,341.0
2138,2138,Training,Extruder,66.68,43.24,11,49990,54.0
2139,2139,Training,Extruder,82.97,35.6,10,23039,98.0
2140,2140,Training,Coil Oven,50.54,56.42,8,76786,369.0
2141,2141,Training,Extruder,24.85,37.16,2,29513,79.0
2142,2142,Training,Pump,83.24,54.39,2,37649,242.0
2143,2143,Training,Pressure Cutter,47.15,54.49,17,72598,562.0
2144,2144,Training,Coil Oven,90.12,49.76,6,60635,489.0
2145,2145,Training,Coil Oven,74.78,64.11,8,35746,523.0
2146,2146,Training,Gauge Machine,29.88,52.22,9,26756,104.0
2147,2147,Training,Gauge Machine,33.79,66.34,16,34432,523.0
2148,2148,Training,Pump,31.71,35.58,12,23681,286.0
2149,2149,Training,Extruder,69.83,47.24,3,41375,499.0
2150,2150,Training,Extruder,40.8,78.13,3,28045,187.0
2151,2151,Training,Pump,37.25,51.22,9,65194,238.0
2152,2152,Training,Pump,50.31,42.1,9,36450,172.0
2153,2153,Training,Gauge Machine,35.11,61.99,4,52429,304.0
2154,2154,Training,Coil Oven,14.65,94.21,11,38497,160.0
2155,2155,Training,Coil Oven,94.98,49.29,13,27766,432.0
2156,2156,Training,Pump,95.99,72.07,13,49146,274.0
2157,2157,Training,Gauge Machine,97.82,47.75,6,23607,259.0
2158,2158,Training,Pump,99.7,35.1,3,44044,386.0
2159,2159,Training,Gauge Machine,83.05,42.73,9,47755,105.0
2160,2160,Training,Coil Oven,28.85,50.19,13,26156,379.0
2161,2161,Training,Gauge Machine,67.08,64.98,12,24897,438.0
2162,2162,Training,Pressure Cutter,42.71,93.81,12,50531,116.0
2163,2163,Training,Gauge Machine,30.31,69.76,9,48779,231.0
2164,2164,Training,Extruder,16.08,91.89,17,76992,152.0
2165,2165,Training,Pump,20.43,84.86,10,59507,58.0
2166,2166,Training,Coil Oven,29.34,40.43,5,34190,486.0
2167,2167,Training,Gauge Machine,73.68,48.31,5,33069,113.0
2168,2168,Training,Gauge Machine,28.19,91.58,1,62723,582.0
2169,2169,Training,Coil Oven,50.09,71.96,7,62506,337.0
2170,2170,Training,Coil Oven,59.47,84.21,10,39398,256.0
2171,2171,Training,Gauge Machine,35.83,72.96,13,39927,71.0
2172,2172,Training,Gauge Machine,70.14,84.51,15,49306,485.0
2173,2173,Training,Pump,90.35,37.02,10,28888,331.0
2174,2174,Training,Pump,81.17,82.44,3,32181,279.0
2175,2175,Training,Pressure Cutter,92.14,36.8,7,44387,580.0
2176,2176,Training,Pump,69.96,40.04,7,60517,426.0
2177,2177,Training,Coil Oven,37.36,82.79,7,27621,544.0
2178,2178,Training,Gauge Machine,24.59,49.14,12,39618,123.0
2179,2179,Training,Coil Oven,99.17,89.46,7,34872,456.0
2180,2180,Training,Pressure Cutter,52.64,58.09,10,64471,567.0
2181,2181,Training,Extruder,58.48,45.29,8,30064,231.0
2182,2182,Training,Extruder,93.16,93.57,8,30671,302.0
2183,2183,Training,Coil Oven,63.67,86.92,6,31133,399.0
2184,2184,Training,Pump,14.26,56.66,14,76595,562.0
2185,2185,Training,Pump,26.49,80.02,10,67948,379.0
2186,2186,Training,Pressure Cutter,98.6,57.62,1,36505,383.0
2187,2187,Training,Pump,58.81,93.88,2,68937,334.0
2188,2188,Training,Pump,12.42,46.79,17,33035,471.0
2189,2189,Training,Extruder,55.18,35.81,2,73759,508.0
2190,2190,Training,Extruder,5.5,38.26,2,33843,470.0
2191,2191,Training,Coil Oven,96.27,59.15,17,43017,291.0
2192,2192,Training,Gauge Machine,23.02,36.64,12,30856,497.0
2193,2193,Training,Coil Oven,13.71,40.35,15,76712,438.0
2194,2194,Training,Gauge Machine,24.31,79.75,12,43623,267.0
2195,2195,Training,Coil Oven,80.09,77.56,9,48763,441.0
2196,2196,Training,Extruder,64.07,81.39,8,76248,316.0
2197,2197,Training,Extruder,65.1,63.56,15,61071,580.0
2198,2198,Training,Pressure Cutter,16.37,87.19,14,45541,149.0
2199,2199,Training,Extruder,78.84,54.49,9,29556,484.0
2200,2200,Training,Gauge Machine,20.42,92.46,5,65116,274.0
2201,2201,Training,Coil Oven,36.23,58.83,9,28393,450.0
2202,2202,Training,Pressure Cutter,51.94,50.94,5,76599,408.0
2203,2203,Training,Pump,48.54,41.66,12,31423,69.0
2204,2204,Training,Gauge Machine,88.33,42.88,16,57708,290.0
2205,2205,Training,Coil Oven,98.4,38.03,2,62132,164.0
2206,2206,Training,Pump,35.95,67.78,8,25266,293.0
2207,2207,Training,Gauge Machine,74.74,60.07,8,76636,543.0
2208,2208,Training,Extruder,15.42,92.08,2,40671,228.0
2209,2209,Training,Pressure Cutter,78.21,92.99,1,55154,267.0
2210,2210,Training,Pressure Cutter,16.38,49.52,11,72825,521.0
2211,2211,Training,Pump,61.19,74.54,5,60636,379.0
2212,2212,Training,Gauge Machine,74.26,55.8,12,65882,185.0
2213,2213,Training,Pressure Cutter,75.87,76.14,10,73928,326.0
2214,2214,Training,Extruder,52.48,92.78,12,56564,402.0
2215,2215,Training,Pump,10.56,72.42,16,70302,151.0
2216,2216,Training,Extruder,86.5,80.99,12,47893,554.0
2217,2217,Training,Pressure Cutter,59.04,35.68,9,53317,79.0
2218,2218,Training,Pressure Cutter,89.35,44.68,13,27038,52.0
2219,2219,Training,Gauge Machine,30.15,77.54,7,72126,226.0
2220,2220,Training,Pressure Cutter,40.64,54.92,15,47952,289.0
2221,2221,Training,Extruder,56.15,46.99,12,28384,161.0
2222,2222,Training,Extruder,54.45,91.3,4,29676,276.0
2223,2223,Training,Extruder,44.58,45.85,9,54092,336.0
2224,2224,Training,Extruder,17.41,84.32,2,77383,503.0
2225,2225,Training,Pump,8.97,61.96,14,26641,322.0
2226,2226,Training,Extruder,15.55,75.69,5,65682,472.0
2227,2227,Training,Extruder,49.78,69.36,3,68528,562.0
2228,2228,Training,Pressure Cutter,87.54,83.71,6,40286,210.0
2229,2229,Training,Pump,40.62,83.37,7,25718,401.0
2230,2230,Training,Pressure Cutter,43.31,81.66,4,77137,186.0
2231,2231,Training,Pump,99.67,83.84,3,61061,67.0
2232,2232,Training,Pressure Cutter,19.95,51.16,11,50771,365.0
2233,2233,Training,Coil Oven,5.11,42.51,16,61057,536.0
2234,2234,Training,Pressure Cutter,59.95,76.35,5,55987,456.0
2235,2235,Training,Extruder,87.43,66.2,17,55578,584.0
2236,2236,Training,Gauge Machine,69.24,52.01,12,42065,520.0
2237,2237,Training,Gauge Machine,72.5,46.74,6,39446,395.0
2238,2238,Training,Coil Oven,63.4,69.3,12,34900,401.0
2239,2239,Training,Coil Oven,8.56,57.44,14,30219,191.0
2240,2240,Training,Gauge Machine,83.88,40.32,6,64762,154.0
2241,2241,Training,Extruder,84.47,89.76,1,73780,235.0
2242,2242,Training,Pressure Cutter,64.42,79.13,13,28084,90.0
2243,2243,Training,Gauge Machine,25.16,52.38,17,40597,187.0
2244,2244,Training,Extruder,69.32,50.2,1,48472,461.0
2245,2245,Training,Extruder,82.0,39.78,3,53172,326.0
2246,2246,Training,Extruder,96.33,43.94,17,29297,485.0
2247,2247,Training,Extruder,13.81,92.1,7,40775,145.0
2248,2248,Training,Pressure Cutter,79.68,43.39,15,73180,194.0
2249,2249,Training,Gauge Machine,54.5,60.52,16,25927,252.0
2250,2250,Training,Extruder,22.31,42.23,14,70534,471.0
2251,2251,Training,Pump,55.19,40.0,11,34317,566.0
2252,2252,Training,Gauge Machine,16.24,80.26,8,39356,546.0
2253,2253,Training,Pump,64.21,57.96,16,66599,424.0
2254,2254,Training,Gauge Machine,15.22,74.48,1,68256,509.0
2255,2255,Training,Pump,29.57,92.08,7,73841,161.0
2256,2256,Training,Coil Oven,74.49,43.56,13,69613,231.0
2257,2257,Training,Extruder,27.11,83.71,13,63629,370.0
2258,2258,Training,Gauge Machine,90.75,88.62,8,50577,583.0
2259,2259,Training,Gauge Machine,71.06,55.27,10,48008,515.0
2260,2260,Training,Pressure Cutter,25.21,63.43,10,25293,436.0
2261,2261,Training,Pressure Cutter,12.18,36.58,13,25212,520.0
2262,2262,Training,Pump,22.52,50.21,13,32839,148.0
2263,2263,Training,Pressure Cutter,23.32,91.08,17,39495,452.0
2264,2264,Training,Gauge Machine,25.77,67.33,12,31998,80.0
2265,2265,Training,Coil Oven,28.58,75.97,13,29247,529.0
2266,2266,Training,Pressure Cutter,17.96,71.24,7,57278,219.0
2267,2267,Training,Extruder,88.46,35.61,16,55102,394.0
2268,2268,Training,Pump,21.58,62.04,8,32734,164.0
2269,2269,Training,Coil Oven,27.46,48.84,3,48722,256.0
2270,2270,Training,Extruder,91.84,94.45,9,61264,81.0
2271,2271,Training,Gauge Machine,73.62,43.04,10,41349,236.0
2272,2272,Training,Gauge Machine,76.83,92.24,12,46758,326.0
2273,2273,Training,Pump,82.56,50.72,3,66323,457.0
2274,2274,Training,Gauge Machine,76.74,84.64,2,74966,161.0
2275,2275,Training,Extruder,98.17,89.9,6,56590,552.0
2276,2276,Training,Pump,50.63,71.31,11,40428,557.0
2277,2277,Training,Extruder,97.83,74.28,2,63472,334.0
2278,2278,Training,Pump,43.72,88.22,17,68725,395.0
2279,2279,Training,Coil Oven,44.94,74.62,2,30892,380.0
2280,2280,Training,Extruder,33.0,59.09,17,73907,216.0
2281,2281,Training,Pressure Cutter,83.21,39.01,17,69581,118.0
2282,2282,Training,Pump,76.65,86.27,11,27211,168.0
2283,2283,Training,Pressure Cutter,32.46,82.25,13,71381,497.0
2284,2284,Training,Gauge Machine,70.42,82.07,12,75971,198.0
2285,2285,Training,Extruder,91.53,90.22,14,63855,330.0
2286,2286,Training,Pressure Cutter,26.7,49.28,11,44804,406.0
2287,2287,Training,Coil Oven,49.22,41.29,8,30172,409.0
2288,2288,Training,Pump,54.33,53.95,2,59087,147.0
2289,2289,Training,Pressure Cutter,59.19,41.63,15,55288,278.0
2290,2290,Training,Extruder,56.25,54.56,1,35712,314.0
2291,2291,Training,Extruder,48.76,40.11,4,24547,510.0
2292,2292,Training,Gauge Machine,5.59,90.51,1,44612,340.0
2293,2293,Training,Pump,36.77,59.73,13,42722,351.0
2294,2294,Training,Extruder,34.52,59.09,4,79058,210.0
2295,2295,Training,Extruder,38.8,77.88,1,56476,288.0
2296,2296,Training,Gauge Machine,79.09,88.56,2,55827,141.0
2297,2297,Training,Gauge Machine,31.73,70.46,7,43418,267.0
2298,2298,Training,Coil Oven,41.85,94.81,6,58671,142.0
2299,2299,Training,Coil Oven,29.53,74.52,6,79614,298.0
2300,2300,Training,Extruder,87.76,46.95,17,72229,441.0
2301,2301,Training,Coil Oven,24.27,36.87,10,77574,67.0
2302,2302,Training,Extruder,96.31,48.95,15,41214,539.0
2303,2303,Training,Pressure Cutter,75.79,81.85,14,72089,515.0
2304,2304,Training,Pressure Cutter,57.89,74.56,11,47563,526.0
2305,2305,Training,Coil Oven,31.65,44.64,14,38016,542.0
2306,2306,Training,Pressure Cutter,93.61,37.15,2,32793,65.0
2307,2307,Training,Gauge Machine,29.02,81.65,13,42023,214.0
2308,2308,Training,Extruder,88.38,49.0,16,64511,116.0
2309,2309,Training,Gauge Machine,54.24,50.96,13,65236,301.0
2310,2310,Training,Pump,88.16,86.7,8,29038,157.0
2311,2311,Training,Extruder,96.38,43.38,4,38366,447.0
2312,2312,Training,Pump,53.2,75.16,7,73130,73.0
2313,2313,Training,Pressure Cutter,83.94,48.88,15,66758,441.0
2314,2314,Training,Pressure Cutter,55.82,46.55,11,49103,414.0
2315,2315,Training,Gauge Machine,58.8,83.04,15,73005,533.0
2316,2316,Training,Pump,93.28,88.24,11,67976,89.0
2317,2317,Training,Extruder,61.81,70.8,15,25992,238.0
2318,2318,Training,Extruder,56.64,67.86,7,56555,241.0
2319,2319,Training,Extruder,80.64,44.8,11,63205,567.0
2320,2320,Training,Pressure Cutter,86.35,73.9,3,35616,160.0
2321,2321,Training,Pressure Cutter,36.53,74.43,4,62301,238.0
2322,2322,Training,Gauge Machine,38.06,77.61,5,65882,83.0
2323,2323,Training,Pump,38.48,86.93,3,74857,201.0
2324,2324,Training,Extruder,7.68,93.14,7,65365,68.0
2325,2325,Training,Pump,94.14,76.05,10,64113,390.0
2326,2326,Training,Pressure Cutter,78.53,77.49,10,55389,480.0
2327,2327,Training,Coil Oven,52.62,38.96,15,38446,387.0
2328,2328,Training,Extruder,96.17,76.55,5,29023,345.0
2329,2329,Training,Extruder,7.57,80.32,16,51653,503.0
2330,2330,Training,Coil Oven,9.28,83.59,8,61355,464.0
2331,2331,Training,Pressure Cutter,48.3,36.06,14,70594,580.0
2332,2332,Training,Pump,56.57,90.7,13,70932,406.0
2333,2333,Training,Extruder,40.61,53.83,4,24636,510.0
2334,2334,Training,Extruder,37.22,84.65,12,65704,99.0
2335,2335,Training,Extruder,52.36,92.3,3,72701,564.0
2336,2336,Training,Extruder,25.67,65.28,2,75374,419.0
2337,2337,Training,Gauge Machine,75.52,68.55,15,73325,126.0
2338,2338,Training,Pressure Cutter,49.59,64.87,4,41984,147.0
2339,2339,Training,Pressure Cutter,62.89,46.5,11,47760,197.0
2340,2340,Training,Pump,26.0,75.11,11,78763,171.0
2341,2341,Training,Pump,31.66,50.58,4,79782,337.0
2342,2342,Training,Gauge Machine,75.66,54.51,6,31953,540.0
2343,2343,Training,Gauge Machine,45.58,68.14,13,75878,493.0
2344,2344,Training,Gauge Machine,85.84,41.28,3,30859,358.0
2345,2345,Training,Pressure Cutter,37.39,93.09,4,71191,384.0
2346,2346,Training,Pump,92.0,71.72,15,26789,226.0
2347,2347,Training,Coil Oven,5.42,67.7,5,29404,115.0
2348,2348,Training,Extruder,40.98,82.11,7,79995,562.0
2349,2349,Training,Coil Oven,66.65,84.4,6,51501,160.0
2350,2350,Training,Extruder,68.58,75.55,10,79568,409.0
2351,2351,Training,Extruder,56.51,56.58,10,61605,333.0
2352,2352,Training,Coil Oven,17.34,80.75,7,76028,567.0
2353,2353,Training,Coil Oven,12.19,77.66,15,44240,546.0
2354,2354,Training,Coil Oven,18.27,71.1,4,23607,86.0
2355,2355,Training,Gauge Machine,79.47,47.09,12,61186,439.0
2356,2356,Training,Pressure Cutter,59.67,48.98,11,73460,136.0
2357,2357,Training,Coil Oven,16.01,76.55,10,52812,188.0
2358,2358,Training,Gauge Machine,83.72,93.01,3,65859,142.0
2359,2359,Training,Extruder,66.15,48.52,3,32496,60.0
2360,2360,Training,Gauge Machine,70.65,87.36,6,62336,53.0
2361,2361,Training,Gauge Machine,11.82,65.99,6,25139,515.0
2362,2362,Training,Pump,46.42,43.89,16,38711,99.0
2363,2363,Training,Gauge Machine,77.41,56.82,11,49765,159.0
2364,2364,Training,Pump,28.76,36.82,15,65327,475.0
2365,2365,Training,Gauge Machine,88.38,94.8,8,75597,285.0
2366,2366,Training,Pressure Cutter,84.64,65.93,3,25228,397.0
2367,2367,Training,Extruder,64.42,83.7,1,71617,508.0
2368,2368,Training,Gauge Machine,90.38,93.47,10,23064,108.0
2369,2369,Training,Pump,28.18,41.13,16,76914,321.0
2370,2370,Training,Coil Oven,59.36,38.72,12,57939,168.0
2371,2371,Training,Pump,55.68,37.44,16,47280,129.0
2372,2372,Training,Pressure Cutter,67.29,49.12,9,52259,470.0
2373,2373,Training,Gauge Machine,56.73,60.87,16,45983,244.0
2374,2374,Training,Pressure Cutter,40.14,85.02,6,67412,551.0
2375,2375,Training,Gauge Machine,76.14,48.84,8,57856,144.0
2376,2376,Training,Pressure Cutter,39.55,80.58,9,70532,562.0
2377,2377,Training,Pressure Cutter,56.43,82.29,15,32152,108.0
2378,2378,Training,Pressure Cutter,50.51,71.81,12,55186,466.0
2379,2379,Training,Extruder,88.84,56.46,13,31607,405.0
2380,2380,Training,Pump,47.32,85.18,17,43811,168.0
2381,2381,Training,Coil Oven,66.7,87.88,8,27687,179.0
2382,2382,Training,Pressure Cutter,99.3,81.75,17,65029,286.0
2383,2383,Training,Pump,52.74,55.75,17,64429,223.0
2384,2384,Training,Extruder,65.31,88.69,10,48917,542.0
2385,2385,Training,Pump,65.37,43.48,11,30642,145.0
2386,2386,Training,Coil Oven,72.14,92.73,13,33207,100.0
2387,2387,Training,Gauge Machine,58.0,62.3,13,62345,355.0
2388,2388,Training,Pump,27.58,86.1,1,25615,456.0
2389,2389,Training,Extruder,96.88,57.96,13,29559,129.0
2390,2390,Training,Coil Oven,10.66,61.3,2,41638,363.0
2391,2391,Training,Gauge Machine,96.75,70.06,10,49476,240.0
2392,2392,Training,Pressure Cutter,7.64,45.83,13,39411,347.0
2393,2393,Training,Gauge Machine,45.02,52.48,15,27143,233.0
2394,2394,Training,Pressure Cutter,91.09,87.5,14,58300,297.0
2395,2395,Training,Extruder,85.44,54.37,5,52599,400.0
2396,2396,Training,Gauge Machine,29.21,89.25,7,64874,330.0
2397,2397,Training,Pump,81.25,86.69,9,71147,177.0
2398,2398,Training,Pressure Cutter,29.06,37.86,8,56640,369.0
2399,2399,Training,Extruder,83.03,42.92,7,27068,284.0
2400,2400,Training,Pressure Cutter,5.16,86.6,14,45607,418.0
2401,2401,Training,Pressure Cutter,24.08,66.51,17,74760,299.0
2402,2402,Training,Gauge Machine,80.65,59.18,17,67257,527.0
2403,2403,Training,Extruder,77.27,70.84,3,42551,90.0
2404,2404,Training,Extruder,41.0,87.42,6,32791,254.0
2405,2405,Training,Pressure Cutter,48.48,55.98,5,24786,200.0
2406,2406,Training,Extruder,81.09,86.02,1,61475,147.0
2407,2407,Training,Pump,24.49,60.15,7,36276,203.0
2408,2408,Training,Pressure Cutter,65.92,53.67,13,47419,61.0
2409,2409,Training,Coil Oven,90.86,86.02,2,37502,486.0
2410,2410,Training,Gauge Machine,25.42,44.49,13,76523,432.0
2411,2411,Training,Gauge Machine,67.4,65.59,10,55004,165.0
2412,2412,Training,Pressure Cutter,91.15,37.28,5,33768,279.0
2413,2413,Training,Extruder,83.08,81.26,6,49823,485.0
2414,2414,Training,Extruder,86.93,52.36,12,44987,579.0
2415,2415,Training,Extruder,25.69,55.89,17,28641,138.0
2416,2416,Training,Gauge Machine,10.45,41.5,7,78353,547.0
2417,2417,Training,Coil Oven,24.32,37.24,16,64717,580.0
2418,2418,Training,Pressure Cutter,7.48,50.52,13,29172,435.0
2419,2419,Training,Pump,58.78,79.89,3,23497,539.0
2420,2420,Training,Extruder,90.27,72.53,3,53539,414.0
2421,2421,Training,Extruder,96.89,77.43,11,35535,503.0
2422,2422,Training,Gauge Machine,39.88,40.56,3,54419,271.0
2423,2423,Training,Extruder,62.43,50.01,3,39076,314.0
2424,2424,Training,Coil Oven,35.14,77.6,10,25595,73.0
2425,2425,Training,Coil Oven,48.12,42.31,14,33005,248.0
2426,2426,Training,Extruder,74.82,87.56,9,29155,339.0
2427,2427,Training,Pump,15.91,75.66,11,54424,144.0
2428,2428,Training,Extruder,34.28,69.24,1,34573,136.0
2429,2429,Training,Coil Oven,86.37,44.87,11,73786,179.0
2430,2430,Training,Gauge Machine,37.84,61.82,10,57627,109.0
2431,2431,Training,Gauge Machine,45.58,69.12,13,53637,259.0
2432,2432,Training,Extruder,38.17,86.72,12,30039,162.0
2433,2433,Training,Pressure Cutter,61.56,51.73,7,29612,534.0
2434,2434,Training,Gauge Machine,49.1,39.65,11,23007,407.0
2435,2435,Training,Pump,15.34,61.99,7,79178,88.0
2436,2436,Training,Pressure Cutter,25.93,58.22,8,35046,62.0
2437,2437,Training,Pressure Cutter,41.03,83.36,7,29241,443.0
2438,2438,Training,Gauge Machine,50.33,64.42,5,30074,453.0
2439,2439,Training,Pump,97.01,93.13,3,44841,499.0
2440,2440,Training,Gauge Machine,14.11,61.09,8,40168,432.0
2441,2441,Training,Pump,89.21,35.74,5,57428,524.0
2442,2442,Training,Coil Oven,48.81,84.61,4,48019,204.0
2443,2443,Training,Coil Oven,54.14,53.93,5,38138,402.0
2444,2444,Training,Gauge Machine,9.95,75.78,1,72022,103.0
2445,2445,Training,Pump,98.76,72.84,13,32650,164.0
2446,2446,Training,Coil Oven,20.25,53.6,15,58685,363.0
2447,2447,Training,Pressure Cutter,32.3,65.32,2,71969,446.0
2448,2448,Training,Coil Oven,51.97,94.89,4,35736,576.0
2449,2449,Training,Pump,85.28,55.63,11,58930,211.0
2450,2450,Training,Pressure Cutter,28.1,51.16,11,42020,80.0
2451,2451,Training,Pressure Cutter,6.31,57.81,6,47711,220.0
2452,2452,Training,Extruder,57.12,85.03,9,52300,54.0
2453,2453,Training,Gauge Machine,42.62,90.58,3,74981,501.0
2454,2454,Training,Extruder,85.26,47.57,10,25270,238.0
2455,2455,Training,Pump,12.12,79.52,12,52483,581.0
2456,2456,Training,Gauge Machine,69.08,37.84,3,49248,332.0
2457,2457,Training,Extruder,49.79,71.8,3,53408,56.0
2458,2458,Training,Coil Oven,62.07,79.49,14,45500,189.0
2459,2459,Training,Gauge Machine,47.61,56.54,5,33473,365.0
2460,2460,Training,Pump,38.34,80.28,2,41303,532.0
2461,2461,Training,Extruder,14.05,89.61,12,28687,138.0
2462,2462,Training,Pump,79.6,58.45,14,56246,476.0
2463,2463,Training,Gauge Machine,54.06,42.11,13,42952,250.0
2464,2464,Training,Pump,40.3,43.04,8,30526,71.0
2465,2465,Training,Coil Oven,88.52,86.12,17,42677,185.0
2466,2466,Training,Pump,80.31,58.08,14,61526,392.0
2467,2467,Training,Pump,71.42,50.73,7,63036,312.0
2468,2468,Training,Coil Oven,30.5,47.8,2,72416,225.0
2469,2469,Training,Extruder,14.87,81.09,16,44171,162.0
2470,2470,Training,Pressure Cutter,81.76,50.13,11,49037,442.0
2471,2471,Training,Coil Oven,80.12,50.25,11,61666,246.0
2472,2472,Training,Coil Oven,39.13,93.48,2,77126,72.0
2473,2473,Training,Coil Oven,46.01,79.92,9,67268,151.0
2474,2474,Training,Pump,13.74,81.89,10,55096,464.0
2475,2475,Training,Extruder,78.8,91.46,8,37357,355.0
2476,2476,Training,Pump,7.52,90.99,1,48787,285.0
2477,2477,Training,Gauge Machine,64.66,65.21,8,68911,189.0
2478,2478,Training,Gauge Machine,81.88,43.32,15,39512,431.0
2479,2479,Training,Pressure Cutter,34.29,63.51,15,25496,385.0
2480,2480,Training,Pump,53.01,59.03,12,55418,512.0
2481,2481,Training,Gauge Machine,23.45,73.37,6,71640,285.0
2482,2482,Training,Extruder,62.98,61.23,11,35901,194.0
2483,2483,Training,Pump,85.66,69.04,2,32179,71.0
2484,2484,Training,Coil Oven,43.4,83.93,4,33837,389.0
2485,2485,Training,Gauge Machine,44.01,79.07,16,74691,82.0
2486,2486,Training,Coil Oven,48.24,53.13,15,44050,154.0
2487,2487,Training,Coil Oven,54.03,73.56,14,61058,123.0
2488,2488,Training,Pressure Cutter,58.38,47.19,4,65748,162.0
2489,2489,Training,Extruder,28.57,44.67,14,56790,259.0
2490,2490,Training,Coil Oven,88.9,58.4,5,60291,64.0
2491,2491,Training,Extruder,87.09,36.03,8,70829,180.0
2492,2492,Training,Coil Oven,68.42,94.6,3,49044,334.0
2493,2493,Training,Gauge Machine,37.31,66.16,3,53507,164.0
2494,2494,Training,Gauge Machine,38.47,55.34,3,67173,288.0
2495,2495,Training,Pump,41.27,62.84,14,73037,363.0
2496,2496,Training,Pressure Cutter,9.18,72.3,9,74522,503.0
2497,2497,Training,Pump,75.69,49.16,10,79159,456.0
2498,2498,Training,Gauge Machine,65.42,42.17,17,73635,52.0
2499,2499,Training,Gauge Machine,10.95,64.23,13,74901,246.0
2500,2500,Training,Pressure Cutter,59.56,85.07,15,52757,459.0
2501,2501,Training,Gauge Machine,16.93,64.17,5,37072,460.0
2502,2502,Training,Gauge Machine,84.64,60.68,15,67237,340.0
2503,2503,Training,Extruder,21.98,45.68,12,72771,348.0
2504,2504,Training,Pump,99.03,58.52,17,71811,534.0
2505,2505,Training,Extruder,72.37,87.3,14,25507,344.0
2506,2506,Training,Gauge Machine,76.7,52.11,2,46813,263.0
2507,2507,Training,Extruder,61.63,80.04,10,64429,63.0
2508,2508,Training,Gauge Machine,6.69,46.56,10,41500,223.0
2509,2509,Training,Coil Oven,26.21,87.65,10,23409,328.0
2510,2510,Training,Extruder,37.22,87.55,13,54085,403.0
2511,2511,Training,Extruder,16.83,74.23,11,26383,346.0
2512,2512,Training,Pump,97.96,45.79,10,60038,107.0
2513,2513,Training,Pump,10.12,69.28,3,58563,490.0
2514,2514,Training,Gauge Machine,22.56,62.64,10,34956,567.0
2515,2515,Training,Pressure Cutter,52.34,63.32,9,50980,226.0
2516,2516,Training,Extruder,95.13,61.58,17,67594,127.0
2517,2517,Training,Pressure Cutter,65.23,41.24,10,57385,323.0
2518,2518,Training,Pump,55.01,69.88,5,51794,173.0
2519,2519,Training,Coil Oven,47.54,48.22,2,31779,349.0
2520,2520,Training,Gauge Machine,31.72,74.74,4,73776,274.0
2521,2521,Training,Pressure Cutter,11.78,65.38,15,76937,93.0
2522,2522,Training,Coil Oven,42.87,68.45,4,59560,277.0
2523,2523,Training,Pump,25.39,81.69,5,47167,422.0
2524,2524,Training,Gauge Machine,97.76,68.16,16,46608,446.0
2525,2525,Training,Gauge Machine,48.59,76.78,4,28810,67.0
2526,2526,Training,Gauge Machine,28.22,53.36,5,46623,526.0
2527,2527,Training,Pump,93.6,87.64,6,36008,487.0
2528,2528,Training,Gauge Machine,5.58,84.67,17,77046,521.0
2529,2529,Training,Coil Oven,78.26,76.97,10,56798,505.0
2530,2530,Training,Gauge Machine,27.76,90.92,3,45187,381.0
2531,2531,Training,Pump,29.94,93.51,8,79357,224.0
2532,2532,Training,Gauge Machine,85.5,75.17,14,68163,251.0
2533,2533,Training,Pressure Cutter,61.69,71.15,16,27649,116.0
2534,2534,Training,Extruder,66.22,75.23,11,32002,237.0
2535,2535,Training,Pressure Cutter,59.96,92.77,8,63937,190.0
2536,2536,Training,Pump,55.35,42.35,4,35958,56.0
2537,2537,Training,Gauge Machine,60.0,56.82,6,33487,582.0
2538,2538,Training,Coil Oven,64.48,93.17,9,55001,488.0
2539,2539,Training,Coil Oven,31.45,94.1,7,64847,345.0
2540,2540,Training,Coil Oven,30.9,37.76,13,46964,380.0
2541,2541,Training,Gauge Machine,80.7,71.3,4,76387,467.0
2542,2542,Training,Extruder,78.97,36.89,15,71108,424.0
2543,2543,Training,Extruder,95.48,36.75,9,34359,137.0
2544,2544,Training,Pump,7.52,59.71,10,46159,62.0
2545,2545,Training,Gauge Machine,33.75,89.97,13,70191,549.0
2546,2546,Training,Pressure Cutter,59.82,84.76,5,45396,190.0
2547,2547,Training,Pump,83.11,77.59,15,34154,201.0
2548,2548,Training,Pressure Cutter,62.29,58.24,2,25646,382.0
2549,2549,Training,Coil Oven,89.84,72.77,2,30030,223.0
2550,2550,Training,Gauge Machine,17.9,40.38,4,23793,252.0
2551,2551,Training,Extruder,63.07,57.01,11,60106,168.0
2552,2552,Training,Extruder,71.51,84.7,7,49063,78.0
2553,2553,Training,Extruder,6.15,76.7,4,75961,344.0
2554,2554,Training,Extruder,78.07,55.38,12,44025,354.0
2555,2555,Training,Pump,98.06,79.9,7,77131,132.0
2556,2556,Training,Coil Oven,96.5,68.71,13,36480,338.0
2557,2557,Training,Extruder,96.34,52.23,6,55719,63.0
2558,2558,Training,Pressure Cutter,47.9,79.61,5,59402,454.0
2559,2559,Training,Coil Oven,54.73,49.29,2,44872,334.0
2560,2560,Training,Pump,43.82,85.73,16,29289,72.0
2561,2561,Training,Extruder,9.35,43.04,9,72259,488.0
2562,2562,Training,Pressure Cutter,37.41,76.55,7,59883,505.0
2563,2563,Training,Extruder,53.75,88.38,3,54277,146.0
2564,2564,Training,Coil Oven,72.15,45.97,11,69006,249.0
2565,2565,Training,Coil Oven,50.88,82.96,8,39256,103.0
2566,2566,Training,Coil Oven,70.65,61.25,11,54124,245.0
2567,2567,Training,Gauge Machine,43.26,54.24,4,66292,509.0
2568,2568,Training,Gauge Machine,86.52,48.11,17,56750,252.0
2569,2569,Training,Gauge Machine,52.93,49.56,14,57052,105.0
2570,2570,Training,Pressure Cutter,31.47,73.36,10,75448,167.0
2571,2571,Training,Pressure Cutter,73.89,94.29,5,29387,406.0
2572,2572,Training,Coil Oven,54.75,77.96,3,61852,452.0
2573,2573,Training,Pressure Cutter,67.93,89.45,16,77882,236.0
2574,2574,Training,Gauge Machine,32.82,54.52,16,71014,192.0
2575,2575,Training,Gauge Machine,38.28,54.06,17,64155,539.0
2576,2576,Training,Pump,62.94,69.8,9,25721,227.0
2577,2577,Training,Coil Oven,94.11,90.63,12,76616,462.0
2578,2578,Training,Coil Oven,87.02,80.9,14,52124,433.0
2579,2579,Training,Pump,60.22,53.07,12,48357,83.0
2580,2580,Training,Pump,9.88,89.09,15,74648,551.0
2581,2581,Training,Pressure Cutter,16.5,85.32,8,68994,86.0
2582,2582,Training,Pump,73.44,58.09,7,75679,169.0
2583,2583,Training,Pump,51.64,75.47,8,53992,151.0
2584,2584,Training,Pressure Cutter,49.35,44.33,14,24845,61.0
2585,2585,Training,Pump,37.08,70.87,7,50951,575.0
2586,2586,Training,Extruder,71.69,85.78,1,35807,317.0
2587,2587,Training,Extruder,54.62,66.92,10,32087,157.0
2588,2588,Training,Gauge Machine,69.72,43.69,6,45612,410.0
2589,2589,Training,Pump,69.03,52.0,5,76941,178.0
2590,2590,Training,Gauge Machine,62.78,70.8,12,79181,540.0
2591,2591,Training,Pressure Cutter,50.47,71.11,16,29931,349.0
2592,2592,Training,Pump,55.34,83.42,13,37560,170.0
2593,2593,Training,Gauge Machine,20.44,47.76,15,29577,513.0
2594,2594,Training,Gauge Machine,79.99,80.69,2,35412,417.0
2595,2595,Training,Gauge Machine,35.94,60.11,10,42715,337.0
2596,2596,Training,Pump,31.93,67.18,16,44665,207.0
2597,2597,Training,Gauge Machine,71.89,54.37,2,35241,476.0
2598,2598,Training,Pump,76.56,54.33,16,33661,165.0
2599,2599,Training,Coil Oven,22.45,94.66,7,35902,257.0
2600,2600,Training,Extruder,72.01,51.64,9,77354,532.0
2601,2601,Training,Pump,57.91,83.51,16,78651,199.0
2602,2602,Training,Pressure Cutter,59.92,54.55,9,75266,482.0
2603,2603,Training,Gauge Machine,29.33,53.26,11,51786,392.0
2604,2604,Training,Extruder,72.08,82.56,8,64615,97.0
2605,2605,Training,Pump,90.39,70.2,2,40155,141.0
2606,2606,Training,Extruder,66.64,54.33,3,51756,433.0
2607,2607,Training,Gauge Machine,15.19,82.66,16,46957,359.0
2608,2608,Training,Extruder,10.97,64.05,5,47803,495.0
2609,2609,Training,Pump,83.45,40.28,7,79150,548.0
2610,2610,Training,Gauge Machine,29.85,89.19,16,40843,235.0
2611,2611,Training,Coil Oven,29.45,91.11,1,60965,226.0
2612,2612,Training,Coil Oven,73.82,36.8,2,45351,230.0
2613,2613,Training,Pump,17.86,57.81,2,77144,389.0
2614,2614,Training,Coil Oven,83.75,72.61,9,50220,563.0
2615,2615,Training,Gauge Machine,34.91,67.9,7,25980,516.0
2616,2616,Training,Gauge Machine,40.4,72.73,10,47956,434.0
2617,2617,Training,Gauge Machine,79.41,91.93,7,60406,528.0
2618,2618,Training,Pump,34.31,48.26,14,32733,522.0
2619,2619,Training,Gauge Machine,63.57,37.45,4,64583,153.0
2620,2620,Training,Extruder,5.67,89.97,5,46857,568.0
2621,2621,Training,Pressure Cutter,70.67,61.05,9,51770,560.0
2622,2622,Training,Pump,44.66,42.7,9,51363,454.0
2623,2623,Training,Gauge Machine,69.85,40.19,8,68212,303.0
2624,2624,Training,Coil Oven,67.22,72.14,8,32484,546.0
2625,2625,Training,Coil Oven,8.22,42.21,14,51067,167.0
2626,2626,Training,Gauge Machine,30.48,54.21,4,52508,549.0
2627,2627,Training,Pump,14.41,78.87,4,49050,497.0
2628,2628,Training,Extruder,39.09,54.73,4,29453,416.0
2629,2629,Training,Pump,20.81,54.05,14,23352,456.0
2630,2630,Training,Extruder,38.79,90.07,12,23363,364.0
2631,2631,Training,Pump,17.67,50.43,10,71088,86.0
2632,2632,Training,Coil Oven,69.52,59.16,10,35071,115.0
2633,2633,Training,Extruder,65.04,35.26,12,59075,515.0
2634,2634,Training,Gauge Machine,42.08,52.61,3,59894,486.0
2635,2635,Training,Pressure Cutter,58.75,76.33,15,56291,183.0
2636,2636,Training,Coil Oven,31.63,72.11,9,75364,339.0
2637,2637,Training,Coil Oven,85.49,71.02,16,55357,442.0
2638,2638,Training,Gauge Machine,11.9,68.6,4,52618,370.0
2639,2639,Training,Pressure Cutter,98.88,42.57,6,54679,249.0
2640,2640,Training,Pump,84.25,54.24,3,61351,400.0
2641,2641,Training,Gauge Machine,47.52,52.78,17,73509,570.0
2642,2642,Training,Coil Oven,10.66,40.24,16,41956,270.0
2643,2643,Training,Extruder,24.79,89.65,3,57434,484.0
2644,2644,Training,Pump,72.8,70.72,4,27379,236.0
2645,2645,Training,Coil Oven,73.4,78.02,15,69125,183.0
2646,2646,Training,Coil Oven,61.34,74.96,17,51770,571.0
2647,2647,Training,Pressure Cutter,42.74,72.58,1,58440,231.0
2648,2648,Training,Pressure Cutter,70.97,53.11,16,71939,454.0
2649,2649,Training,Coil Oven,49.59,50.9,16,63290,249.0
2650,2650,Training,Gauge Machine,89.89,79.21,9,59584,277.0
2651,2651,Training,Coil Oven,52.24,39.49,5,49028,217.0
2652,2652,Training,Pressure Cutter,45.03,40.97,10,62920,555.0
2653,2653,Training,Pressure Cutter,51.46,62.46,3,75180,84.0
2654,2654,Training,Pump,52.1,91.57,8,55398,375.0
2655,2655,Training,Pressure Cutter,90.14,94.65,15,66156,411.0
2656,2656,Training,Extruder,25.61,53.29,8,26873,238.0
2657,2657,Training,Pump,90.6,86.57,6,72786,511.0
2658,2658,Training,Pressure Cutter,74.31,87.32,14,58997,560.0
2659,2659,Training,Pressure Cutter,92.49,44.49,8,62386,295.0
2660,2660,Training,Pump,69.92,81.46,4,75398,98.0
2661,2661,Training,Pump,7.93,87.69,11,58740,60.0
2662,2662,Training,Gauge Machine,67.23,52.2,10,63697,292.0
2663,2663,Training,Gauge Machine,25.39,45.99,11,60262,54.0
2664,2664,Training,Gauge Machine,61.99,60.06,10,56231,340.0
2665,2665,Training,Gauge Machine,38.63,54.69,8,67291,227.0
2666,2666,Training,Pressure Cutter,15.07,43.56,10,78538,309.0
2667,2667,Training,Gauge Machine,89.94,62.04,11,72659,510.0
2668,2668,Training,Pressure Cutter,60.06,84.24,16,68692,71.0
2669,2669,Training,Pump,28.72,65.75,14,64064,293.0
2670,2670,Training,Extruder,77.31,40.2,4,26899,408.0
2671,2671,Training,Coil Oven,58.9,37.27,7,62730,361.0
2672,2672,Training,Extruder,94.88,36.14,17,24472,55.0
2673,2673,Training,Coil Oven,34.6,35.47,7,25103,350.0
2674,2674,Training,Pump,19.72,59.45,2,40266,396.0
2675,2675,Training,Pump,31.5,93.78,12,64390,166.0
2676,2676,Training,Pressure Cutter,80.16,47.21,17,76127,144.0
2677,2677,Training,Coil Oven,72.33,74.05,15,27610,69.0
2678,2678,Training,Extruder,31.38,49.77,3,28293,521.0
2679,2679,Training,Gauge Machine,77.69,61.24,10,31172,331.0
2680,2680,Training,Pump,43.85,94.73,2,77924,535.0
2681,2681,Training,Pump,67.28,55.2,6,62892,440.0
2682,2682,Training,Gauge Machine,57.72,40.9,5,40979,533.0
2683,2683,Training,Pressure Cutter,12.86,70.7,14,66316,378.0
2684,2684,Training,Coil Oven,60.35,74.75,10,54276,97.0
2685,2685,Training,Pump,27.58,61.02,12,60284,445.0
2686,2686,Training,Pump,12.05,46.48,12,66800,584.0
2687,2687,Training,Coil Oven,63.11,63.13,5,31107,62.0
2688,2688,Training,Extruder,80.71,37.16,14,71657,390.0
2689,2689,Training,Extruder,79.86,39.56,1,53206,445.0
2690,2690,Training,Extruder,26.07,43.31,3,73459,484.0
2691,2691,Training,Pump,87.5,66.14,2,75587,107.0
2692,2692,Training,Gauge Machine,65.38,47.23,9,70212,128.0
2693,2693,Training,Pressure Cutter,52.16,72.34,5,77704,262.0
2694,2694,Training,Gauge Machine,8.99,75.54,13,51688,498.0
2695,2695,Training,Pressure Cutter,5.28,77.43,10,49709,459.0
2696,2696,Training,Coil Oven,36.5,45.08,17,51885,256.0
2697,2697,Training,Pump,77.55,58.72,3,79348,487.0
2698,2698,Training,Gauge Machine,11.79,71.43,9,77061,253.0
2699,2699,Training,Coil Oven,51.08,41.73,11,59337,352.0
2700,2700,Training,Extruder,74.9,74.79,6,73992,307.0
2701,2701,Training,Pressure Cutter,47.23,54.8,1,60328,440.0
2702,2702,Training,Pump,75.03,55.46,14,76179,379.0
2703,2703,Training,Gauge Machine,39.77,78.23,10,52723,68.0
2704,2704,Training,Coil Oven,99.27,71.23,10,38558,585.0
2705,2705,Training,Pressure Cutter,97.37,40.36,2,54634,514.0
2706,2706,Training,Coil Oven,7.11,91.96,7,26189,270.0
2707,2707,Training,Pressure Cutter,63.25,89.05,9,77226,319.0
2708,2708,Training,Coil Oven,90.16,84.28,6,38609,309.0
2709,2709,Training,Gauge Machine,92.41,61.43,2,37375,570.0
2710,2710,Training,Gauge Machine,44.35,36.76,1,41235,275.0
2711,2711,Training,Coil Oven,9.85,65.86,17,51087,447.0
2712,2712,Training,Coil Oven,81.92,73.25,14,61695,362.0
2713,2713,Training,Coil Oven,65.65,36.91,2,36206,277.0
2714,2714,Training,Pressure Cutter,16.04,44.69,13,36069,240.0
2715,2715,Training,Pump,69.33,66.49,11,45380,531.0
2716,2716,Training,Pump,97.3,38.46,12,68123,210.0
2717,2717,Training,Pressure Cutter,58.7,52.98,8,28612,241.0
2718,2718,Training,Extruder,9.69,86.87,7,55071,406.0
2719,2719,Training,Gauge Machine,19.12,53.32,16,47412,415.0
2720,2720,Training,Gauge Machine,26.54,35.23,8,78551,214.0
2721,2721,Training,Gauge Machine,22.61,38.23,12,67965,293.0
2722,2722,Training,Extruder,25.77,48.47,3,39509,72.0
2723,2723,Training,Coil Oven,63.73,84.56,8,36734,423.0
2724,2724,Training,Coil Oven,21.15,58.66,4,65791,179.0
2725,2725,Training,Pump,22.02,52.34,12,57255,139.0
2726,2726,Training,Pump,73.02,81.23,7,58625,97.0
2727,2727,Training,Pump,89.07,50.75,12,45898,315.0
2728,2728,Training,Pressure Cutter,78.79,93.95,5,79618,56.0
2729,2729,Training,Coil Oven,62.18,85.06,5,26619,380.0
2730,2730,Training,Pressure Cutter,94.75,52.11,12,36056,110.0
2731,2731,Training,Pump,43.37,84.8,11,56037,338.0
2732,2732,Training,Gauge Machine,69.94,87.95,14,31645,453.0
2733,2733,Training,Gauge Machine,69.12,87.03,11,33116,243.0
2734,2734,Training,Extruder,99.59,61.23,2,57655,496.0
2735,2735,Training,Pressure Cutter,75.66,74.97,9,26670,398.0
2736,2736,Training,Pump,22.83,52.56,16,23062,490.0
2737,2737,Training,Extruder,57.07,45.99,14,35271,481.0
2738,2738,Training,Pump,28.8,67.37,7,61027,381.0
2739,2739,Training,Gauge Machine,8.8,59.47,1,75856,401.0
2740,2740,Training,Extruder,30.05,72.76,15,27808,282.0
2741,2741,Training,Coil Oven,78.43,93.87,2,56576,426.0
2742,2742,Training,Gauge Machine,59.86,75.51,6,65781,533.0
2743,2743,Training,Pump,33.58,77.36,4,27271,275.0
2744,2744,Training,Pump,47.61,63.65,8,72315,103.0
2745,2745,Training,Pump,41.86,44.17,15,55965,162.0
2746,2746,Training,Extruder,8.28,56.5,17,79551,448.0
2747,2747,Training,Pressure Cutter,16.37,53.59,2,44366,204.0
2748,2748,Training,Pump,6.55,83.67,3,64093,334.0
2749,2749,Training,Pressure Cutter,46.02,93.39,7,42650,135.0
2750,2750,Training,Coil Oven,72.63,75.15,9,47360,207.0
2751,2751,Training,Coil Oven,72.33,69.15,13,23588,328.0
2752,2752,Training,Extruder,89.18,49.77,5,33388,186.0
2753,2753,Training,Pump,33.53,45.59,4,50642,209.0
2754,2754,Training,Coil Oven,48.76,75.84,11,25681,240.0
2755,2755,Training,Pressure Cutter,48.24,91.99,9,58757,261.0
2756,2756,Training,Gauge Machine,54.7,73.76,17,57336,371.0
2757,2757,Training,Pressure Cutter,99.71,88.78,11,58291,77.0
2758,2758,Training,Coil Oven,15.08,82.26,12,51252,80.0
2759,2759,Training,Pressure Cutter,69.38,46.4,4,76270,101.0
2760,2760,Training,Coil Oven,85.74,63.45,14,35983,277.0
2761,2761,Training,Pump,44.11,42.99,1,61142,395.0
2762,2762,Training,Coil Oven,79.57,82.12,4,67862,489.0
2763,2763,Training,Pump,25.53,57.64,8,42587,142.0
2764,2764,Training,Gauge Machine,81.67,54.22,11,76330,396.0
2765,2765,Training,Coil Oven,71.56,37.22,5,45934,356.0
2766,2766,Training,Gauge Machine,44.19,92.49,8,53155,546.0
2767,2767,Training,Gauge Machine,85.7,76.92,12,30766,429.0
2768,2768,Training,Coil Oven,51.15,77.18,7,79597,125.0
2769,2769,Training,Extruder,57.31,54.08,12,32999,464.0
2770,2770,Training,Pressure Cutter,29.28,49.16,8,46594,389.0
2771,2771,Training,Pressure Cutter,47.59,54.87,3,54456,530.0
2772,2772,Training,Pump,55.67,37.61,1,63958,296.0
2773,2773,Training,Gauge Machine,82.75,42.75,8,79640,430.0
2774,2774,Training,Gauge Machine,40.22,69.08,10,57236,391.0
2775,2775,Training,Gauge Machine,86.05,44.7,12,73449,62.0
2776,2776,Training,Coil Oven,14.87,69.57,7,53201,495.0
2777,2777,Training,Pressure Cutter,49.58,80.51,12,51904,100.0
2778,2778,Training,Pump,41.28,80.59,11,78357,179.0
2779,2779,Training,Coil Oven,40.5,56.14,8,51295,410.0
2780,2780,Training,Extruder,33.49,78.84,15,73888,299.0
2781,2781,Training,Extruder,97.09,88.85,7,45593,366.0
2782,2782,Training,Gauge Machine,37.34,49.81,8,34314,192.0
2783,2783,Training,Pump,52.93,51.7,12,70008,282.0
2784,2784,Training,Coil Oven,7.02,76.53,2,36642,498.0
2785,2785,Training,Extruder,12.15,43.37,9,67722,131.0
2786,2786,Training,Coil Oven,52.2,66.48,7,37461,307.0
2787,2787,Training,Coil Oven,12.76,51.23,6,59172,539.0
2788,2788,Training,Coil Oven,51.86,46.23,8,54930,148.0
2789,2789,Training,Pump,53.82,62.43,7,31251,582.0
2790,2790,Training,Gauge Machine,65.19,74.27,10,46336,320.0
2791,2791,Training,Gauge Machine,88.97,58.1,16,32636,431.0
2792,2792,Training,Pump,83.68,48.41,2,50146,234.0
2793,2793,Training,Coil Oven,70.42,90.24,13,29664,246.0
2794,2794,Training,Pressure Cutter,83.44,43.19,11,70429,578.0
2795,2795,Training,Extruder,91.18,81.58,8,38327,446.0
2796,2796,Training,Gauge Machine,44.44,63.8,5,78311,67.0
2797,2797,Training,Gauge Machine,35.41,54.53,4,39150,300.0
2798,2798,Training,Coil Oven,88.73,35.2,6,33334,192.0
2799,2799,Training,Pump,12.42,51.5,7,47422,433.0
2800,2800,Training,Pressure Cutter,34.44,53.57,11,66098,551.0
2801,2801,Training,Coil Oven,59.73,54.41,3,75523,331.0
2802,2802,Training,Pump,38.81,73.0,3,70264,497.0
2803,2803,Training,Gauge Machine,13.12,76.63,11,34381,487.0
2804,2804,Training,Gauge Machine,92.48,57.37,5,56885,245.0
2805,2805,Training,Gauge Machine,14.66,54.97,8,44713,390.0
2806,2806,Training,Extruder,53.89,64.73,1,52851,576.0
2807,2807,Training,Gauge Machine,97.68,75.26,8,47546,205.0
2808,2808,Training,Extruder,42.95,62.56,12,46228,349.0
2809,2809,Training,Coil Oven,33.28,75.93,3,69159,539.0
2810,2810,Training,Gauge Machine,50.36,41.54,15,49558,190.0
2811,2811,Training,Gauge Machine,5.07,84.22,6,41097,156.0
2812,2812,Training,Coil Oven,37.75,85.09,3,33862,278.0
2813,2813,Training,Gauge Machine,48.38,59.17,7,53070,168.0
2814,2814,Training,Extruder,32.31,77.0,12,73939,355.0
2815,2815,Training,Pressure Cutter,37.39,48.4,4,62474,293.0
2816,2816,Training,Coil Oven,5.4,92.16,7,55451,361.0
2817,2817,Training,Gauge Machine,37.69,49.32,8,74091,325.0
2818,2818,Training,Gauge Machine,36.81,44.08,4,36296,180.0
2819,2819,Training,Coil Oven,44.29,39.62,4,24554,312.0
2820,2820,Training,Coil Oven,57.37,56.14,4,56969,128.0
2821,2821,Training,Gauge Machine,52.1,66.15,2,54253,365.0
2822,2822,Training,Coil Oven,42.36,41.35,15,27260,162.0
2823,2823,Training,Pressure Cutter,29.79,35.34,5,57895,371.0
2824,2824,Training,Extruder,21.13,68.01,11,53986,172.0
2825,2825,Training,Pressure Cutter,56.27,93.62,5,73574,471.0
2826,2826,Training,Extruder,6.62,76.29,5,33895,221.0
2827,2827,Training,Extruder,53.81,51.63,2,57943,533.0
2828,2828,Training,Coil Oven,96.15,58.93,7,37812,433.0
2829,2829,Training,Coil Oven,93.53,60.83,10,44181,283.0
2830,2830,Training,Coil Oven,50.18,35.05,17,66079,256.0
2831,2831,Training,Gauge Machine,29.57,89.86,17,60941,571.0
2832,2832,Training,Coil Oven,19.79,85.57,4,67820,491.0
2833,2833,Training,Coil Oven,9.04,74.32,16,72794,582.0
2834,2834,Training,Pump,34.98,60.81,9,50778,65.0
2835,2835,Training,Extruder,60.6,63.13,5,74119,168.0
2836,2836,Training,Coil Oven,41.06,59.51,4,72430,360.0
2837,2837,Training,Pressure Cutter,56.17,71.32,12,75311,470.0
2838,2838,Training,Extruder,46.66,73.15,9,38668,88.0
2839,2839,Training,Pump,26.0,62.11,3,77149,276.0
2840,2840,Training,Extruder,85.77,38.91,16,76529,243.0
2841,2841,Training,Coil Oven,83.59,46.66,8,62192,159.0
2842,2842,Training,Gauge Machine,47.15,90.62,2,65279,442.0
2843,2843,Training,Pressure Cutter,91.87,48.46,12,33246,277.0
2844,2844,Training,Pressure Cutter,14.79,82.1,8,55266,124.0
2845,2845,Training,Gauge Machine,99.98,74.23,4,28567,125.0
2846,2846,Training,Gauge Machine,20.31,84.38,2,37235,512.0
2847,2847,Training,Gauge Machine,95.6,36.87,15,76061,71.0
2848,2848,Training,Extruder,50.44,41.04,10,79910,56.0
2849,2849,Training,Pump,19.27,58.9,1,38111,56.0
2850,2850,Training,Pressure Cutter,14.76,65.23,12,45721,505.0
2851,2851,Training,Extruder,73.26,78.84,11,73147,442.0
2852,2852,Training,Pump,38.03,45.51,2,79115,451.0
2853,2853,Training,Pressure Cutter,10.07,49.49,13,61368,148.0
2854,2854,Training,Gauge Machine,15.08,38.6,5,68800,352.0
2855,2855,Training,Gauge Machine,31.34,61.12,13,33248,329.0
2856,2856,Training,Extruder,49.9,64.7,3,53467,422.0
2857,2857,Training,Gauge Machine,8.97,83.28,16,53332,512.0
2858,2858,Training,Gauge Machine,53.19,75.35,12,61492,233.0
2859,2859,Training,Gauge Machine,50.94,46.13,4,67055,108.0
2860,2860,Training,Gauge Machine,86.23,81.24,11,46613,550.0
2861,2861,Training,Extruder,39.04,42.58,2,62016,90.0
2862,2862,Training,Pressure Cutter,79.65,60.58,8,65232,214.0
2863,2863,Training,Pump,17.03,71.05,13,39959,547.0
2864,2864,Training,Gauge Machine,16.97,68.35,8,25048,387.0
2865,2865,Training,Pump,44.44,63.9,15,43110,571.0
2866,2866,Training,Extruder,37.85,53.33,4,78529,551.0
2867,2867,Training,Extruder,65.86,46.45,10,77728,432.0
2868,2868,Training,Coil Oven,35.95,36.45,10,53349,225.0
2869,2869,Training,Pressure Cutter,97.78,86.06,8,72957,184.0
2870,2870,Training,Coil Oven,66.75,87.5,7,25512,290.0
2871,2871,Training,Extruder,11.57,43.25,14,40049,379.0
2872,2872,Training,Extruder,92.17,49.42,11,77755,336.0
2873,2873,Training,Pressure Cutter,61.33,68.67,6,29478,165.0
2874,2874,Training,Extruder,79.89,39.42,14,71364,270.0
2875,2875,Training,Coil Oven,80.31,51.36,5,44587,520.0
2876,2876,Training,Coil Oven,70.61,55.01,10,54595,350.0
2877,2877,Training,Extruder,38.38,88.65,2,71008,155.0
2878,2878,Training,Coil Oven,11.69,90.87,11,51433,106.0
2879,2879,Training,Pressure Cutter,24.65,39.87,6,78930,583.0
2880,2880,Training,Gauge Machine,51.42,92.85,4,50004,180.0
2881,2881,Training,Extruder,6.76,78.24,5,76415,562.0
2882,2882,Training,Pump,41.09,70.12,8,27874,569.0
2883,2883,Training,Coil Oven,42.45,58.86,15,78230,211.0
2884,2884,Training,Pump,52.08,73.28,16,65557,474.0
2885,2885,Training,Extruder,18.03,60.02,11,72427,513.0
2886,2886,Training,Extruder,45.91,90.16,10,34245,465.0
2887,2887,Training,Coil Oven,58.78,61.57,16,25440,382.0
2888,2888,Training,Gauge Machine,53.86,94.44,13,56732,155.0
2889,2889,Training,Coil Oven,67.6,41.96,17,45593,64.0
2890,2890,Training,Pump,12.63,55.42,10,28838,579.0
2891,2891,Training,Coil Oven,7.28,52.84,12,32116,323.0
2892,2892,Training,Extruder,49.96,82.81,13,48017,299.0
2893,2893,Training,Coil Oven,45.43,35.36,15,37667,564.0
2894,2894,Training,Coil Oven,37.33,54.27,6,73366,555.0
2895,2895,Training,Extruder,51.7,82.54,13,40424,107.0
2896,2896,Training,Extruder,38.61,52.26,4,74579,185.0
2897,2897,Training,Extruder,23.03,35.4,16,48740,438.0
2898,2898,Training,Pressure Cutter,91.91,53.71,14,41530,198.0
2899,2899,Training,Pressure Cutter,47.15,72.18,9,46893,370.0
2900,2900,Training,Coil Oven,53.44,54.97,9,51824,179.0
2901,2901,Training,Gauge Machine,70.06,39.72,11,32534,170.0
2902,2902,Training,Pressure Cutter,56.26,52.44,11,31594,573.0
2903,2903,Training,Extruder,23.82,88.42,6,33774,459.0
2904,2904,Training,Gauge Machine,48.09,55.1,6,36624,507.0
2905,2905,Training,Gauge Machine,25.83,71.87,6,48428,497.0
2906,2906,Training,Gauge Machine,8.28,93.08,3,29624,327.0
2907,2907,Training,Pressure Cutter,57.21,64.09,2,25069,455.0
2908,2908,Training,Gauge Machine,18.63,45.04,6,29100,571.0
2909,2909,Training,Pump,91.61,92.19,2,66457,474.0
2910,2910,Training,Gauge Machine,33.95,72.95,10,52207,274.0
2911,2911,Training,Gauge Machine,18.39,78.41,2,46869,139.0
2912,2912,Training,Gauge Machine,53.84,59.14,4,31975,86.0
2913,2913,Training,Pump,49.61,49.13,2,73692,518.0
2914,2914,Training,Coil Oven,26.55,41.55,8,36258,172.0
2915,2915,Training,Gauge Machine,38.66,92.87,3,64929,88.0
2916,2916,Training,Gauge Machine,14.14,40.35,9,75587,177.0
2917,2917,Training,Coil Oven,30.95,38.17,4,29631,265.0
2918,2918,Training,Gauge Machine,91.95,88.76,14,41218,200.0
2919,2919,Training,Coil Oven,97.51,51.02,12,35405,282.0
2920,2920,Training,Gauge Machine,10.85,78.9,13,63973,149.0
2921,2921,Training,Extruder,96.93,87.52,7,51646,177.0
2922,2922,Training,Pump,54.06,46.32,13,30615,263.0
2923,2923,Training,Pump,52.77,70.8,15,33221,379.0
2924,2924,Training,Pressure Cutter,64.25,53.15,3,63070,152.0
2925,2925,Training,Pump,76.82,47.31,10,78676,390.0
2926,2926,Training,Extruder,57.83,67.93,2,73651,533.0
2927,2927,Training,Coil Oven,28.73,54.11,14,28222,393.0
2928,2928,Training,Gauge Machine,76.85,83.2,14,55151,250.0
2929,2929,Training,Extruder,89.12,50.01,14,29353,491.0
2930,2930,Training,Coil Oven,7.98,72.22,13,40563,241.0
2931,2931,Training,Pressure Cutter,33.42,66.18,2,54517,76.0
2932,2932,Training,Coil Oven,98.13,35.25,5,56745,546.0
2933,2933,Training,Coil Oven,47.96,76.7,17,37503,311.0
2934,2934,Training,Pump,60.28,64.75,11,42846,411.0
2935,2935,Training,Pump,33.36,75.84,11,65231,488.0
2936,2936,Training,Coil Oven,89.0,84.0,4,74576,102.0
2937,2937,Training,Coil Oven,6.95,46.52,10,69927,543.0
2938,2938,Training,Coil Oven,27.15,47.26,2,75937,445.0
2939,2939,Training,Pump,71.99,71.67,11,32248,267.0
2940,2940,Training,Extruder,75.84,66.72,15,56347,585.0
2941,2941,Training,Pump,52.59,46.09,6,53950,215.0
2942,2942,Training,Extruder,38.75,62.71,5,46553,275.0
2943,2943,Training,Pressure Cutter,27.73,61.94,3,47858,347.0
2944,2944,Training,Coil Oven,78.04,81.23,8,46346,254.0
2945,2945,Training,Pressure Cutter,20.65,51.25,11,40240,227.0
2946,2946,Training,Pump,75.78,75.81,8,70901,165.0
2947,2947,Training,Coil Oven,79.16,72.66,14,53364,310.0
2948,2948,Training,Pump,51.06,52.06,17,73122,180.0
2949,2949,Training,Gauge Machine,53.11,80.11,16,23356,332.0
2950,2950,Training,Pump,56.0,40.3,7,68977,62.0
2951,2951,Training,Extruder,78.5,65.93,3,71018,505.0
2952,2952,Training,Pressure Cutter,42.29,49.66,7,79651,361.0
2953,2953,Training,Pump,83.24,81.76,12,50008,385.0
2954,2954,Training,Gauge Machine,95.87,81.6,16,59395,377.0
2955,2955,Training,Extruder,19.79,37.12,14,55176,64.0
2956,2956,Training,Extruder,63.67,54.96,15,23510,489.0
2957,2957,Training,Extruder,17.57,38.15,7,57804,228.0
2958,2958,Training,Coil Oven,26.37,38.24,12,38169,504.0
2959,2959,Training,Pressure Cutter,44.96,56.63,10,51343,345.0
2960,2960,Training,Coil Oven,88.07,66.1,13,46177,453.0
2961,2961,Training,Extruder,80.6,39.72,8,44266,69.0
2962,2962,Training,Extruder,13.73,67.73,3,73068,180.0
2963,2963,Training,Pump,42.07,35.59,6,38728,576.0
2964,2964,Training,Extruder,39.31,52.6,2,70255,518.0
2965,2965,Training,Coil Oven,30.98,49.24,17,68353,543.0
2966,2966,Training,Coil Oven,9.14,70.22,12,48533,425.0
2967,2967,Training,Pump,9.28,37.3,16,52426,461.0
2968,2968,Training,Coil Oven,49.06,41.16,14,59688,209.0
2969,2969,Training,Gauge Machine,12.57,35.92,6,70601,176.0
2970,2970,Training,Extruder,92.89,46.28,14,73567,308.0
2971,2971,Training,Gauge Machine,73.47,79.86,3,56220,504.0
2972,2972,Training,Coil Oven,20.83,89.97,10,63158,264.0
2973,2973,Training,Pressure Cutter,53.83,91.56,3,70625,213.0
2974,2974,Training,Coil Oven,87.17,67.38,4,79577,223.0
2975,2975,Training,Pressure Cutter,41.48,36.72,6,24955,461.0
2976,2976,Training,Coil Oven,99.12,56.42,13,57549,97.0
2977,2977,Training,Gauge Machine,76.87,86.77,3,70944,198.0
2978,2978,Training,Pressure Cutter,65.2,35.33,3,46244,471.0
2979,2979,Training,Extruder,36.02,45.38,13,36000,134.0
2980,2980,Training,Pressure Cutter,38.81,78.19,12,59710,364.0
2981,2981,Training,Coil Oven,74.39,63.2,17,54349,55.0
2982,2982,Training,Extruder,39.64,70.29,10,47902,109.0
2983,2983,Training,Gauge Machine,73.8,72.46,11,33432,394.0
2984,2984,Training,Coil Oven,77.34,60.16,15,68079,219.0
2985,2985,Training,Pressure Cutter,85.31,43.64,6,33006,220.0
2986,2986,Training,Pump,70.71,44.73,17,61679,261.0
2987,2987,Training,Coil Oven,26.1,35.32,6,46688,63.0
2988,2988,Training,Pressure Cutter,54.91,46.9,14,26545,222.0
2989,2989,Training,Gauge Machine,6.48,46.92,7,31708,185.0
2990,2990,Training,Gauge Machine,60.08,45.41,9,45684,557.0
2991,2991,Training,Gauge Machine,11.64,40.88,13,75520,141.0
2992,2992,Training,Gauge Machine,47.8,40.22,14,68915,160.0
2993,2993,Training,Pump,32.36,89.66,10,73413,463.0
2994,2994,Training,Pump,58.0,48.16,12,79969,350.0
2995,2995,Training,Extruder,98.42,84.2,7,71152,99.0
2996,2996,Training,Gauge Machine,72.21,73.74,8,63303,278.0
2997,2997,Training,Gauge Machine,97.18,94.93,15,77598,343.0
2998,2998,Training,Coil Oven,54.6,39.25,14,44610,462.0
2999,2999,Training,Pressure Cutter,36.13,74.54,14,63856,217.0
3000,3000,Training,Pressure Cutter,62.56,64.0,10,72759,525.0
3001,3001,Training,Extruder,62.5,68.13,10,32462,410.0
3002,3002,Training,Gauge Machine,21.72,65.31,3,38147,492.0
3003,3003,Training,Coil Oven,84.3,53.53,13,27571,389.0
3004,3004,Training,Pump,39.26,59.72,8,72450,76.0
3005,3005,Training,Extruder,59.06,55.06,2,52675,236.0
3006,3006,Training,Extruder,68.85,79.2,1,39209,297.0
3007,3007,Training,Gauge Machine,48.73,93.5,10,51823,434.0
3008,3008,Training,Gauge Machine,41.47,56.34,9,75728,283.0
3009,3009,Training,Extruder,42.02,54.92,14,54181,406.0
3010,3010,Training,Gauge Machine,43.84,54.91,13,26868,303.0
3011,3011,Training,Gauge Machine,11.06,49.79,14,50998,63.0
3012,3012,Training,Extruder,96.18,89.26,3,50809,321.0
3013,3013,Training,Pressure Cutter,18.8,79.46,9,51065,324.0
3014,3014,Training,Extruder,95.62,86.12,5,52968,68.0
3015,3015,Training,Gauge Machine,24.17,78.5,6,56073,295.0
3016,3016,Training,Coil Oven,81.03,88.82,14,46074,456.0
3017,3017,Training,Extruder,99.39,52.15,4,56428,489.0
3018,3018,Training,Pump,88.2,87.47,7,48748,385.0
3019,3019,Training,Gauge Machine,47.82,35.23,1,57387,262.0
3020,3020,Training,Pump,48.78,47.52,16,57030,290.0
3021,3021,Training,Pressure Cutter,99.64,84.54,1,63034,251.0
3022,3022,Training,Pump,87.06,44.39,8,64728,361.0
3023,3023,Training,Extruder,80.05,49.96,1,40986,423.0
3024,3024,Training,Gauge Machine,62.93,50.14,8,32654,553.0
3025,3025,Training,Coil Oven,96.65,56.41,6,63393,542.0
3026,3026,Training,Gauge Machine,87.4,58.74,13,29816,208.0
3027,3027,Training,Extruder,57.65,92.93,15,23534,295.0
3028,3028,Training,Extruder,25.65,71.46,16,73331,73.0
3029,3029,Training,Pump,93.69,83.9,17,23297,555.0
3030,3030,Training,Pump,99.54,70.9,6,46942,351.0
3031,3031,Training,Coil Oven,57.96,60.23,14,68152,380.0
3032,3032,Training,Pressure Cutter,63.53,43.99,3,29863,325.0
3033,3033,Training,Gauge Machine,39.16,37.52,13,29984,166.0
3034,3034,Training,Coil Oven,7.76,93.21,11,52884,352.0
3035,3035,Training,Extruder,89.35,82.94,4,73471,485.0
3036,3036,Training,Pressure Cutter,24.61,89.66,12,77372,376.0
3037,3037,Training,Gauge Machine,88.94,72.09,4,25696,454.0
3038,3038,Training,Pump,41.72,75.97,6,55324,433.0
3039,3039,Training,Coil Oven,98.16,36.91,3,25889,309.0
3040,3040,Training,Extruder,62.3,67.48,15,39226,398.0
3041,3041,Training,Gauge Machine,65.71,45.31,15,48558,118.0
3042,3042,Training,Pump,67.34,94.13,13,27689,350.0
3043,3043,Training,Pump,20.51,43.18,6,42186,386.0
3044,3044,Training,Extruder,46.53,77.22,3,69170,236.0
3045,3045,Training,Pressure Cutter,5.52,53.1,7,75420,221.0
3046,3046,Training,Coil Oven,49.22,37.77,6,69950,313.0
3047,3047,Training,Pressure Cutter,17.98,38.67,16,35886,167.0
3048,3048,Training,Pump,84.81,41.02,10,45934,396.0
3049,3049,Training,Gauge Machine,89.51,60.17,3,46644,100.0
3050,3050,Training,Gauge Machine,73.41,47.85,3,46688,200.0
3051,3051,Training,Extruder,41.92,82.59,17,54295,366.0
3052,3052,Training,Pressure Cutter,26.03,89.09,7,26827,248.0
3053,3053,Training,Coil Oven,80.61,55.8,4,30132,70.0
3054,3054,Training,Extruder,74.56,61.22,13,67475,343.0
3055,3055,Training,Pump,31.17,38.81,10,76784,499.0
3056,3056,Training,Pump,29.36,83.6,8,32851,205.0
3057,3057,Training,Extruder,40.74,91.73,1,63318,156.0
3058,3058,Training,Extruder,49.01,77.74,5,65167,324.0
3059,3059,Training,Pump,19.77,65.63,1,34158,207.0
3060,3060,Training,Pump,80.39,80.8,4,51628,288.0
3061,3061,Training,Coil Oven,10.45,80.05,10,71088,569.0
3062,3062,Training,Coil Oven,35.95,89.5,16,63033,55.0
3063,3063,Training,Extruder,43.12,41.08,13,63401,483.0
3064,3064,Training,Coil Oven,37.27,94.79,4,25496,312.0
3065,3065,Training,Gauge Machine,71.33,89.26,1,54258,154.0
3066,3066,Training,Pump,30.34,69.4,12,71677,303.0
3067,3067,Training,Pump,53.8,74.25,7,35459,563.0
3068,3068,Training,Extruder,69.76,36.94,13,47709,523.0
3069,3069,Training,Gauge Machine,22.24,44.48,15,43676,491.0
3070,3070,Training,Pressure Cutter,83.18,59.78,17,54936,457.0
3071,3071,Training,Gauge Machine,17.26,71.09,17,26635,573.0
3072,3072,Training,Pump,95.38,40.09,14,64489,440.0
3073,3073,Training,Pump,36.38,35.22,10,43435,470.0
3074,3074,Training,Extruder,35.31,60.52,10,40080,355.0
3075,3075,Training,Pressure Cutter,84.35,38.52,16,64745,446.0
3076,3076,Training,Coil Oven,69.11,73.48,17,64535,383.0
3077,3077,Training,Pump,23.91,77.18,7,68346,557.0
3078,3078,Training,Gauge Machine,67.05,59.8,2,78272,112.0
3079,3079,Training,Pressure Cutter,47.45,57.38,5,26158,337.0
3080,3080,Training,Coil Oven,67.12,77.95,8,35351,191.0
3081,3081,Training,Extruder,92.77,43.95,10,51169,371.0
3082,3082,Training,Gauge Machine,34.56,64.63,14,24688,330.0
3083,3083,Training,Pump,61.42,91.14,5,54790,258.0
3084,3084,Training,Coil Oven,10.02,43.87,5,30600,167.0
3085,3085,Training,Pump,86.53,49.3,1,48132,185.0
3086,3086,Training,Pressure Cutter,77.34,66.31,10,75117,541.0
3087,3087,Training,Extruder,11.75,37.99,13,60493,97.0
3088,3088,Training,Gauge Machine,22.39,42.7,5,69674,221.0
3089,3089,Training,Extruder,14.26,66.39,3,62173,191.0
3090,3090,Training,Coil Oven,74.39,39.19,8,78247,424.0
3091,3091,Training,Extruder,54.7,54.38,5,56166,563.0
3092,3092,Training,Pump,85.49,74.36,5,63239,372.0
3093,3093,Training,Coil Oven,32.84,35.92,16,55783,439.0
3094,3094,Training,Pressure Cutter,69.48,80.07,9,54347,53.0
3095,3095,Training,Gauge Machine,50.72,47.91,15,41224,117.0
3096,3096,Training,Pressure Cutter,50.71,54.23,16,54209,489.0
3097,3097,Training,Pump,32.68,45.35,3,72367,171.0
3098,3098,Training,Extruder,54.39,39.64,10,37249,432.0
3099,3099,Training,Gauge Machine,87.07,36.11,6,61647,261.0
3100,3100,Training,Extruder,33.78,51.7,14,39587,254.0
3101,3101,Training,Pump,51.49,72.8,12,57276,525.0
3102,3102,Training,Pump,20.09,72.54,4,58078,456.0
3103,3103,Training,Coil Oven,29.56,44.85,3,70540,475.0
3104,3104,Training,Extruder,14.36,67.65,17,46253,371.0
3105,3105,Training,Coil Oven,18.92,58.34,6,79516,297.0
3106,3106,Training,Extruder,57.11,93.08,14,58462,113.0
3107,3107,Training,Pressure Cutter,25.38,59.85,12,39165,176.0
3108,3108,Training,Gauge Machine,31.12,74.55,7,57487,553.0
3109,3109,Training,Pressure Cutter,34.32,92.95,15,33748,57.0
3110,3110,Training,Pressure Cutter,49.88,75.58,3,67167,569.0
3111,3111,Training,Extruder,70.18,38.83,3,60569,200.0
3112,3112,Training,Pressure Cutter,45.46,40.11,13,60441,137.0
3113,3113,Training,Pressure Cutter,64.07,46.22,8,26295,342.0
3114,3114,Training,Coil Oven,35.99,51.17,3,72366,560.0
3115,3115,Training,Coil Oven,89.14,66.63,3,61520,69.0
3116,3116,Training,Pressure Cutter,37.09,71.11,3,24285,553.0
3117,3117,Training,Extruder,72.33,88.57,7,35911,583.0
3118,3118,Training,Pump,66.21,64.15,8,30788,107.0
3119,3119,Training,Pressure Cutter,86.77,48.05,17,23521,181.0
3120,3120,Training,Extruder,36.42,36.72,13,74029,293.0
3121,3121,Training,Pump,11.22,63.46,11,75432,291.0
3122,3122,Training,Extruder,31.21,66.46,17,73002,273.0
3123,3123,Training,Coil Oven,45.44,38.96,8,68040,256.0
3124,3124,Training,Gauge Machine,41.37,50.22,15,60590,57.0
3125,3125,Training,Extruder,39.31,88.41,12,51347,509.0
3126,3126,Training,Pressure Cutter,47.63,57.9,15,32602,112.0
3127,3127,Training,Coil Oven,62.99,77.61,14,79610,310.0
3128,3128,Training,Gauge Machine,45.02,61.58,6,45012,242.0
3129,3129,Training,Coil Oven,98.43,74.74,2,55493,443.0
3130,3130,Training,Gauge Machine,38.61,38.18,15,27824,285.0
3131,3131,Training,Coil Oven,86.6,44.41,12,30111,447.0
3132,3132,Training,Coil Oven,27.94,43.65,4,70395,275.0
3133,3133,Training,Pressure Cutter,31.16,59.94,12,41204,487.0
3134,3134,Training,Gauge Machine,63.44,94.35,3,64109,136.0
3135,3135,Training,Pressure Cutter,63.64,36.92,9,46347,408.0
3136,3136,Training,Coil Oven,19.17,92.6,7,72464,240.0
3137,3137,Training,Pressure Cutter,6.79,69.31,13,29148,123.0
3138,3138,Training,Gauge Machine,50.58,75.62,5,42927,399.0
3139,3139,Training,Extruder,25.79,92.88,15,58542,83.0
3140,3140,Training,Pressure Cutter,57.83,87.47,5,31637,531.0
3141,3141,Training,Extruder,84.68,65.0,11,37539,348.0
3142,3142,Training,Pump,78.46,62.28,12,48918,381.0
3143,3143,Training,Extruder,52.07,78.77,3,57393,357.0
3144,3144,Training,Extruder,95.93,46.22,5,61909,411.0
3145,3145,Training,Coil Oven,23.96,71.06,4,63774,324.0
3146,3146,Training,Extruder,16.09,68.67,11,62180,361.0
3147,3147,Training,Gauge Machine,40.51,39.58,16,57130,243.0
3148,3148,Training,Coil Oven,5.16,56.3,8,58224,466.0
3149,3149,Training,Coil Oven,45.31,43.72,6,37045,110.0
3150,3150,Training,Pump,42.1,35.2,7,32037,487.0
3151,3151,Training,Coil Oven,91.37,62.34,16,43220,60.0
3152,3152,Training,Extruder,50.51,50.26,16,72009,276.0
3153,3153,Training,Pump,36.2,83.8,9,38919,490.0
3154,3154,Training,Gauge Machine,79.8,36.74,7,27082,400.0
3155,3155,Training,Coil Oven,29.1,61.48,12,26925,197.0
3156,3156,Training,Pressure Cutter,41.7,58.74,11,61509,372.0
3157,3157,Training,Extruder,82.8,54.65,9,24525,510.0
3158,3158,Training,Coil Oven,10.31,61.49,7,24409,492.0
3159,3159,Training,Gauge Machine,17.21,88.13,10,69477,556.0
3160,3160,Training,Gauge Machine,69.66,83.54,10,30779,270.0
3161,3161,Training,Coil Oven,48.04,49.72,4,65910,322.0
3162,3162,Training,Pump,10.0,89.09,10,51334,440.0
3163,3163,Training,Coil Oven,35.39,73.85,15,62062,172.0
3164,3164,Training,Extruder,52.86,81.15,5,43032,198.0
3165,3165,Training,Coil Oven,15.82,69.29,7,25308,177.0
3166,3166,Training,Pump,65.29,82.64,13,54900,559.0
3167,3167,Training,Gauge Machine,48.29,75.07,6,47369,502.0
3168,3168,Training,Pressure Cutter,35.85,72.57,11,44377,140.0
3169,3169,Training,Pressure Cutter,36.06,37.58,16,33367,299.0
3170,3170,Training,Extruder,27.05,87.55,16,44048,349.0
3171,3171,Training,Pump,10.56,94.22,4,26068,380.0
3172,3172,Training,Pump,17.4,49.67,12,74789,377.0
3173,3173,Training,Gauge Machine,83.65,76.33,9,47624,278.0
3174,3174,Training,Pressure Cutter,82.69,49.47,10,35413,62.0
3175,3175,Training,Gauge Machine,93.22,78.27,6,71722,236.0
3176,3176,Training,Pressure Cutter,22.06,71.68,16,41719,101.0
3177,3177,Training,Coil Oven,86.97,92.47,4,64420,330.0
3178,3178,Training,Coil Oven,67.14,52.62,12,44691,225.0
3179,3179,Training,Pump,96.37,66.13,15,76393,553.0
3180,3180,Training,Gauge Machine,45.4,90.74,15,70538,329.0
3181,3181,Training,Coil Oven,80.57,70.22,13,41670,145.0
3182,3182,Training,Extruder,73.87,43.46,15,36305,530.0
3183,3183,Training,Coil Oven,30.43,56.7,4,44618,216.0
3184,3184,Training,Pressure Cutter,57.41,38.95,16,32395,280.0
3185,3185,Training,Extruder,44.97,79.76,3,36651,200.0
3186,3186,Training,Coil Oven,61.39,76.47,14,36238,394.0
3187,3187,Training,Gauge Machine,26.42,73.28,14,79021,266.0
3188,3188,Training,Gauge Machine,67.51,47.95,7,38691,506.0
3189,3189,Training,Pressure Cutter,61.51,37.18,16,52827,386.0
3190,3190,Training,Gauge Machine,46.94,75.36,11,76055,343.0
3191,3191,Training,Pressure Cutter,12.59,73.95,13,60815,355.0
3192,3192,Training,Pressure Cutter,97.94,78.1,10,36252,51.0
3193,3193,Training,Pressure Cutter,82.75,83.73,3,49095,74.0
3194,3194,Training,Extruder,64.4,47.48,16,69280,90.0
3195,3195,Training,Gauge Machine,6.5,53.13,12,36657,209.0
3196,3196,Training,Pump,47.13,70.78,9,29540,378.0
3197,3197,Training,Gauge Machine,68.8,79.61,15,77435,569.0
3198,3198,Training,Pump,26.02,69.85,4,34708,111.0
3199,3199,Training,Pressure Cutter,99.14,90.19,17,64366,171.0
3200,3200,Training,Pump,28.82,87.1,14,27292,420.0
3201,3201,Training,Gauge Machine,77.98,72.54,5,25151,161.0
3202,3202,Training,Gauge Machine,80.42,78.45,12,62695,64.0
3203,3203,Training,Pump,98.09,75.37,11,36080,236.0
3204,3204,Training,Pump,23.42,82.5,3,23905,88.0
3205,3205,Training,Extruder,94.49,87.19,6,69964,237.0
3206,3206,Training,Coil Oven,34.5,59.37,7,78733,182.0
3207,3207,Training,Gauge Machine,47.95,65.82,12,65282,467.0
3208,3208,Training,Pressure Cutter,40.28,47.98,11,71978,210.0
3209,3209,Training,Pressure Cutter,74.36,58.02,13,31576,135.0
3210,3210,Training,Pump,41.58,83.55,16,28940,126.0
3211,3211,Training,Pressure Cutter,46.63,66.13,16,34605,478.0
3212,3212,Training,Coil Oven,60.02,61.88,11,45199,467.0
3213,3213,Training,Pump,38.65,47.12,10,44206,453.0
3214,3214,Training,Pump,83.0,73.02,15,61364,204.0
3215,3215,Training,Gauge Machine,5.28,50.34,4,50752,113.0
3216,3216,Training,Pump,9.13,80.18,12,26077,424.0
3217,3217,Training,Pressure Cutter,12.34,41.08,7,76933,545.0
3218,3218,Training,Pressure Cutter,99.97,87.91,14,51107,111.0
3219,3219,Training,Coil Oven,95.46,49.75,11,30729,571.0
3220,3220,Training,Pressure Cutter,12.35,87.22,10,58493,98.0
3221,3221,Training,Extruder,45.89,80.97,5,43270,492.0
3222,3222,Training,Coil Oven,74.14,43.47,9,36362,126.0
3223,3223,Training,Pump,14.55,79.03,12,37083,166.0
3224,3224,Training,Gauge Machine,10.48,71.8,1,34706,166.0
3225,3225,Training,Pressure Cutter,54.74,93.23,3,35443,193.0
3226,3226,Training,Pressure Cutter,61.82,56.88,13,37244,216.0
3227,3227,Training,Pressure Cutter,44.67,81.97,2,37401,203.0
3228,3228,Training,Coil Oven,28.29,65.08,11,37195,414.0
3229,3229,Training,Coil Oven,83.97,52.48,15,33852,253.0
3230,3230,Training,Extruder,80.72,94.83,6,53347,494.0
3231,3231,Training,Coil Oven,9.05,57.55,4,62735,371.0
3232,3232,Training,Pump,41.52,86.71,3,28214,427.0
3233,3233,Training,Pump,60.41,37.76,2,29232,139.0
3234,3234,Training,Extruder,99.76,48.61,9,38118,214.0
3235,3235,Training,Gauge Machine,14.01,82.81,15,30501,515.0
3236,3236,Training,Coil Oven,56.37,48.15,6,77539,555.0
3237,3237,Training,Extruder,86.98,42.76,2,28835,205.0
3238,3238,Training,Pressure Cutter,56.94,77.36,11,41753,442.0
3239,3239,Training,Extruder,42.95,44.48,6,65452,241.0
3240,3240,Training,Gauge Machine,87.15,51.46,6,68338,262.0
3241,3241,Training,Extruder,58.09,36.08,16,32330,414.0
3242,3242,Training,Pressure Cutter,97.9,52.79,2,67080,177.0
3243,3243,Training,Gauge Machine,66.88,94.73,7,75954,62.0
3244,3244,Training,Extruder,65.87,70.33,8,37193,127.0
3245,3245,Training,Coil Oven,52.85,83.69,8,44491,73.0
3246,3246,Training,Coil Oven,7.95,74.01,10,74127,159.0
3247,3247,Training,Gauge Machine,62.18,52.19,14,71984,460.0
3248,3248,Training,Pump,10.86,68.13,2,79223,363.0
3249,3249,Training,Gauge Machine,88.53,65.03,14,26541,165.0
3250,3250,Training,Pump,13.75,71.22,4,26495,97.0
3251,3251,Training,Coil Oven,43.85,52.89,2,29616,558.0
3252,3252,Training,Coil Oven,89.94,39.22,4,76673,228.0
3253,3253,Training,Coil Oven,9.62,56.82,14,65646,560.0
3254,3254,Training,Pump,69.06,52.84,2,71509,437.0
3255,3255,Training,Pump,46.41,65.13,8,47654,392.0
3256,3256,Training,Pressure Cutter,47.39,56.47,2,74805,307.0
3257,3257,Training,Coil Oven,11.69,84.6,11,77682,151.0
3258,3258,Training,Gauge Machine,22.76,82.86,4,76851,216.0
3259,3259,Training,Gauge Machine,50.71,74.8,9,57901,261.0
3260,3260,Training,Coil Oven,24.65,92.4,14,56021,143.0
3261,3261,Training,Pump,63.84,74.36,4,79119,458.0
3262,3262,Training,Pump,56.64,61.87,12,70982,547.0
3263,3263,Training,Pressure Cutter,17.22,86.01,11,64587,534.0
3264,3264,Training,Pump,81.41,40.13,12,69341,212.0
3265,3265,Training,Pressure Cutter,44.92,37.79,8,34332,467.0
3266,3266,Training,Gauge Machine,46.15,67.43,9,77528,169.0
3267,3267,Training,Pressure Cutter,48.46,76.77,6,78484,454.0
3268,3268,Training,Extruder,57.1,35.13,6,78949,553.0
3269,3269,Training,Pressure Cutter,50.21,51.36,14,35870,140.0
3270,3270,Training,Pressure Cutter,87.87,58.61,12,71434,342.0
3271,3271,Training,Coil Oven,35.67,78.82,13,30330,365.0
3272,3272,Training,Pump,19.18,43.76,9,23883,115.0
3273,3273,Training,Pump,23.21,85.35,15,27137,499.0
3274,3274,Training,Coil Oven,21.58,53.92,8,45889,52.0
3275,3275,Training,Extruder,59.79,73.9,6,38482,203.0
3276,3276,Training,Extruder,92.3,37.55,12,75919,442.0
3277,3277,Training,Gauge Machine,56.82,46.43,10,76139,463.0
3278,3278,Training,Extruder,5.36,73.99,10,46173,219.0
3279,3279,Training,Extruder,98.93,93.27,10,51928,416.0
3280,3280,Training,Extruder,14.83,71.4,1,61577,84.0
3281,3281,Training,Pump,14.46,57.58,15,31900,311.0
3282,3282,Training,Pressure Cutter,41.44,75.39,10,65239,203.0
3283,3283,Training,Pump,46.33,62.0,1,51939,542.0
3284,3284,Training,Gauge Machine,33.57,68.87,13,55205,392.0
3285,3285,Training,Extruder,7.62,54.61,9,60546,455.0
3286,3286,Training,Gauge Machine,57.99,35.96,6,39401,163.0
3287,3287,Training,Pump,82.4,91.18,14,43030,100.0
3288,3288,Training,Extruder,10.48,71.21,4,64553,102.0
3289,3289,Training,Gauge Machine,69.01,67.39,14,45261,239.0
3290,3290,Training,Coil Oven,32.43,57.58,6,23783,456.0
3291,3291,Training,Pressure Cutter,97.2,72.45,9,62875,501.0
3292,3292,Training,Extruder,78.5,73.79,6,26912,290.0
3293,3293,Training,Coil Oven,18.57,65.99,8,54231,459.0
3294,3294,Training,Pressure Cutter,58.84,53.24,12,62839,102.0
3295,3295,Training,Gauge Machine,18.96,94.34,4,45476,291.0
3296,3296,Training,Coil Oven,44.67,62.64,17,46645,104.0
3297,3297,Training,Pressure Cutter,30.26,45.62,10,30970,402.0
3298,3298,Training,Pressure Cutter,27.88,40.36,14,60091,531.0
3299,3299,Training,Gauge Machine,21.33,72.49,16,24472,366.0
3300,3300,Training,Pump,68.28,93.43,15,39338,108.0
3301,3301,Training,Coil Oven,73.97,36.16,6,32397,454.0
3302,3302,Training,Coil Oven,9.73,55.45,1,29923,236.0
3303,3303,Training,Pump,79.07,41.94,10,70386,412.0
3304,3304,Training,Gauge Machine,41.55,93.78,12,77123,78.0
3305,3305,Training,Pump,82.49,82.9,12,41830,576.0
3306,3306,Training,Coil Oven,81.56,51.26,8,64169,163.0
3307,3307,Training,Coil Oven,88.8,48.39,7,60869,292.0
3308,3308,Training,Pump,32.83,36.54,4,67781,558.0
3309,3309,Training,Pressure Cutter,73.91,65.84,4,46518,527.0
3310,3310,Training,Pump,11.49,40.18,11,26854,170.0
3311,3311,Training,Pressure Cutter,76.28,77.13,12,29155,88.0
3312,3312,Training,Gauge Machine,7.07,92.55,15,41670,414.0
3313,3313,Training,Pump,21.51,51.29,6,79791,571.0
3314,3314,Training,Pressure Cutter,38.15,54.45,5,29780,111.0
3315,3315,Training,Pressure Cutter,96.05,54.29,8,34022,114.0
3316,3316,Training,Pressure Cutter,50.93,69.39,11,28187,238.0
3317,3317,Training,Pressure Cutter,17.01,75.9,2,27857,262.0
3318,3318,Training,Extruder,92.37,66.66,15,79611,571.0
3319,3319,Training,Extruder,19.49,65.51,6,30001,449.0
3320,3320,Training,Gauge Machine,26.19,66.69,6,63489,186.0
3321,3321,Training,Pump,10.4,85.27,14,57128,295.0
3322,3322,Training,Pump,24.27,63.49,13,59803,330.0
3323,3323,Training,Pump,66.2,78.27,7,74356,183.0
3324,3324,Training,Extruder,8.64,37.47,10,34316,194.0
3325,3325,Training,Gauge Machine,48.79,75.35,8,36511,243.0
3326,3326,Training,Pump,47.56,41.9,16,76861,176.0
3327,3327,Training,Coil Oven,61.85,71.56,10,32913,63.0
3328,3328,Training,Extruder,94.55,66.04,11,48049,182.0
3329,3329,Training,Pressure Cutter,37.28,84.16,3,73411,119.0
3330,3330,Training,Extruder,15.39,82.67,6,70995,295.0
3331,3331,Training,Gauge Machine,22.95,68.21,3,24377,381.0
3332,3332,Training,Pump,87.23,41.25,11,74855,319.0
3333,3333,Training,Pump,68.61,80.38,12,41367,533.0
3334,3334,Training,Pressure Cutter,64.36,47.27,17,52132,252.0
3335,3335,Training,Pump,13.58,78.93,11,35391,513.0
3336,3336,Training,Pump,37.66,47.02,7,34369,497.0
3337,3337,Training,Gauge Machine,35.92,82.49,3,49368,576.0
3338,3338,Training,Pump,25.36,83.69,9,52669,396.0
3339,3339,Training,Coil Oven,88.87,73.88,12,66727,439.0
3340,3340,Training,Extruder,39.74,83.56,7,69151,282.0
3341,3341,Training,Extruder,48.88,55.23,13,30461,212.0
3342,3342,Training,Pump,15.47,39.19,12,63303,66.0
3343,3343,Training,Pressure Cutter,75.51,49.19,16,23807,87.0
3344,3344,Training,Extruder,63.04,54.48,7,65522,100.0
3345,3345,Training,Coil Oven,89.0,72.99,13,69682,565.0
3346,3346,Training,Pressure Cutter,7.67,64.19,11,55135,457.0
3347,3347,Training,Gauge Machine,34.04,47.78,17,72909,327.0
3348,3348,Training,Gauge Machine,19.67,85.58,6,43949,373.0
3349,3349,Training,Pump,23.66,77.7,14,25155,498.0
3350,3350,Training,Pressure Cutter,73.44,49.27,16,28347,83.0
3351,3351,Training,Coil Oven,75.73,57.36,6,79917,525.0
3352,3352,Training,Gauge Machine,82.9,85.15,5,66252,199.0
3353,3353,Training,Coil Oven,71.09,90.51,12,62657,308.0
3354,3354,Training,Gauge Machine,45.89,90.94,2,40835,473.0
3355,3355,Training,Gauge Machine,84.09,56.63,8,30964,413.0
3356,3356,Training,Pressure Cutter,22.31,42.1,7,59432,425.0
3357,3357,Training,Pressure Cutter,87.17,74.55,10,56705,229.0
3358,3358,Training,Pressure Cutter,45.85,53.61,11,33939,421.0
3359,3359,Training,Pump,55.51,87.62,11,37592,490.0
3360,3360,Training,Coil Oven,44.29,35.05,3,75411,88.0
3361,3361,Training,Coil Oven,72.02,48.11,11,37286,413.0
3362,3362,Training,Extruder,11.1,59.19,2,46990,311.0
3363,3363,Training,Pump,40.47,51.81,6,60461,533.0
3364,3364,Training,Gauge Machine,29.96,89.83,15,62979,427.0
3365,3365,Training,Gauge Machine,52.46,67.86,14,58949,475.0
3366,3366,Training,Extruder,56.77,61.87,14,66744,405.0
3367,3367,Training,Extruder,18.56,49.26,14,49228,531.0
3368,3368,Training,Extruder,87.84,60.78,15,40274,90.0
3369,3369,Training,Coil Oven,22.54,82.04,4,49752,270.0
3370,3370,Training,Gauge Machine,72.16,44.52,1,43609,495.0
3371,3371,Training,Coil Oven,93.93,49.04,7,72436,355.0
3372,3372,Training,Extruder,65.84,93.28,14,39234,525.0
3373,3373,Training,Gauge Machine,41.92,88.29,7,55739,132.0
3374,3374,Training,Gauge Machine,58.42,94.4,9,38126,539.0
3375,3375,Training,Coil Oven,88.66,58.07,9,66601,300.0
3376,3376,Training,Gauge Machine,19.68,62.53,8,56927,66.0
3377,3377,Training,Pump,51.12,52.75,10,38174,455.0
3378,3378,Training,Extruder,68.67,49.47,13,40078,242.0
3379,3379,Training,Gauge Machine,24.66,51.65,8,58590,367.0
3380,3380,Training,Gauge Machine,92.17,84.74,12,52388,127.0
3381,3381,Training,Coil Oven,26.03,55.28,14,25793,189.0
3382,3382,Training,Pump,33.31,81.55,5,23510,383.0
3383,3383,Training,Coil Oven,29.29,66.88,8,52539,493.0
3384,3384,Training,Pump,37.56,65.54,3,28401,388.0
3385,3385,Training,Pump,25.95,93.89,15,47293,399.0
3386,3386,Training,Pump,50.46,51.44,2,65806,214.0
3387,3387,Training,Pump,98.61,76.5,6,78274,448.0
3388,3388,Training,Extruder,79.81,54.4,13,55298,550.0
3389,3389,Training,Pump,73.84,50.98,3,56844,424.0
3390,3390,Training,Extruder,67.48,70.87,4,64551,437.0
3391,3391,Training,Extruder,30.64,47.62,15,64460,199.0
3392,3392,Training,Pump,48.11,83.75,5,58967,457.0
3393,3393,Training,Pump,59.69,53.65,7,63506,92.0
3394,3394,Training,Pump,82.18,75.71,11,60386,426.0
3395,3395,Training,Pump,79.03,77.6,8,42130,389.0
3396,3396,Training,Pump,5.34,62.19,14,61558,268.0
3397,3397,Training,Coil Oven,17.71,81.05,1,49111,479.0
3398,3398,Training,Extruder,14.12,93.28,11,48229,126.0
3399,3399,Training,Pump,10.53,78.93,7,56097,552.0
3400,3400,Training,Pressure Cutter,35.03,45.99,10,31536,317.0
3401,3401,Training,Pump,67.1,71.03,5,68917,263.0
3402,3402,Training,Coil Oven,74.84,89.88,4,32986,560.0
3403,3403,Training,Extruder,77.66,36.03,11,24079,440.0
3404,3404,Training,Gauge Machine,13.23,66.97,6,25689,539.0
3405,3405,Training,Coil Oven,61.28,66.2,6,76086,340.0
3406,3406,Training,Pump,81.43,52.16,2,74569,88.0
3407,3407,Training,Pressure Cutter,34.45,42.4,17,62944,479.0
3408,3408,Training,Coil Oven,39.33,89.41,8,75176,373.0
3409,3409,Training,Coil Oven,66.42,48.14,16,68522,531.0
3410,3410,Training,Extruder,98.37,67.03,3,30970,544.0
3411,3411,Training,Extruder,30.59,59.5,6,25688,441.0
3412,3412,Training,Gauge Machine,48.88,64.01,5,46872,76.0
3413,3413,Training,Pump,95.38,74.75,4,54746,310.0
3414,3414,Training,Pressure Cutter,89.64,52.39,15,70566,84.0
3415,3415,Training,Pump,71.76,36.41,14,33036,229.0
3416,3416,Training,Extruder,81.48,47.66,4,41904,577.0
3417,3417,Training,Pressure Cutter,29.74,88.62,8,57163,198.0
3418,3418,Training,Extruder,78.63,84.9,14,76396,413.0
3419,3419,Training,Pump,50.48,71.09,11,40412,294.0
3420,3420,Training,Pressure Cutter,69.72,81.01,10,75925,95.0
3421,3421,Training,Coil Oven,64.77,82.41,11,77026,580.0
3422,3422,Training,Coil Oven,59.55,57.66,10,29119,142.0
3423,3423,Training,Extruder,27.41,80.21,15,78111,124.0
3424,3424,Training,Extruder,67.19,37.34,12,35043,384.0
3425,3425,Training,Gauge Machine,8.02,53.47,7,73856,58.0
3426,3426,Training,Gauge Machine,95.87,39.85,10,66234,544.0
3427,3427,Training,Gauge Machine,91.43,72.89,16,77068,584.0
3428,3428,Training,Gauge Machine,72.16,61.01,9,78696,181.0
3429,3429,Training,Gauge Machine,61.51,63.27,5,58157,483.0
3430,3430,Training,Coil Oven,19.63,39.6,1,45939,185.0
3431,3431,Training,Gauge Machine,68.76,35.75,14,50408,401.0
3432,3432,Training,Pump,26.12,86.4,5,57596,349.0
3433,3433,Training,Coil Oven,42.32,65.55,8,44248,80.0
3434,3434,Training,Pump,90.21,76.58,16,76801,568.0
3435,3435,Training,Extruder,27.03,72.03,5,31525,149.0
3436,3436,Training,Gauge Machine,25.87,88.43,14,58502,80.0
3437,3437,Training,Coil Oven,54.41,68.68,10,50123,274.0
3438,3438,Training,Extruder,71.61,56.55,4,40923,104.0
3439,3439,Training,Pressure Cutter,11.36,40.94,12,73098,428.0
3440,3440,Training,Pressure Cutter,46.71,78.85,4,76507,404.0
3441,3441,Training,Coil Oven,28.23,70.21,8,57462,232.0
3442,3442,Training,Gauge Machine,78.51,82.13,17,32061,500.0
3443,3443,Training,Pump,93.48,35.92,3,45657,544.0
3444,3444,Training,Coil Oven,97.06,54.21,11,59323,402.0
3445,3445,Training,Gauge Machine,97.92,91.02,10,32727,104.0
3446,3446,Training,Extruder,49.81,71.67,4,66703,249.0
3447,3447,Training,Pump,5.22,61.94,9,73273,517.0
3448,3448,Training,Coil Oven,12.67,36.86,15,69497,295.0
3449,3449,Training,Pressure Cutter,65.97,43.58,10,68310,352.0
3450,3450,Training,Gauge Machine,94.64,45.98,14,35053,385.0
3451,3451,Training,Pressure Cutter,39.8,77.01,7,77777,190.0
3452,3452,Training,Pump,59.35,47.85,9,76322,499.0
3453,3453,Training,Coil Oven,27.52,35.53,5,29030,306.0
3454,3454,Training,Pump,99.15,52.91,9,40797,484.0
3455,3455,Training,Gauge Machine,24.14,43.67,3,78504,287.0
3456,3456,Training,Coil Oven,40.43,60.06,2,28913,562.0
3457,3457,Training,Gauge Machine,36.69,60.16,2,79313,144.0
3458,3458,Training,Pump,36.5,59.77,12,75202,407.0
3459,3459,Training,Pump,56.15,57.42,6,66054,448.0
3460,3460,Training,Gauge Machine,56.81,92.68,14,55770,244.0
3461,3461,Training,Pump,61.76,83.43,8,27677,159.0
3462,3462,Training,Pump,18.27,85.83,7,63608,183.0
3463,3463,Training,Pump,71.25,63.47,6,64657,437.0
3464,3464,Training,Coil Oven,92.52,58.67,15,61677,400.0
3465,3465,Training,Coil Oven,75.69,88.65,8,61480,349.0
3466,3466,Training,Extruder,91.54,90.83,10,75899,365.0
3467,3467,Training,Pressure Cutter,8.25,71.62,9,69542,372.0
3468,3468,Training,Pump,77.69,40.73,6,34482,154.0
3469,3469,Training,Coil Oven,8.91,51.36,10,66582,466.0
3470,3470,Training,Pressure Cutter,88.92,40.86,14,34952,304.0
3471,3471,Training,Coil Oven,54.6,79.67,6,29228,559.0
3472,3472,Training,Extruder,66.03,38.69,16,26183,483.0
3473,3473,Training,Extruder,91.49,39.07,13,68553,302.0
3474,3474,Training,Extruder,86.37,86.91,5,38448,486.0
3475,3475,Training,Extruder,73.42,79.04,3,44372,541.0
3476,3476,Training,Extruder,81.63,41.3,16,62010,255.0
3477,3477,Training,Extruder,53.9,40.48,16,27531,217.0
3478,3478,Training,Gauge Machine,65.37,87.79,13,74070,223.0
3479,3479,Training,Pressure Cutter,78.74,88.68,13,33028,584.0
3480,3480,Training,Coil Oven,14.25,68.12,2,25235,519.0
3481,3481,Training,Pressure Cutter,72.15,84.24,8,53042,472.0
3482,3482,Training,Coil Oven,49.13,46.95,9,48733,497.0
3483,3483,Training,Pressure Cutter,50.66,93.28,3,30553,446.0
3484,3484,Training,Extruder,91.96,71.16,9,63832,180.0
3485,3485,Training,Coil Oven,72.53,56.44,11,76453,189.0
3486,3486,Training,Gauge Machine,89.07,83.38,13,26692,129.0
3487,3487,Training,Pressure Cutter,10.27,54.85,15,44768,85.0
3488,3488,Training,Extruder,94.89,53.87,13,36042,312.0
3489,3489,Training,Coil Oven,63.79,57.29,16,63504,355.0
3490,3490,Training,Pump,87.41,60.13,2,46666,340.0
3491,3491,Training,Pump,95.12,67.57,15,27091,548.0
3492,3492,Training,Gauge Machine,28.98,59.02,3,77680,351.0
3493,3493,Training,Extruder,11.53,58.5,8,53360,217.0
3494,3494,Training,Extruder,14.02,69.5,5,25193,228.0
3495,3495,Training,Gauge Machine,48.72,61.41,15,46664,219.0
3496,3496,Training,Pressure Cutter,16.42,65.01,17,57396,227.0
3497,3497,Training,Coil Oven,40.24,40.28,7,24580,114.0
3498,3498,Training,Coil Oven,27.43,41.59,2,31330,83.0
3499,3499,Training,Pump,88.23,79.9,10,42901,215.0
3500,3500,Training,Gauge Machine,85.33,42.75,15,37430,399.0
3501,3501,Training,Coil Oven,77.71,50.26,4,54709,529.0
3502,3502,Training,Pressure Cutter,92.48,66.52,11,69139,247.0
3503,3503,Training,Extruder,37.44,70.42,6,23174,64.0
3504,3504,Training,Pressure Cutter,86.0,81.89,8,24630,111.0
3505,3505,Training,Pump,97.0,56.91,7,37675,491.0
3506,3506,Training,Pressure Cutter,61.87,80.13,4,38235,455.0
3507,3507,Training,Coil Oven,7.78,51.32,6,53667,66.0
3508,3508,Training,Coil Oven,20.07,76.42,5,38647,496.0
3509,3509,Training,Coil Oven,41.48,70.94,5,43156,483.0
3510,3510,Training,Pressure Cutter,40.62,76.78,8,57900,576.0
3511,3511,Training,Pump,74.23,48.65,10,30499,313.0
3512,3512,Training,Pressure Cutter,91.76,89.72,10,65182,527.0
3513,3513,Training,Extruder,72.35,44.59,5,33438,62.0
3514,3514,Training,Pump,86.41,91.75,6,27862,253.0
3515,3515,Training,Gauge Machine,84.24,37.35,15,26150,539.0
3516,3516,Training,Coil Oven,66.72,53.07,3,76530,142.0
3517,3517,Training,Pump,34.29,70.95,15,67552,70.0
3518,3518,Training,Gauge Machine,24.15,38.39,5,45718,428.0
3519,3519,Training,Extruder,83.96,81.26,12,34617,515.0
3520,3520,Training,Pressure Cutter,80.26,80.41,9,79463,365.0
3521,3521,Training,Pump,17.19,38.1,10,76625,274.0
3522,3522,Training,Pump,18.52,52.04,13,34732,444.0
3523,3523,Training,Extruder,39.53,74.24,13,66512,497.0
3524,3524,Training,Extruder,83.44,47.77,17,63281,124.0
3525,3525,Training,Gauge Machine,41.21,56.27,14,57151,141.0
3526,3526,Training,Pump,71.88,82.8,14,42745,114.0
3527,3527,Training,Extruder,48.83,49.36,3,38698,51.0
3528,3528,Training,Pressure Cutter,30.02,38.39,11,24368,184.0
3529,3529,Training,Pump,16.82,55.27,1,29226,188.0
3530,3530,Training,Pump,27.84,42.1,1,65969,318.0
3531,3531,Training,Pump,75.23,64.67,14,69951,551.0
3532,3532,Training,Pressure Cutter,79.28,82.8,13,63915,371.0
3533,3533,Training,Pressure Cutter,90.72,76.15,8,23072,392.0
3534,3534,Training,Gauge Machine,20.51,45.27,9,27688,267.0
3535,3535,Training,Extruder,57.06,72.68,9,35979,450.0
3536,3536,Training,Pressure Cutter,99.37,57.32,13,68770,538.0
3537,3537,Training,Gauge Machine,89.68,77.64,6,45358,105.0
3538,3538,Training,Pressure Cutter,54.62,52.15,9,30751,275.0
3539,3539,Training,Pressure Cutter,92.01,83.83,12,70055,499.0
3540,3540,Training,Pressure Cutter,66.56,37.76,2,51525,572.0
3541,3541,Training,Pump,11.06,89.8,2,63171,261.0
3542,3542,Training,Gauge Machine,47.37,64.15,10,64175,257.0
3543,3543,Training,Pump,81.07,83.16,1,30242,297.0
3544,3544,Training,Pressure Cutter,75.66,71.14,16,77839,225.0
3545,3545,Training,Pressure Cutter,51.28,43.99,15,57401,481.0
3546,3546,Training,Coil Oven,34.39,75.98,12,60980,495.0
3547,3547,Training,Gauge Machine,26.71,78.04,10,54151,274.0
3548,3548,Training,Extruder,59.26,65.39,1,43813,132.0
3549,3549,Training,Coil Oven,45.96,87.36,4,24762,104.0
3550,3550,Training,Extruder,92.33,94.68,12,65103,107.0
3551,3551,Training,Pressure Cutter,65.03,47.66,5,38637,199.0
3552,3552,Training,Coil Oven,91.76,74.73,6,60861,359.0
3553,3553,Training,Gauge Machine,20.92,70.4,14,47678,482.0
3554,3554,Training,Extruder,18.58,84.14,6,44914,113.0
3555,3555,Training,Pressure Cutter,69.63,91.45,11,70977,107.0
3556,3556,Training,Pump,35.91,83.92,9,53188,566.0
3557,3557,Training,Coil Oven,40.68,85.48,11,69096,93.0
3558,3558,Training,Pressure Cutter,96.59,74.2,7,38664,387.0
3559,3559,Training,Pressure Cutter,82.0,61.77,2,69663,62.0
3560,3560,Training,Extruder,16.14,39.39,5,31615,201.0
3561,3561,Training,Extruder,37.98,70.92,17,45751,516.0
3562,3562,Training,Extruder,35.45,52.44,11,25138,357.0
3563,3563,Training,Extruder,19.75,55.64,8,63137,135.0
3564,3564,Training,Coil Oven,32.93,67.84,12,32189,356.0
3565,3565,Training,Extruder,91.78,37.14,5,40525,157.0
3566,3566,Training,Gauge Machine,12.62,83.65,14,25126,117.0
3567,3567,Training,Pressure Cutter,55.8,82.45,3,63028,243.0
3568,3568,Training,Coil Oven,69.12,45.8,4,78308,60.0
3569,3569,Training,Coil Oven,9.21,52.88,6,72783,147.0
3570,3570,Training,Pump,43.46,88.51,12,44280,95.0
3571,3571,Training,Gauge Machine,16.98,55.08,12,63740,483.0
3572,3572,Training,Coil Oven,86.69,62.28,12,38135,533.0
3573,3573,Training,Coil Oven,84.35,43.17,6,71149,143.0
3574,3574,Training,Coil Oven,18.65,63.79,15,28149,463.0
3575,3575,Training,Pressure Cutter,78.75,56.59,13,52468,89.0
3576,3576,Training,Pressure Cutter,98.78,57.47,17,46856,238.0
3577,3577,Training,Pressure Cutter,53.36,46.59,3,67212,148.0
3578,3578,Training,Gauge Machine,65.43,37.85,10,24694,264.0
3579,3579,Training,Extruder,48.68,66.35,3,65061,140.0
3580,3580,Training,Coil Oven,41.08,85.13,15,51927,474.0
3581,3581,Training,Pressure Cutter,33.13,67.12,9,55925,151.0
3582,3582,Training,Pressure Cutter,57.72,58.75,7,79861,301.0
3583,3583,Training,Coil Oven,39.21,44.85,7,52944,189.0
3584,3584,Training,Coil Oven,76.05,56.75,16,38116,158.0
3585,3585,Training,Pressure Cutter,48.47,70.63,11,77232,159.0
3586,3586,Training,Extruder,17.7,57.8,3,32523,453.0
3587,3587,Training,Pump,86.18,73.94,3,48808,351.0
3588,3588,Training,Gauge Machine,92.31,64.27,16,67964,172.0
3589,3589,Training,Pressure Cutter,51.43,72.77,6,60820,439.0
3590,3590,Training,Extruder,65.25,86.14,15,51930,293.0
3591,3591,Training,Coil Oven,89.73,80.01,15,55076,173.0
3592,3592,Training,Coil Oven,65.6,40.83,11,77771,67.0
3593,3593,Training,Coil Oven,41.75,56.19,7,75047,140.0
3594,3594,Training,Pressure Cutter,48.73,68.83,13,69129,411.0
3595,3595,Training,Pressure Cutter,37.11,72.41,9,72196,234.0
3596,3596,Training,Pump,37.86,71.05,8,29740,346.0
3597,3597,Training,Pressure Cutter,44.77,80.82,7,23119,143.0
3598,3598,Training,Pump,98.82,92.63,11,77553,546.0
3599,3599,Training,Pressure Cutter,25.34,61.52,10,69835,442.0
3600,3600,Training,Pressure Cutter,67.78,48.8,10,35188,234.0
3601,3601,Training,Coil Oven,90.26,94.22,13,45380,527.0
3602,3602,Training,Gauge Machine,87.94,43.17,11,70247,212.0
3603,3603,Training,Pressure Cutter,55.51,46.42,10,34430,193.0
3604,3604,Training,Gauge Machine,15.85,47.21,7,32519,495.0
3605,3605,Training,Pump,10.09,65.54,16,53183,418.0
3606,3606,Training,Gauge Machine,36.94,80.88,11,78126,201.0
3607,3607,Training,Extruder,98.49,76.45,9,25783,247.0
3608,3608,Training,Extruder,29.47,91.21,10,61959,105.0
3609,3609,Training,Gauge Machine,72.53,40.94,4,61766,207.0
3610,3610,Training,Extruder,35.63,37.24,2,52784,280.0
3611,3611,Training,Pump,48.51,57.79,8,75807,54.0
3612,3612,Training,Gauge Machine,6.63,48.65,8,48967,145.0
3613,3613,Training,Pump,87.56,66.95,2,74511,111.0
3614,3614,Training,Coil Oven,31.59,36.86,8,40033,369.0
3615,3615,Training,Gauge Machine,88.29,66.7,5,69633,79.0
3616,3616,Training,Extruder,12.02,90.17,11,38386,509.0
3617,3617,Training,Coil Oven,66.61,55.09,5,79921,172.0
3618,3618,Training,Gauge Machine,68.62,76.91,9,46697,408.0
3619,3619,Training,Pressure Cutter,77.65,94.28,13,66547,338.0
3620,3620,Training,Coil Oven,12.54,76.1,11,63000,137.0
3621,3621,Training,Coil Oven,8.72,87.11,4,48149,419.0
3622,3622,Training,Gauge Machine,52.82,73.12,14,70177,438.0
3623,3623,Training,Gauge Machine,13.1,85.09,3,48671,532.0
3624,3624,Training,Coil Oven,95.23,72.68,3,37830,574.0
3625,3625,Training,Extruder,80.89,64.76,14,45925,279.0
3626,3626,Training,Pressure Cutter,74.23,51.17,10,63756,387.0
3627,3627,Training,Gauge Machine,39.65,62.67,3,31377,468.0
3628,3628,Training,Coil Oven,21.02,78.95,9,38118,385.0
3629,3629,Training,Pressure Cutter,98.41,55.88,8,26866,99.0
3630,3630,Training,Gauge Machine,6.23,94.61,2,36583,561.0
3631,3631,Training,Gauge Machine,85.88,48.24,16,25654,331.0
3632,3632,Training,Pump,43.7,89.5,6,43062,246.0
3633,3633,Training,Gauge Machine,90.7,49.79,12,57271,488.0
3634,3634,Training,Extruder,69.15,69.25,11,79977,477.0
3635,3635,Training,Gauge Machine,96.14,58.54,14,35133,552.0
3636,3636,Training,Coil Oven,97.66,93.18,2,72883,97.0
3637,3637,Training,Pump,12.33,42.04,8,28711,531.0
3638,3638,Training,Extruder,48.98,37.66,2,46139,74.0
3639,3639,Training,Coil Oven,17.25,71.78,2,32703,113.0
3640,3640,Training,Extruder,42.26,74.31,10,43988,60.0
3641,3641,Training,Gauge Machine,35.52,49.46,10,68767,67.0
3642,3642,Training,Pump,21.93,46.31,6,71994,64.0
3643,3643,Training,Gauge Machine,81.75,53.01,6,45747,567.0
3644,3644,Training,Pressure Cutter,98.22,91.99,13,68542,293.0
3645,3645,Training,Pump,17.66,61.81,14,51943,517.0
3646,3646,Training,Pressure Cutter,60.4,52.03,2,27730,584.0
3647,3647,Training,Extruder,83.03,73.86,12,63872,575.0
3648,3648,Training,Gauge Machine,22.19,40.5,17,64596,488.0
3649,3649,Training,Coil Oven,94.81,50.59,7,53445,154.0
3650,3650,Training,Coil Oven,28.68,73.06,4,50554,178.0
3651,3651,Training,Coil Oven,24.18,93.91,3,54814,317.0
3652,3652,Training,Extruder,95.8,79.9,10,46647,137.0
3653,3653,Training,Pump,82.81,91.17,15,57313,227.0
3654,3654,Training,Pressure Cutter,40.5,58.44,15,57448,126.0
3655,3655,Training,Extruder,93.77,73.02,8,78188,419.0
3656,3656,Training,Pump,11.02,81.62,17,72551,54.0
3657,3657,Training,Extruder,96.01,44.74,2,24548,154.0
3658,3658,Training,Extruder,98.54,59.26,8,30709,148.0
3659,3659,Training,Extruder,30.17,72.14,9,32585,84.0
3660,3660,Training,Extruder,19.28,59.66,15,43917,574.0
3661,3661,Training,Pump,36.67,50.79,3,64996,379.0
3662,3662,Training,Coil Oven,94.08,85.09,15,77177,356.0
3663,3663,Training,Pressure Cutter,41.92,56.17,12,51539,461.0
3664,3664,Training,Coil Oven,30.47,78.35,13,32031,216.0
3665,3665,Training,Coil Oven,20.7,52.61,2,31339,301.0
3666,3666,Training,Pressure Cutter,43.03,74.61,3,79447,283.0
3667,3667,Training,Extruder,29.42,42.8,9,24695,336.0
3668,3668,Training,Coil Oven,98.25,51.15,16,53308,395.0
3669,3669,Training,Gauge Machine,15.07,51.45,16,41985,337.0
3670,3670,Training,Coil Oven,14.23,72.64,11,76477,206.0
3671,3671,Training,Extruder,24.95,56.59,13,39822,52.0
3672,3672,Training,Pump,8.43,40.43,15,57215,536.0
3673,3673,Training,Pump,85.49,36.5,11,54577,568.0
3674,3674,Training,Pump,84.93,58.74,8,49804,88.0
3675,3675,Training,Extruder,95.95,79.06,12,43364,563.0
3676,3676,Training,Gauge Machine,48.64,93.49,12,48905,361.0
3677,3677,Training,Pressure Cutter,44.29,72.96,10,74902,555.0
3678,3678,Training,Gauge Machine,30.55,76.01,9,37313,74.0
3679,3679,Training,Extruder,79.28,66.27,16,37931,226.0
3680,3680,Training,Gauge Machine,89.08,52.01,16,35037,64.0
3681,3681,Training,Pressure Cutter,27.46,76.41,5,64284,296.0
3682,3682,Training,Extruder,22.35,67.81,17,55552,264.0
3683,3683,Training,Pump,38.21,78.22,3,48338,380.0
3684,3684,Training,Extruder,40.82,36.61,4,24594,375.0
3685,3685,Training,Gauge Machine,30.92,87.87,12,33407,67.0
3686,3686,Training,Gauge Machine,19.94,68.75,14,47252,241.0
3687,3687,Training,Gauge Machine,39.62,86.11,15,30783,342.0
3688,3688,Training,Gauge Machine,56.81,76.82,15,25646,78.0
3689,3689,Training,Pressure Cutter,78.3,71.83,7,43168,353.0
3690,3690,Training,Pressure Cutter,99.46,51.66,3,74117,91.0
3691,3691,Training,Coil Oven,73.97,40.81,9,41688,497.0
3692,3692,Training,Pump,20.93,55.4,8,33791,66.0
3693,3693,Training,Pump,31.48,73.61,15,45014,325.0
3694,3694,Training,Coil Oven,27.88,37.39,4,72379,82.0
3695,3695,Training,Extruder,82.83,48.16,5,42283,428.0
3696,3696,Training,Pressure Cutter,64.21,64.86,7,30603,78.0
3697,3697,Training,Coil Oven,66.86,38.56,4,42084,62.0
3698,3698,Training,Gauge Machine,83.47,82.88,15,63537,70.0
3699,3699,Training,Extruder,82.4,81.71,8,30887,188.0
3700,3700,Training,Gauge Machine,39.12,56.49,6,65760,541.0
3701,3701,Training,Pressure Cutter,58.33,60.53,9,77969,92.0
3702,3702,Training,Extruder,26.43,77.38,4,44105,235.0
3703,3703,Training,Coil Oven,59.99,47.53,4,67126,313.0
3704,3704,Training,Pump,9.76,82.57,6,52018,365.0
3705,3705,Training,Extruder,21.88,82.46,13,23953,443.0
3706,3706,Training,Coil Oven,80.47,41.06,14,62346,542.0
3707,3707,Training,Pressure Cutter,25.74,58.6,2,28335,200.0
3708,3708,Training,Gauge Machine,90.36,68.03,16,28413,402.0
3709,3709,Training,Extruder,98.22,49.07,6,43886,562.0
3710,3710,Training,Pump,90.82,64.12,5,46148,127.0
3711,3711,Training,Gauge Machine,47.96,60.53,2,61194,497.0
3712,3712,Training,Gauge Machine,59.99,41.73,14,25951,528.0
3713,3713,Training,Coil Oven,9.11,68.11,9,25806,174.0
3714,3714,Training,Gauge Machine,26.23,80.4,3,28114,559.0
3715,3715,Training,Gauge Machine,75.77,77.23,15,36265,321.0
3716,3716,Training,Coil Oven,56.02,64.63,1,41530,560.0
3717,3717,Training,Gauge Machine,98.6,71.2,13,77043,243.0
3718,3718,Training,Coil Oven,91.48,42.24,17,41513,99.0
3719,3719,Training,Gauge Machine,82.01,69.8,3,35356,335.0
3720,3720,Training,Pump,35.77,45.47,7,23649,362.0
3721,3721,Training,Coil Oven,78.38,85.0,9,75288,533.0
3722,3722,Training,Gauge Machine,36.17,66.71,15,36971,326.0
3723,3723,Training,Gauge Machine,50.19,56.96,2,56861,113.0
3724,3724,Training,Extruder,85.98,87.33,1,62352,92.0
3725,3725,Training,Pump,56.6,41.71,2,56960,585.0
3726,3726,Training,Pump,61.94,49.94,8,29587,527.0
3727,3727,Training,Pump,28.59,62.72,2,58386,65.0
3728,3728,Training,Pump,62.81,57.54,2,73748,202.0
3729,3729,Training,Pressure Cutter,9.55,60.59,3,25053,564.0
3730,3730,Training,Gauge Machine,50.69,82.07,15,34660,371.0
3731,3731,Training,Gauge Machine,39.33,94.41,10,42690,337.0
3732,3732,Training,Coil Oven,59.76,58.44,8,71321,55.0
3733,3733,Training,Gauge Machine,62.44,79.8,5,61784,97.0
3734,3734,Training,Pressure Cutter,99.18,92.02,9,79351,95.0
3735,3735,Training,Gauge Machine,55.28,60.24,1,40300,414.0
3736,3736,Training,Extruder,96.21,54.62,7,72602,270.0
3737,3737,Training,Extruder,83.63,54.37,1,44326,142.0
3738,3738,Training,Extruder,38.34,74.91,3,29195,51.0
3739,3739,Training,Pressure Cutter,84.4,36.07,10,65523,478.0
3740,3740,Training,Pressure Cutter,67.98,37.42,3,32449,453.0
3741,3741,Training,Coil Oven,59.62,94.71,6,32108,273.0
3742,3742,Training,Pressure Cutter,28.18,46.27,2,62023,552.0
3743,3743,Training,Pressure Cutter,56.4,84.93,3,78498,88.0
3744,3744,Training,Pump,63.19,71.73,1,40692,203.0
3745,3745,Training,Coil Oven,91.79,53.4,15,45146,276.0
3746,3746,Training,Gauge Machine,83.38,59.96,12,42369,552.0
3747,3747,Training,Extruder,31.11,60.86,2,54347,560.0
3748,3748,Training,Pump,50.69,45.92,12,23135,322.0
3749,3749,Training,Coil Oven,53.29,49.18,9,72877,473.0
3750,3750,Training,Gauge Machine,93.98,67.4,7,79717,391.0
3751,3751,Training,Coil Oven,52.08,74.98,10,73505,577.0
3752,3752,Training,Extruder,68.58,46.23,8,50257,80.0
3753,3753,Training,Gauge Machine,46.12,64.42,9,56575,543.0
3754,3754,Training,Extruder,96.7,88.32,4,36724,429.0
3755,3755,Training,Coil Oven,75.5,71.18,2,38027,533.0
3756,3756,Training,Pump,70.11,73.4,7,33682,466.0
3757,3757,Training,Pressure Cutter,7.1,52.03,12,53140,449.0
3758,3758,Training,Gauge Machine,63.61,89.52,10,30949,363.0
3759,3759,Training,Pressure Cutter,62.93,41.18,6,23645,391.0
3760,3760,Training,Pressure Cutter,53.48,64.81,7,51423,277.0
3761,3761,Training,Gauge Machine,14.73,73.05,7,60457,315.0
3762,3762,Training,Coil Oven,8.64,77.27,15,72212,222.0
3763,3763,Training,Gauge Machine,97.29,84.0,15,42266,515.0
3764,3764,Training,Extruder,91.5,51.49,5,78209,405.0
3765,3765,Training,Gauge Machine,28.98,84.54,5,51285,70.0
3766,3766,Training,Gauge Machine,64.48,63.42,16,38925,357.0
3767,3767,Training,Coil Oven,89.02,66.53,6,74509,352.0
3768,3768,Training,Extruder,35.75,35.45,15,64855,383.0
3769,3769,Training,Gauge Machine,99.31,39.45,13,53203,83.0
3770,3770,Training,Gauge Machine,70.93,39.88,7,47670,208.0
3771,3771,Training,Pressure Cutter,53.91,40.03,12,39155,449.0
3772,3772,Training,Gauge Machine,73.1,38.36,13,40840,394.0
3773,3773,Training,Gauge Machine,82.86,73.57,14,31720,344.0
3774,3774,Training,Gauge Machine,40.89,93.62,16,63376,81.0
3775,3775,Training,Extruder,59.24,46.23,4,45845,344.0
3776,3776,Training,Gauge Machine,93.88,74.39,16,64777,123.0
3777,3777,Training,Gauge Machine,62.4,43.79,3,72036,420.0
3778,3778,Training,Extruder,20.3,82.04,5,38586,198.0
3779,3779,Training,Pump,92.26,75.18,7,67363,166.0
3780,3780,Training,Coil Oven,79.71,41.67,14,78750,585.0
3781,3781,Training,Coil Oven,46.01,55.88,17,58744,410.0
3782,3782,Training,Coil Oven,12.68,63.05,6,27796,169.0
3783,3783,Training,Pump,60.27,56.84,5,55349,145.0
3784,3784,Training,Pressure Cutter,80.8,44.43,4,58304,412.0
3785,3785,Training,Pump,19.27,71.54,9,44165,457.0
3786,3786,Training,Coil Oven,97.34,49.63,6,37542,130.0
3787,3787,Training,Coil Oven,35.57,94.46,6,78721,364.0
3788,3788,Training,Extruder,5.67,84.39,4,25249,497.0
3789,3789,Training,Pressure Cutter,68.48,81.23,8,63281,437.0
3790,3790,Training,Extruder,40.1,71.76,11,67539,505.0
3791,3791,Training,Extruder,86.54,83.05,13,35015,245.0
3792,3792,Training,Coil Oven,77.65,48.82,16,28054,263.0
3793,3793,Training,Pump,65.04,39.07,9,58400,53.0
3794,3794,Training,Pressure Cutter,81.06,74.82,10,47208,584.0
3795,3795,Training,Extruder,12.59,54.31,6,44742,162.0
3796,3796,Training,Pressure Cutter,86.46,41.83,9,49933,377.0
3797,3797,Training,Gauge Machine,70.46,60.88,15,28479,188.0
3798,3798,Training,Pump,73.53,57.06,14,62505,223.0
3799,3799,Training,Pump,49.68,70.85,7,70928,529.0
3800,3800,Training,Pressure Cutter,26.49,78.08,17,33097,148.0
3801,3801,Training,Gauge Machine,14.08,47.86,13,54375,198.0
3802,3802,Training,Gauge Machine,75.55,81.25,7,59445,184.0
3803,3803,Training,Gauge Machine,8.65,56.77,13,63486,121.0
3804,3804,Training,Gauge Machine,76.85,77.59,2,28437,574.0
3805,3805,Training,Pressure Cutter,16.7,83.92,10,68316,106.0
3806,3806,Training,Gauge Machine,92.11,61.54,11,32450,68.0
3807,3807,Training,Gauge Machine,15.83,71.6,12,37326,534.0
3808,3808,Training,Coil Oven,46.0,64.7,7,33263,54.0
3809,3809,Training,Gauge Machine,60.27,93.88,6,70541,184.0
3810,3810,Training,Gauge Machine,80.65,68.09,2,26685,95.0
3811,3811,Training,Gauge Machine,44.86,92.8,1,23981,551.0
3812,3812,Training,Extruder,30.72,85.61,12,28937,172.0
3813,3813,Training,Pressure Cutter,28.71,81.27,2,23579,497.0
3814,3814,Training,Coil Oven,67.01,80.5,16,57860,184.0
3815,3815,Training,Coil Oven,82.69,87.23,8,40311,208.0
3816,3816,Training,Extruder,90.82,36.62,13,54600,446.0
3817,3817,Training,Gauge Machine,78.91,90.33,1,45128,83.0
3818,3818,Training,Extruder,73.82,36.63,12,69385,423.0
3819,3819,Training,Coil Oven,70.15,49.15,10,74242,330.0
3820,3820,Training,Gauge Machine,85.53,42.74,17,66092,82.0
3821,3821,Training,Gauge Machine,64.27,42.97,2,47869,143.0
3822,3822,Training,Extruder,20.89,49.26,8,47037,545.0
3823,3823,Training,Pressure Cutter,34.27,59.34,4,53927,475.0
3824,3824,Training,Pressure Cutter,73.08,43.86,8,44509,499.0
3825,3825,Training,Extruder,86.62,80.01,15,23070,94.0
3826,3826,Training,Extruder,49.59,50.11,2,32712,240.0
3827,3827,Training,Extruder,58.31,52.0,7,38465,187.0
3828,3828,Training,Extruder,88.18,90.5,15,59403,396.0
3829,3829,Training,Gauge Machine,14.64,70.72,14,70409,533.0
3830,3830,Training,Pressure Cutter,74.16,85.8,9,37554,463.0
3831,3831,Training,Pressure Cutter,50.38,62.32,9,68214,372.0
3832,3832,Training,Pressure Cutter,67.18,87.41,4,50947,126.0
3833,3833,Training,Pump,72.49,37.4,3,46909,488.0
3834,3834,Training,Pump,12.21,79.64,7,26494,61.0
3835,3835,Training,Gauge Machine,8.23,89.88,3,42244,170.0
3836,3836,Training,Extruder,60.13,45.45,4,48021,167.0
3837,3837,Training,Pump,86.13,56.28,7,70351,424.0
3838,3838,Training,Gauge Machine,55.44,43.92,3,52041,547.0
3839,3839,Training,Pump,39.97,36.56,16,65614,518.0
3840,3840,Training,Pump,59.73,61.61,14,32013,401.0
3841,3841,Training,Pressure Cutter,20.53,37.91,6,68015,570.0
3842,3842,Training,Extruder,19.4,56.92,12,73384,261.0
3843,3843,Training,Gauge Machine,67.12,56.18,10,29721,302.0
3844,3844,Training,Coil Oven,64.33,65.77,10,50847,221.0
3845,3845,Training,Pump,53.37,93.16,7,36250,485.0
3846,3846,Training,Extruder,64.93,72.14,9,64811,141.0
3847,3847,Training,Coil Oven,42.06,78.4,9,36074,494.0
3848,3848,Training,Pump,86.14,93.35,11,73542,542.0
3849,3849,Training,Gauge Machine,98.35,91.77,1,61170,175.0
3850,3850,Training,Coil Oven,73.76,39.96,5,48922,521.0
3851,3851,Training,Pump,34.03,67.28,12,76299,303.0
3852,3852,Training,Gauge Machine,23.43,40.76,1,57700,505.0
3853,3853,Training,Extruder,55.25,76.12,11,34465,338.0
3854,3854,Training,Pump,32.66,82.53,3,49517,103.0
3855,3855,Training,Gauge Machine,82.58,60.34,17,66290,120.0
3856,3856,Training,Coil Oven,54.23,88.08,11,41259,475.0
3857,3857,Training,Pump,93.6,48.33,2,66280,63.0
3858,3858,Training,Pump,77.59,56.45,14,79793,117.0
3859,3859,Training,Coil Oven,56.04,41.38,10,78588,476.0
3860,3860,Training,Gauge Machine,61.36,36.78,4,65225,536.0
3861,3861,Training,Pressure Cutter,50.65,69.79,11,67262,87.0
3862,3862,Training,Gauge Machine,94.91,52.09,13,36940,263.0
3863,3863,Training,Coil Oven,68.13,55.24,2,27760,579.0
3864,3864,Training,Extruder,34.54,36.33,10,69307,159.0
3865,3865,Training,Gauge Machine,75.3,65.12,10,65747,354.0
3866,3866,Training,Gauge Machine,33.13,74.01,14,66943,208.0
3867,3867,Training,Gauge Machine,80.29,40.77,14,43323,70.0
3868,3868,Training,Extruder,66.27,89.15,16,75924,134.0
3869,3869,Training,Gauge Machine,63.8,77.7,2,70256,164.0
3870,3870,Training,Pump,16.81,88.5,10,76138,309.0
3871,3871,Training,Gauge Machine,74.3,43.65,10,37994,131.0
3872,3872,Training,Gauge Machine,70.31,81.03,3,73953,488.0
3873,3873,Training,Pressure Cutter,61.84,62.7,6,29790,286.0
3874,3874,Training,Gauge Machine,64.51,52.22,2,75467,372.0
3875,3875,Training,Pressure Cutter,74.38,79.84,7,31306,314.0
3876,3876,Training,Coil Oven,79.04,71.85,15,34865,449.0
3877,3877,Training,Extruder,89.93,81.36,9,33777,569.0
3878,3878,Training,Extruder,7.69,47.39,3,78855,190.0
3879,3879,Training,Coil Oven,18.62,59.09,9,43076,191.0
3880,3880,Training,Coil Oven,31.14,58.01,9,27935,255.0
3881,3881,Training,Pump,56.69,68.66,7,29469,413.0
3882,3882,Training,Coil Oven,94.38,92.47,14,58199,251.0
3883,3883,Training,Pressure Cutter,26.68,92.04,11,44299,245.0
3884,3884,Training,Pressure Cutter,89.87,61.49,13,50979,377.0
3885,3885,Training,Extruder,80.34,77.48,4,78076,148.0
3886,3886,Training,Pump,28.99,89.63,8,67918,268.0
3887,3887,Training,Gauge Machine,36.75,52.99,11,28231,319.0
3888,3888,Training,Gauge Machine,92.51,78.62,9,70054,277.0
3889,3889,Training,Pump,90.16,48.88,16,51088,325.0
3890,3890,Training,Gauge Machine,97.53,46.66,13,66531,256.0
3891,3891,Training,Coil Oven,31.44,81.49,8,27178,474.0
3892,3892,Training,Pump,39.79,85.07,17,45806,396.0
3893,3893,Training,Coil Oven,39.72,42.86,11,35536,230.0
3894,3894,Training,Pump,28.33,90.03,9,23272,304.0
3895,3895,Training,Coil Oven,98.04,61.47,7,53699,57.0
3896,3896,Training,Coil Oven,19.25,85.36,16,24493,291.0
3897,3897,Training,Gauge Machine,77.16,71.38,14,28344,362.0
3898,3898,Training,Gauge Machine,48.78,46.31,3,62124,562.0
3899,3899,Training,Extruder,83.25,71.78,14,79837,383.0
3900,3900,Training,Pump,16.71,73.31,13,59004,186.0
3901,3901,Training,Extruder,19.67,57.86,14,24628,315.0
3902,3902,Training,Pump,7.9,35.38,11,37914,145.0
3903,3903,Training,Gauge Machine,89.86,68.53,12,57343,462.0
3904,3904,Training,Pump,31.07,86.47,4,67529,364.0
3905,3905,Training,Coil Oven,92.71,66.23,11,53702,433.0
3906,3906,Training,Pump,89.64,94.79,14,73714,575.0
3907,3907,Training,Extruder,46.33,49.65,13,33647,169.0
3908,3908,Training,Extruder,84.59,94.63,5,61701,572.0
3909,3909,Training,Pressure Cutter,23.72,69.07,11,47946,77.0
3910,3910,Training,Gauge Machine,97.65,60.13,14,39439,53.0
3911,3911,Training,Pressure Cutter,10.7,58.03,12,40108,371.0
3912,3912,Training,Extruder,28.29,40.5,14,43126,426.0
3913,3913,Training,Pump,64.7,71.38,11,57800,203.0
3914,3914,Training,Gauge Machine,26.42,72.56,3,76122,153.0
3915,3915,Training,Coil Oven,38.49,73.66,4,42278,368.0
3916,3916,Training,Gauge Machine,94.48,37.35,6,57517,274.0
3917,3917,Training,Gauge Machine,47.9,53.98,4,56420,537.0
3918,3918,Training,Coil Oven,58.51,66.32,2,24638,384.0
3919,3919,Training,Pump,86.61,64.04,10,69599,256.0
3920,3920,Training,Extruder,87.08,59.09,5,52294,372.0
3921,3921,Training,Pressure Cutter,38.16,73.87,7,41347,554.0
3922,3922,Training,Gauge Machine,5.96,78.61,11,40786,509.0
3923,3923,Training,Coil Oven,22.79,91.88,13,46815,381.0
3924,3924,Training,Pump,76.23,45.19,14,50093,490.0
3925,3925,Training,Extruder,18.11,61.75,14,35624,511.0
3926,3926,Training,Pressure Cutter,19.81,71.52,12,77359,319.0
3927,3927,Training,Extruder,67.75,89.61,4,57899,336.0
3928,3928,Training,Pressure Cutter,89.33,48.03,3,60507,329.0
3929,3929,Training,Gauge Machine,67.3,83.38,1,42255,292.0
3930,3930,Training,Pressure Cutter,53.08,43.47,4,35765,106.0
3931,3931,Training,Gauge Machine,74.61,35.14,10,49842,292.0
3932,3932,Training,Extruder,18.11,55.72,11,77359,184.0
3933,3933,Training,Extruder,22.57,44.22,15,43042,279.0
3934,3934,Training,Pump,74.58,38.06,3,75276,224.0
3935,3935,Training,Gauge Machine,71.1,88.79,11,35696,294.0
3936,3936,Training,Pump,60.73,53.39,8,26149,428.0
3937,3937,Training,Extruder,61.58,68.56,5,37817,344.0
3938,3938,Training,Pressure Cutter,90.75,39.28,15,40606,399.0
3939,3939,Training,Coil Oven,58.41,57.7,13,62032,305.0
3940,3940,Training,Pump,78.05,69.51,14,66916,400.0
3941,3941,Training,Pressure Cutter,97.13,89.11,17,56187,231.0
3942,3942,Training,Extruder,82.53,46.09,12,47783,402.0
3943,3943,Training,Gauge Machine,47.38,48.11,5,61699,442.0
3944,3944,Training,Pressure Cutter,24.03,77.7,12,34934,384.0
3945,3945,Training,Pressure Cutter,22.02,79.12,5,44385,517.0
3946,3946,Training,Extruder,48.63,73.02,7,72161,414.0
3947,3947,Training,Pump,43.17,64.84,12,72931,248.0
3948,3948,Training,Coil Oven,38.23,76.43,14,58085,251.0
3949,3949,Training,Coil Oven,71.73,50.99,8,62044,431.0
3950,3950,Training,Pump,10.74,47.8,14,73094,82.0
3951,3951,Training,Coil Oven,16.3,58.13,3,58183,541.0
3952,3952,Training,Pump,90.07,80.56,7,48995,152.0
3953,3953,Training,Extruder,91.84,43.85,10,49075,220.0
3954,3954,Training,Pump,92.76,37.75,3,23495,162.0
3955,3955,Training,Pressure Cutter,56.72,84.12,9,30010,346.0
3956,3956,Training,Pump,61.97,94.81,1,65972,141.0
3957,3957,Training,Pressure Cutter,89.13,35.52,15,50423,583.0
3958,3958,Training,Gauge Machine,60.25,70.27,16,32621,490.0
3959,3959,Training,Pressure Cutter,86.77,39.97,4,63341,272.0
3960,3960,Training,Pressure Cutter,14.75,86.38,1,67637,392.0
3961,3961,Training,Extruder,75.16,37.06,8,51997,100.0
3962,3962,Training,Extruder,83.96,51.1,11,41208,279.0
3963,3963,Training,Gauge Machine,29.5,53.72,5,61124,154.0
3964,3964,Training,Coil Oven,33.61,74.93,16,24392,67.0
3965,3965,Training,Gauge Machine,76.4,49.63,9,71160,137.0
3966,3966,Training,Pump,93.72,51.33,14,56351,482.0
3967,3967,Training,Pump,58.6,44.8,9,37562,322.0
3968,3968,Training,Pressure Cutter,77.63,93.36,3,74105,558.0
3969,3969,Training,Gauge Machine,36.41,61.44,13,75127,143.0
3970,3970,Training,Extruder,9.91,69.58,2,55617,273.0
3971,3971,Training,Extruder,14.0,44.87,6,60579,77.0
3972,3972,Training,Pump,42.13,94.94,3,53206,266.0
3973,3973,Training,Pump,40.45,71.46,12,34591,384.0
3974,3974,Training,Gauge Machine,28.4,68.32,3,79064,393.0
3975,3975,Training,Coil Oven,33.48,94.97,7,64310,337.0
3976,3976,Training,Pressure Cutter,74.42,42.05,14,36234,535.0
3977,3977,Training,Pressure Cutter,7.1,48.26,3,54301,574.0
3978,3978,Training,Coil Oven,80.77,57.2,8,37366,539.0
3979,3979,Training,Pressure Cutter,75.6,53.58,10,54481,343.0
3980,3980,Training,Pump,96.42,70.54,5,75089,426.0
3981,3981,Training,Gauge Machine,68.2,51.4,3,49113,224.0
3982,3982,Training,Extruder,19.67,79.59,13,44135,451.0
3983,3983,Training,Extruder,29.14,62.81,16,41777,493.0
3984,3984,Training,Pressure Cutter,94.91,39.02,14,28967,278.0
3985,3985,Training,Gauge Machine,23.39,86.52,3,47710,106.0
3986,3986,Training,Pressure Cutter,9.76,43.9,10,44639,447.0
3987,3987,Training,Coil Oven,45.96,78.96,9,46806,105.0
3988,3988,Training,Pump,32.68,45.88,15,65646,245.0
3989,3989,Training,Pump,17.85,64.88,6,38087,177.0
3990,3990,Training,Gauge Machine,92.05,45.2,5,41535,297.0
3991,3991,Training,Pump,21.89,65.41,15,65515,67.0
3992,3992,Training,Pump,90.42,86.15,2,28720,561.0
3993,3993,Training,Extruder,88.5,91.32,16,61182,80.0
3994,3994,Training,Coil Oven,96.09,55.0,3,30328,258.0
3995,3995,Training,Pump,37.48,68.08,16,76614,398.0
3996,3996,Training,Gauge Machine,55.58,46.26,15,43177,460.0
3997,3997,Training,Coil Oven,43.28,47.7,10,64092,292.0
3998,3998,Training,Pressure Cutter,22.87,71.35,13,44565,375.0
3999,3999,Training,Coil Oven,49.49,63.69,13,78550,488.0
4000,4000,Training,Coil Oven,11.49,36.05,11,31342,571.0
4001,4001,Training,Pump,12.67,53.74,13,57871,417.0
4002,4002,Training,Gauge Machine,54.54,41.35,16,52225,487.0
4003,4003,Training,Pump,99.15,94.89,8,65320,554.0
4004,4004,Training,Coil Oven,83.46,83.29,12,37798,361.0
4005,4005,Training,Gauge Machine,74.64,63.85,13,51746,287.0
4006,4006,Training,Coil Oven,82.23,67.66,15,73367,52.0
4007,4007,Training,Pressure Cutter,11.5,54.3,7,48812,138.0
4008,4008,Training,Coil Oven,47.95,66.06,6,56321,309.0
4009,4009,Training,Pump,49.55,61.67,3,34388,575.0
4010,4010,Training,Pressure Cutter,60.78,49.89,11,71532,292.0
4011,4011,Training,Gauge Machine,65.89,83.15,10,54115,150.0
4012,4012,Training,Extruder,9.72,77.64,15,30916,373.0
4013,4013,Training,Pressure Cutter,74.78,65.28,10,39426,162.0
4014,4014,Training,Gauge Machine,75.51,91.26,3,45681,271.0
4015,4015,Training,Pressure Cutter,21.85,51.8,14,43513,152.0
4016,4016,Training,Coil Oven,87.35,91.65,17,36289,312.0
4017,4017,Training,Gauge Machine,20.75,40.29,12,48409,70.0
4018,4018,Training,Gauge Machine,66.06,39.44,1,28791,494.0
4019,4019,Training,Extruder,57.7,71.91,10,66676,296.0
4020,4020,Training,Pump,91.54,81.1,10,60921,440.0
4021,4021,Training,Pressure Cutter,68.84,56.16,4,31869,504.0
4022,4022,Training,Pressure Cutter,55.98,44.28,9,42938,519.0
4023,4023,Training,Pressure Cutter,43.18,37.04,10,63949,296.0
4024,4024,Training,Coil Oven,52.31,87.58,2,24242,166.0
4025,4025,Training,Coil Oven,23.93,40.0,1,59360,426.0
4026,4026,Training,Pressure Cutter,45.25,63.88,6,69917,464.0
4027,4027,Training,Gauge Machine,98.4,94.82,7,42443,290.0
4028,4028,Training,Pressure Cutter,54.57,85.02,17,67651,502.0
4029,4029,Training,Pump,14.84,46.53,11,76529,442.0
4030,4030,Training,Pump,20.48,47.1,7,49038,72.0
4031,4031,Training,Gauge Machine,37.68,63.76,14,39928,502.0
4032,4032,Training,Extruder,67.54,35.48,1,45277,583.0
4033,4033,Training,Gauge Machine,52.31,76.44,14,67353,135.0
4034,4034,Training,Coil Oven,65.14,68.89,16,29874,73.0
4035,4035,Training,Coil Oven,44.73,87.19,13,42108,550.0
4036,4036,Training,Coil Oven,11.94,71.36,13,63357,337.0
4037,4037,Training,Coil Oven,50.06,64.75,2,59466,101.0
4038,4038,Training,Pump,58.12,68.99,4,23172,72.0
4039,4039,Training,Coil Oven,67.5,89.69,11,48869,398.0
4040,4040,Training,Extruder,67.67,70.34,2,53823,485.0
4041,4041,Training,Pressure Cutter,66.33,35.81,1,23445,561.0
4042,4042,Training,Pump,87.7,40.33,7,28466,228.0
4043,4043,Training,Pressure Cutter,93.7,88.16,13,33668,326.0
4044,4044,Training,Gauge Machine,24.83,69.49,8,52579,217.0
4045,4045,Training,Gauge Machine,8.89,59.77,17,78799,293.0
4046,4046,Training,Pump,47.49,59.84,13,60804,561.0
4047,4047,Training,Pressure Cutter,26.44,35.71,13,23474,285.0
4048,4048,Training,Extruder,74.58,57.85,5,68598,173.0
4049,4049,Training,Extruder,87.98,44.28,8,63388,517.0
4050,4050,Training,Gauge Machine,7.5,86.2,12,55705,405.0
4051,4051,Training,Pressure Cutter,79.15,91.08,10,42554,283.0
4052,4052,Training,Coil Oven,85.03,91.45,11,36805,467.0
4053,4053,Training,Coil Oven,77.86,64.68,11,24914,140.0
4054,4054,Training,Gauge Machine,68.63,73.42,6,50658,529.0
4055,4055,Training,Gauge Machine,29.83,72.93,14,30843,330.0
4056,4056,Training,Pressure Cutter,33.32,72.96,5,78189,207.0
4057,4057,Training,Pump,39.02,61.02,7,56635,428.0
4058,4058,Training,Pressure Cutter,27.95,49.16,8,76321,85.0
4059,4059,Training,Pressure Cutter,37.91,39.97,11,30556,558.0
4060,4060,Training,Coil Oven,66.05,82.02,6,64882,133.0
4061,4061,Training,Pressure Cutter,78.09,74.57,7,32588,289.0
4062,4062,Training,Gauge Machine,53.08,39.05,2,50183,347.0
4063,4063,Training,Extruder,48.28,88.97,2,61183,471.0
4064,4064,Training,Pressure Cutter,30.47,48.54,11,47095,380.0
4065,4065,Training,Coil Oven,35.03,79.72,10,41682,269.0
4066,4066,Training,Pump,55.68,79.63,12,55951,215.0
4067,4067,Training,Pump,99.67,52.45,13,77283,484.0
4068,4068,Training,Extruder,83.49,52.88,13,68163,324.0
4069,4069,Training,Pressure Cutter,33.83,57.18,3,60433,309.0
4070,4070,Training,Extruder,88.83,54.12,10,68549,390.0
4071,4071,Training,Pump,15.32,48.17,3,30124,57.0
4072,4072,Training,Pressure Cutter,92.17,37.78,12,76733,340.0
4073,4073,Training,Pressure Cutter,41.03,42.19,7,64301,247.0
4074,4074,Training,Gauge Machine,15.32,37.2,6,36775,319.0
4075,4075,Training,Pump,76.02,36.49,15,28811,309.0
4076,4076,Training,Coil Oven,46.42,49.86,13,58021,126.0
4077,4077,Training,Coil Oven,20.89,53.86,10,29714,288.0
4078,4078,Training,Pump,34.98,76.42,11,25877,470.0
4079,4079,Training,Coil Oven,35.13,80.69,14,45238,262.0
4080,4080,Training,Extruder,95.33,82.56,3,56329,301.0
4081,4081,Training,Pressure Cutter,64.85,79.3,1,66505,204.0
4082,4082,Training,Pressure Cutter,39.56,74.25,12,79542,202.0
4083,4083,Training,Pump,11.04,64.77,12,57204,500.0
4084,4084,Training,Coil Oven,31.68,80.45,7,30467,526.0
4085,4085,Training,Pump,82.35,45.16,14,40129,327.0
4086,4086,Training,Extruder,35.02,52.37,2,63608,188.0
4087,4087,Training,Pump,56.21,53.99,1,52343,203.0
4088,4088,Training,Pressure Cutter,61.79,59.84,11,53755,186.0
4089,4089,Training,Pressure Cutter,29.6,52.89,14,75042,261.0
4090,4090,Training,Extruder,81.08,60.34,16,27724,93.0
4091,4091,Training,Pump,57.62,76.5,16,35971,75.0
4092,4092,Training,Pump,55.79,90.52,16,55202,322.0
4093,4093,Training,Pressure Cutter,7.5,63.15,17,66359,147.0
4094,4094,Training,Extruder,92.37,74.48,3,66381,398.0
4095,4095,Training,Pump,84.65,60.29,3,53932,179.0
4096,4096,Training,Pump,36.68,69.63,1,76917,211.0
4097,4097,Training,Pressure Cutter,86.89,83.68,5,69917,65.0
4098,4098,Training,Gauge Machine,57.07,59.13,16,75142,136.0
4099,4099,Training,Coil Oven,22.97,89.82,10,43185,115.0
4100,4100,Training,Pump,49.26,80.8,12,27093,548.0
4101,4101,Training,Extruder,93.2,52.75,2,35607,142.0
4102,4102,Training,Gauge Machine,38.31,40.4,4,78282,254.0
4103,4103,Training,Pump,20.82,58.81,17,24928,136.0
4104,4104,Training,Pressure Cutter,59.25,42.67,10,49265,263.0
4105,4105,Training,Pressure Cutter,65.0,41.73,16,36636,59.0
4106,4106,Training,Pump,37.69,81.28,17,74551,442.0
4107,4107,Training,Coil Oven,91.17,64.67,4,55399,531.0
4108,4108,Training,Coil Oven,79.39,57.6,12,73118,310.0
4109,4109,Training,Coil Oven,31.61,42.61,7,32146,98.0
4110,4110,Training,Pump,17.35,76.67,12,62311,221.0
4111,4111,Training,Gauge Machine,78.76,87.11,6,43864,236.0
4112,4112,Training,Pressure Cutter,63.14,92.03,10,77582,70.0
4113,4113,Training,Extruder,68.19,91.61,14,40249,61.0
4114,4114,Training,Coil Oven,39.5,67.55,14,66476,519.0
4115,4115,Training,Extruder,11.18,82.93,9,74653,470.0
4116,4116,Training,Coil Oven,24.58,82.81,4,25792,247.0
4117,4117,Training,Pressure Cutter,75.11,61.92,14,76924,328.0
4118,4118,Training,Coil Oven,9.08,91.6,11,57271,93.0
4119,4119,Training,Extruder,16.16,42.67,3,60953,65.0
4120,4120,Training,Extruder,82.2,51.66,11,62793,548.0
4121,4121,Training,Coil Oven,50.21,35.2,3,67907,88.0
4122,4122,Training,Pump,13.07,61.73,9,30673,286.0
4123,4123,Training,Extruder,33.61,81.41,12,65500,533.0
4124,4124,Training,Pressure Cutter,88.24,85.54,15,51727,534.0
4125,4125,Training,Extruder,48.77,60.6,5,54140,122.0
4126,4126,Training,Gauge Machine,66.98,56.03,9,27235,285.0
4127,4127,Training,Coil Oven,39.69,94.84,7,26292,314.0
4128,4128,Training,Pump,73.61,48.92,2,54849,408.0
4129,4129,Training,Extruder,31.31,46.65,1,70031,360.0
4130,4130,Training,Pressure Cutter,73.16,62.99,6,40599,472.0
4131,4131,Training,Gauge Machine,40.78,59.74,8,38152,224.0
4132,4132,Training,Coil Oven,67.38,57.35,15,30412,500.0
4133,4133,Training,Gauge Machine,18.15,44.47,3,23205,510.0
4134,4134,Training,Coil Oven,23.72,54.18,2,48854,195.0
4135,4135,Training,Coil Oven,24.42,39.51,11,53139,62.0
4136,4136,Training,Extruder,24.4,39.53,11,71158,152.0
4137,4137,Training,Pressure Cutter,31.56,51.85,13,55600,196.0
4138,4138,Training,Gauge Machine,79.17,44.61,5,68620,399.0
4139,4139,Training,Gauge Machine,5.17,48.02,4,67402,378.0
4140,4140,Training,Gauge Machine,85.45,45.21,16,28688,403.0
4141,4141,Training,Coil Oven,48.13,36.57,4,50125,60.0
4142,4142,Training,Gauge Machine,49.45,54.06,8,75261,445.0
4143,4143,Training,Pressure Cutter,37.51,38.54,3,49116,361.0
4144,4144,Training,Coil Oven,59.59,68.49,14,65507,327.0
4145,4145,Training,Coil Oven,85.32,66.67,15,23983,253.0
4146,4146,Training,Gauge Machine,75.91,78.34,6,32598,289.0
4147,4147,Training,Extruder,87.4,78.06,2,46224,332.0
4148,4148,Training,Extruder,78.78,86.69,2,52156,58.0
4149,4149,Training,Coil Oven,97.09,85.13,17,48309,255.0
4150,4150,Training,Pressure Cutter,11.08,85.69,9,63443,76.0
4151,4151,Training,Pump,10.46,62.93,7,37540,85.0
4152,4152,Training,Pressure Cutter,13.86,75.13,15,63019,383.0
4153,4153,Training,Pump,44.85,51.06,14,78231,339.0
4154,4154,Training,Extruder,66.96,44.85,12,46155,402.0
4155,4155,Training,Pressure Cutter,40.9,60.72,1,59640,53.0
4156,4156,Training,Pump,39.57,53.14,7,56346,303.0
4157,4157,Training,Extruder,55.18,82.13,4,54518,138.0
4158,4158,Training,Gauge Machine,50.52,41.34,1,44891,570.0
4159,4159,Training,Gauge Machine,48.92,87.9,10,47122,179.0
4160,4160,Training,Gauge Machine,48.51,54.51,3,31600,142.0
4161,4161,Training,Coil Oven,41.56,66.79,4,56989,176.0
4162,4162,Training,Gauge Machine,14.3,41.5,10,76856,102.0
4163,4163,Training,Extruder,22.12,44.86,14,77047,300.0
4164,4164,Training,Extruder,11.97,91.34,13,74921,283.0
4165,4165,Training,Pressure Cutter,98.0,93.68,9,46491,207.0
4166,4166,Training,Coil Oven,60.42,41.78,16,33273,196.0
4167,4167,Training,Pump,19.8,36.16,3,55356,409.0
4168,4168,Training,Pressure Cutter,82.73,55.12,15,69780,222.0
4169,4169,Training,Pump,54.22,90.77,10,41480,377.0
4170,4170,Training,Coil Oven,24.65,75.83,7,39202,577.0
4171,4171,Training,Coil Oven,80.36,40.39,15,63134,251.0
4172,4172,Training,Coil Oven,6.48,88.37,7,57583,580.0
4173,4173,Training,Coil Oven,22.67,39.96,9,25942,578.0
4174,4174,Training,Pump,21.68,59.92,10,39508,583.0
4175,4175,Training,Pump,8.67,88.48,4,30334,441.0
4176,4176,Training,Gauge Machine,23.45,49.86,14,65113,414.0
4177,4177,Training,Extruder,63.84,51.33,2,55998,207.0
4178,4178,Training,Extruder,9.31,91.59,17,79053,117.0
4179,4179,Training,Extruder,34.18,68.45,16,26536,495.0
4180,4180,Training,Gauge Machine,10.19,55.58,14,23178,523.0
4181,4181,Training,Pressure Cutter,98.75,52.72,11,73963,79.0
4182,4182,Training,Coil Oven,85.83,83.01,15,23529,87.0
4183,4183,Training,Extruder,28.05,52.14,4,73139,334.0
4184,4184,Training,Pressure Cutter,15.7,68.25,6,44967,216.0
4185,4185,Training,Coil Oven,83.29,49.5,4,55964,435.0
4186,4186,Training,Gauge Machine,13.81,63.68,16,37990,118.0
4187,4187,Training,Coil Oven,74.58,77.13,6,66484,491.0
4188,4188,Training,Gauge Machine,71.01,87.5,9,48998,111.0
4189,4189,Training,Pressure Cutter,90.93,47.34,10,44897,141.0
4190,4190,Training,Pump,81.46,43.87,4,71585,77.0
4191,4191,Training,Gauge Machine,8.74,52.01,7,67137,475.0
4192,4192,Training,Pressure Cutter,8.11,66.77,2,53888,370.0
4193,4193,Training,Pressure Cutter,5.18,35.57,4,45589,453.0
4194,4194,Training,Pump,28.78,60.52,3,70991,81.0
4195,4195,Training,Pressure Cutter,17.69,88.38,11,51871,482.0
4196,4196,Training,Gauge Machine,47.08,66.53,2,49868,315.0
4197,4197,Training,Extruder,34.83,80.29,4,43573,70.0
4198,4198,Training,Coil Oven,36.55,74.95,13,31974,164.0
4199,4199,Training,Gauge Machine,65.88,79.89,13,74174,253.0
4200,4200,Training,Pump,77.13,36.86,3,42354,513.0
4201,4201,Training,Pump,5.76,92.44,3,77257,236.0
4202,4202,Training,Pump,61.86,38.27,3,38967,61.0
4203,4203,Training,Coil Oven,50.41,53.53,12,58137,103.0
4204,4204,Training,Pressure Cutter,79.88,77.39,13,23722,514.0
4205,4205,Training,Pressure Cutter,91.25,63.72,2,27801,337.0
4206,4206,Training,Coil Oven,29.12,80.44,2,49303,287.0
4207,4207,Training,Extruder,64.87,63.06,10,30485,127.0
4208,4208,Training,Gauge Machine,95.98,74.8,10,64748,124.0
4209,4209,Training,Pump,13.34,70.34,10,79561,144.0
4210,4210,Training,Pump,50.89,73.94,12,56642,398.0
4211,4211,Training,Pump,52.39,79.99,15,75932,331.0
4212,4212,Training,Pressure Cutter,54.24,72.76,16,67034,500.0
4213,4213,Training,Extruder,79.79,48.53,4,41336,251.0
4214,4214,Training,Pump,60.28,72.64,8,78265,454.0
4215,4215,Training,Gauge Machine,60.81,74.18,1,58183,512.0
4216,4216,Training,Pump,67.56,54.15,12,63750,224.0
4217,4217,Training,Pressure Cutter,85.49,67.01,17,37651,173.0
4218,4218,Training,Pump,77.26,79.59,9,73324,496.0
4219,4219,Training,Gauge Machine,90.98,93.18,11,44628,139.0
4220,4220,Training,Gauge Machine,71.62,53.28,8,24783,423.0
4221,4221,Training,Gauge Machine,37.7,49.94,3,47227,91.0
4222,4222,Training,Coil Oven,97.75,44.17,9,75166,352.0
4223,4223,Training,Coil Oven,10.77,74.35,8,64895,117.0
4224,4224,Training,Coil Oven,92.53,40.14,8,37454,275.0
4225,4225,Training,Gauge Machine,64.58,83.02,7,76802,472.0
4226,4226,Training,Gauge Machine,39.28,71.48,17,40520,357.0
4227,4227,Training,Gauge Machine,40.65,81.27,12,34567,300.0
4228,4228,Training,Gauge Machine,20.57,58.49,10,54731,584.0
4229,4229,Training,Pump,90.41,43.88,3,51660,345.0
4230,4230,Training,Gauge Machine,28.2,92.46,10,23944,396.0
4231,4231,Training,Coil Oven,31.52,79.81,10,52922,230.0
4232,4232,Training,Pump,79.76,87.83,11,53466,337.0
4233,4233,Training,Extruder,61.9,77.59,10,35766,512.0
4234,4234,Training,Gauge Machine,81.03,77.6,2,27889,250.0
4235,4235,Training,Extruder,22.88,85.84,8,25981,575.0
4236,4236,Training,Gauge Machine,42.2,68.08,8,29809,118.0
4237,4237,Training,Pump,71.04,82.19,7,66317,386.0
4238,4238,Training,Pump,34.57,71.27,13,64704,461.0
4239,4239,Training,Extruder,92.63,81.61,14,59144,412.0
4240,4240,Training,Gauge Machine,52.67,50.78,8,52173,487.0
4241,4241,Training,Extruder,95.19,67.99,16,42860,421.0
4242,4242,Training,Extruder,80.97,64.31,11,61340,148.0
4243,4243,Training,Pump,23.76,43.52,9,49601,71.0
4244,4244,Training,Coil Oven,63.59,81.64,13,73787,367.0
4245,4245,Training,Pump,5.55,49.54,3,37252,560.0
4246,4246,Training,Gauge Machine,5.25,60.58,16,46535,464.0
4247,4247,Training,Coil Oven,56.05,76.5,13,46032,271.0
4248,4248,Training,Coil Oven,30.27,66.62,11,56731,176.0
4249,4249,Training,Pump,42.2,71.14,15,64102,104.0
4250,4250,Training,Extruder,56.99,53.63,8,26573,67.0
4251,4251,Training,Pressure Cutter,70.08,89.25,8,50295,200.0
4252,4252,Training,Pump,83.53,86.38,12,37796,221.0
4253,4253,Training,Pump,82.56,62.72,2,57844,208.0
4254,4254,Training,Pump,99.6,87.75,8,42050,505.0
4255,4255,Training,Gauge Machine,26.25,74.89,16,73537,220.0
4256,4256,Training,Pump,96.08,57.18,13,57617,434.0
4257,4257,Training,Extruder,22.46,69.56,11,33973,421.0
4258,4258,Training,Pump,41.75,80.75,11,31774,281.0
4259,4259,Training,Extruder,58.37,36.89,11,63066,452.0
4260,4260,Training,Pressure Cutter,82.11,82.86,11,71471,572.0
4261,4261,Training,Gauge Machine,85.98,74.08,8,47951,481.0
4262,4262,Training,Pressure Cutter,58.16,49.14,14,51057,477.0
4263,4263,Training,Extruder,35.49,75.89,16,29233,156.0
4264,4264,Training,Extruder,99.87,84.17,6,77034,207.0
4265,4265,Training,Pump,8.68,45.7,6,76966,301.0
4266,4266,Training,Pump,83.4,42.2,2,45889,355.0
4267,4267,Training,Extruder,80.91,37.69,17,28677,275.0
4268,4268,Training,Extruder,69.9,84.51,8,62694,111.0
4269,4269,Training,Pump,92.92,55.02,9,67304,369.0
4270,4270,Training,Gauge Machine,31.8,77.67,9,73593,183.0
4271,4271,Training,Extruder,77.94,72.2,9,28603,438.0
4272,4272,Training,Coil Oven,66.21,50.26,11,54253,422.0
4273,4273,Training,Pressure Cutter,54.32,79.31,11,37675,378.0
4274,4274,Training,Gauge Machine,21.93,61.78,15,49965,326.0
4275,4275,Training,Gauge Machine,24.29,44.2,14,43166,216.0
4276,4276,Training,Pressure Cutter,35.45,40.06,2,59647,73.0
4277,4277,Training,Extruder,41.42,57.54,9,45404,550.0
4278,4278,Training,Pump,59.53,78.41,14,68541,318.0
4279,4279,Training,Pump,68.17,72.44,2,47699,69.0
4280,4280,Training,Pressure Cutter,8.77,87.27,7,68883,405.0
4281,4281,Training,Pressure Cutter,38.91,53.22,3,64283,171.0
4282,4282,Training,Pump,78.29,44.8,13,23181,277.0
4283,4283,Training,Pressure Cutter,56.75,57.86,17,68033,232.0
4284,4284,Training,Extruder,7.96,55.19,3,63387,293.0
4285,4285,Training,Pressure Cutter,55.41,89.48,7,42402,440.0
4286,4286,Training,Gauge Machine,46.4,93.16,11,50564,265.0
4287,4287,Training,Extruder,14.97,60.5,3,63449,451.0
4288,4288,Training,Coil Oven,43.33,86.64,14,69805,221.0
4289,4289,Training,Coil Oven,29.56,35.99,5,40249,94.0
4290,4290,Training,Coil Oven,5.05,37.94,2,46046,260.0
4291,4291,Training,Pressure Cutter,10.6,84.03,6,43287,504.0
4292,4292,Training,Coil Oven,99.85,90.68,10,33684,433.0
4293,4293,Training,Extruder,99.96,53.51,3,25139,385.0
4294,4294,Training,Extruder,54.6,38.67,13,72139,518.0
4295,4295,Training,Coil Oven,72.02,60.04,15,34995,433.0
4296,4296,Training,Pressure Cutter,8.24,51.02,12,58016,139.0
4297,4297,Training,Coil Oven,82.25,42.96,13,24371,481.0
4298,4298,Training,Pressure Cutter,18.46,42.25,10,78847,450.0
4299,4299,Training,Pump,58.4,37.47,3,32393,257.0
4300,4300,Training,Pump,59.26,51.32,17,48886,272.0
4301,4301,Training,Coil Oven,13.05,60.4,9,52107,402.0
4302,4302,Training,Pressure Cutter,51.51,45.0,3,47039,164.0
4303,4303,Training,Gauge Machine,38.47,94.96,16,61993,304.0
4304,4304,Training,Pump,23.21,65.26,8,63828,256.0
4305,4305,Training,Pump,48.53,49.71,3,51224,346.0
4306,4306,Training,Coil Oven,18.53,40.97,5,33703,553.0
4307,4307,Training,Extruder,83.02,43.46,6,24553,482.0
4308,4308,Training,Coil Oven,23.11,75.01,8,24788,308.0
4309,4309,Training,Pump,67.23,59.45,14,79608,469.0
4310,4310,Training,Extruder,68.02,65.7,2,28844,542.0
4311,4311,Training,Pressure Cutter,15.32,84.02,7,51568,97.0
4312,4312,Training,Gauge Machine,44.7,78.42,13,72244,197.0
4313,4313,Training,Coil Oven,69.68,81.07,3,24198,145.0
4314,4314,Training,Gauge Machine,93.18,43.79,17,39333,110.0
4315,4315,Training,Pump,84.76,86.31,13,34661,473.0
4316,4316,Training,Gauge Machine,22.75,91.06,9,64963,557.0
4317,4317,Training,Extruder,35.27,78.04,15,63864,102.0
4318,4318,Training,Extruder,12.67,85.82,4,54749,484.0
4319,4319,Training,Gauge Machine,65.2,65.4,16,64570,108.0
4320,4320,Training,Pressure Cutter,82.99,42.64,9,64456,481.0
4321,4321,Training,Pressure Cutter,61.91,71.09,11,24521,415.0
4322,4322,Training,Pump,93.64,69.01,11,40841,494.0
4323,4323,Training,Pressure Cutter,17.6,39.66,11,33769,157.0
4324,4324,Training,Pump,12.58,72.67,10,43811,66.0
4325,4325,Training,Pressure Cutter,96.6,50.16,5,76499,109.0
4326,4326,Training,Coil Oven,73.69,87.85,9,36991,118.0
4327,4327,Training,Gauge Machine,61.66,70.84,13,39024,183.0
4328,4328,Training,Extruder,6.47,51.47,15,74180,164.0
4329,4329,Training,Coil Oven,18.13,85.73,10,59497,526.0
4330,4330,Training,Extruder,80.06,35.08,6,41443,400.0
4331,4331,Training,Gauge Machine,91.33,69.41,3,31097,246.0
4332,4332,Training,Gauge Machine,53.97,77.54,8,74223,118.0
4333,4333,Training,Coil Oven,29.02,65.76,11,55235,366.0
4334,4334,Training,Extruder,11.14,70.87,7,61912,291.0
4335,4335,Training,Coil Oven,18.29,76.56,4,79083,219.0
4336,4336,Training,Pressure Cutter,96.5,72.19,9,36738,337.0
4337,4337,Training,Pressure Cutter,35.16,78.36,15,73370,206.0
4338,4338,Training,Pump,77.89,79.76,8,78248,79.0
4339,4339,Training,Pressure Cutter,89.75,56.68,5,66419,381.0
4340,4340,Training,Pump,93.13,48.51,6,34867,383.0
4341,4341,Training,Pressure Cutter,93.31,80.81,17,70381,267.0
4342,4342,Training,Pressure Cutter,58.5,56.34,11,50259,105.0
4343,4343,Training,Gauge Machine,38.78,70.04,8,76398,160.0
4344,4344,Training,Gauge Machine,79.9,68.88,12,78301,462.0
4345,4345,Training,Gauge Machine,46.52,36.52,9,68036,219.0
4346,4346,Training,Gauge Machine,17.88,50.83,8,23980,260.0
4347,4347,Training,Gauge Machine,48.76,85.54,11,74633,299.0
4348,4348,Training,Pressure Cutter,86.78,66.57,4,64084,515.0
4349,4349,Training,Gauge Machine,26.4,72.38,8,66808,233.0
4350,4350,Training,Gauge Machine,81.19,66.15,8,61453,476.0
4351,4351,Training,Gauge Machine,50.83,65.54,2,79233,74.0
4352,4352,Training,Pressure Cutter,78.26,69.85,13,34402,305.0
4353,4353,Training,Pressure Cutter,18.34,54.89,5,76872,511.0
4354,4354,Training,Pump,66.31,47.97,14,61949,149.0
4355,4355,Training,Pump,56.14,61.44,5,76524,91.0
4356,4356,Training,Extruder,83.02,63.49,8,60214,112.0
4357,4357,Training,Coil Oven,74.85,54.74,12,32283,288.0
4358,4358,Training,Pressure Cutter,16.75,70.09,7,23062,144.0
4359,4359,Training,Gauge Machine,92.74,40.51,14,48910,500.0
4360,4360,Training,Pressure Cutter,16.3,81.98,14,30547,171.0
4361,4361,Training,Pressure Cutter,69.13,86.53,14,70740,187.0
4362,4362,Training,Pressure Cutter,9.87,36.97,14,48165,438.0
4363,4363,Training,Pump,45.06,67.7,14,24031,215.0
4364,4364,Training,Coil Oven,76.73,93.62,7,41244,276.0
4365,4365,Training,Pump,51.14,87.6,16,67571,366.0
4366,4366,Training,Extruder,63.33,63.85,3,40193,393.0
4367,4367,Training,Coil Oven,28.9,65.0,16,56785,518.0
4368,4368,Training,Gauge Machine,22.96,40.12,9,34171,334.0
4369,4369,Training,Pump,32.04,58.29,15,73079,165.0
4370,4370,Training,Gauge Machine,53.11,62.56,13,23701,193.0
4371,4371,Training,Pressure Cutter,93.83,69.23,6,47788,416.0
4372,4372,Training,Coil Oven,11.76,74.75,13,77803,437.0
4373,4373,Training,Extruder,25.9,93.67,3,34966,224.0
4374,4374,Training,Pressure Cutter,18.82,37.43,13,79747,234.0
4375,4375,Training,Extruder,74.27,75.07,4,70378,120.0
4376,4376,Training,Pressure Cutter,74.33,78.28,3,27872,580.0
4377,4377,Training,Pump,50.8,57.6,7,57487,313.0
4378,4378,Training,Gauge Machine,47.36,57.24,5,69375,487.0
4379,4379,Training,Coil Oven,94.07,66.16,5,66008,549.0
4380,4380,Training,Gauge Machine,22.43,86.44,15,71753,478.0
4381,4381,Training,Pump,88.74,61.51,12,71587,131.0
4382,4382,Training,Pump,14.23,70.06,13,24553,579.0
4383,4383,Training,Extruder,19.95,94.4,14,52647,459.0
4384,4384,Training,Pressure Cutter,94.05,68.9,5,42075,81.0
4385,4385,Training,Extruder,29.83,86.79,3,55239,186.0
4386,4386,Training,Pressure Cutter,85.8,89.61,5,29986,150.0
4387,4387,Training,Extruder,57.64,78.9,2,32378,177.0
4388,4388,Training,Gauge Machine,7.0,84.03,11,33174,435.0
4389,4389,Training,Extruder,96.73,36.32,11,25193,320.0
4390,4390,Training,Pump,46.06,94.35,12,34597,296.0
4391,4391,Training,Pressure Cutter,30.5,51.61,6,69145,62.0
4392,4392,Training,Pressure Cutter,11.95,42.53,17,25596,269.0
4393,4393,Training,Pump,97.4,62.82,11,66361,79.0
4394,4394,Training,Gauge Machine,24.1,51.32,11,43381,200.0
4395,4395,Training,Pressure Cutter,73.52,73.71,12,55607,347.0
4396,4396,Training,Coil Oven,10.42,93.59,12,57348,107.0
4397,4397,Training,Pressure Cutter,96.84,61.77,16,25547,451.0
4398,4398,Training,Gauge Machine,24.85,62.11,3,68171,391.0
4399,4399,Training,Pressure Cutter,68.8,44.36,7,74547,287.0
4400,4400,Training,Pump,12.78,45.6,17,56714,437.0
4401,4401,Training,Gauge Machine,95.45,47.91,5,56608,270.0
4402,4402,Training,Extruder,54.6,81.95,3,56678,94.0
4403,4403,Training,Gauge Machine,55.39,84.77,9,70451,285.0
4404,4404,Training,Coil Oven,19.75,67.43,16,52976,345.0
4405,4405,Training,Extruder,23.9,94.97,16,44566,579.0
4406,4406,Training,Pressure Cutter,90.47,38.04,3,78433,503.0
4407,4407,Training,Coil Oven,85.91,76.94,2,29361,403.0
4408,4408,Training,Pump,45.14,54.27,13,76199,352.0
4409,4409,Training,Extruder,37.17,45.64,5,79484,351.0
4410,4410,Training,Pressure Cutter,33.52,61.77,16,55493,154.0
4411,4411,Training,Pump,83.54,80.67,4,72191,419.0
4412,4412,Training,Pump,37.62,60.32,8,51139,558.0
4413,4413,Training,Extruder,11.05,74.08,9,56402,238.0
4414,4414,Training,Pump,92.33,48.34,14,64218,69.0
4415,4415,Training,Coil Oven,74.86,67.4,10,43745,578.0
4416,4416,Training,Extruder,43.63,57.95,6,68412,206.0
4417,4417,Training,Pressure Cutter,53.73,77.27,13,39359,408.0
4418,4418,Training,Extruder,45.08,45.3,13,43984,200.0
4419,4419,Training,Pump,74.19,91.71,14,43497,60.0
4420,4420,Training,Pressure Cutter,35.96,63.56,5,66762,231.0
4421,4421,Training,Pump,38.96,37.07,8,31251,263.0
4422,4422,Training,Pressure Cutter,49.97,61.97,2,48861,314.0
4423,4423,Training,Pressure Cutter,24.1,53.69,3,47153,136.0
4424,4424,Training,Extruder,11.13,55.97,15,33959,424.0
4425,4425,Training,Extruder,96.79,71.55,9,52782,478.0
4426,4426,Training,Pump,86.03,41.95,16,58093,478.0
4427,4427,Training,Extruder,39.53,75.53,7,74111,210.0
4428,4428,Training,Pump,86.7,44.14,5,48261,242.0
4429,4429,Training,Coil Oven,53.12,79.16,2,63592,456.0
4430,4430,Training,Coil Oven,9.59,85.38,8,79319,372.0
4431,4431,Training,Pressure Cutter,20.06,93.98,12,57208,481.0
4432,4432,Training,Pump,87.21,41.78,10,38601,506.0
4433,4433,Training,Pump,92.26,51.4,17,39878,199.0
4434,4434,Training,Pump,76.98,82.76,2,32780,103.0
4435,4435,Training,Extruder,51.72,61.48,11,26139,247.0
4436,4436,Training,Coil Oven,28.02,37.26,9,78873,70.0
4437,4437,Training,Coil Oven,25.92,90.45,12,78256,579.0
4438,4438,Training,Coil Oven,69.34,56.59,16,29920,534.0
4439,4439,Training,Coil Oven,60.56,75.54,17,51822,187.0
4440,4440,Training,Coil Oven,8.37,88.94,16,42200,531.0
4441,4441,Training,Pump,23.4,74.81,2,39693,224.0
4442,4442,Training,Extruder,86.06,64.75,6,39161,132.0
4443,4443,Training,Pressure Cutter,71.42,49.91,13,50705,526.0
4444,4444,Training,Extruder,22.69,58.43,11,65688,207.0
4445,4445,Training,Gauge Machine,17.89,59.14,11,26139,358.0
4446,4446,Training,Gauge Machine,38.84,43.34,15,24672,214.0
4447,4447,Training,Pressure Cutter,55.79,51.59,3,41224,465.0
4448,4448,Training,Pressure Cutter,37.66,49.27,17,58868,305.0
4449,4449,Training,Pressure Cutter,36.61,59.8,14,67545,392.0
4450,4450,Training,Pressure Cutter,36.73,76.08,6,33402,519.0
4451,4451,Training,Pressure Cutter,44.08,74.87,14,72440,523.0
4452,4452,Training,Pressure Cutter,39.38,38.73,8,39389,179.0
4453,4453,Training,Pump,94.75,42.81,3,63486,111.0
4454,4454,Training,Extruder,83.69,84.11,5,37016,75.0
4455,4455,Training,Pump,70.49,94.35,15,68983,299.0
4456,4456,Training,Pump,24.47,38.65,6,62176,119.0
4457,4457,Training,Coil Oven,25.12,67.74,6,45727,532.0
4458,4458,Training,Coil Oven,85.42,44.14,6,44793,86.0
4459,4459,Training,Coil Oven,21.66,91.36,4,55886,99.0
4460,4460,Training,Coil Oven,71.95,51.47,12,36432,284.0
4461,4461,Training,Gauge Machine,27.71,91.22,5,75715,250.0
4462,4462,Training,Extruder,93.88,84.2,4,72300,370.0
4463,4463,Training,Pressure Cutter,91.65,55.34,11,25965,231.0
4464,4464,Training,Gauge Machine,89.44,89.31,13,62041,506.0
4465,4465,Training,Pressure Cutter,69.69,63.23,4,59950,350.0
4466,4466,Training,Gauge Machine,83.37,77.69,13,50482,78.0
4467,4467,Training,Gauge Machine,39.24,72.02,12,49239,175.0
4468,4468,Training,Coil Oven,16.84,79.2,16,43698,113.0
4469,4469,Training,Extruder,14.87,45.48,5,41406,89.0
4470,4470,Training,Pressure Cutter,14.98,76.36,10,36604,360.0
4471,4471,Training,Pump,91.91,51.03,15,49886,504.0
4472,4472,Training,Pump,50.87,84.54,3,46736,62.0
4473,4473,Training,Gauge Machine,69.01,50.82,6,53360,438.0
4474,4474,Training,Pressure Cutter,91.2,61.76,14,78573,575.0
4475,4475,Training,Extruder,76.71,37.48,15,45121,361.0
4476,4476,Training,Extruder,25.33,68.9,10,47359,186.0
4477,4477,Training,Coil Oven,87.74,61.75,3,31668,490.0
4478,4478,Training,Extruder,13.42,51.48,10,66032,367.0
4479,4479,Training,Pump,87.66,94.42,5,66743,368.0
4480,4480,Training,Extruder,22.66,70.02,11,50706,571.0
4481,4481,Training,Pump,89.63,94.96,3,33367,259.0
4482,4482,Training,Gauge Machine,17.87,93.09,9,50597,232.0
4483,4483,Training,Pump,26.05,63.71,2,38071,507.0
4484,4484,Training,Coil Oven,12.47,93.88,10,35204,105.0
4485,4485,Training,Extruder,70.41,46.46,11,63425,243.0
4486,4486,Training,Extruder,73.1,38.69,7,47639,348.0
4487,4487,Training,Pump,37.77,50.55,14,62543,531.0
4488,4488,Training,Extruder,96.48,58.7,10,66095,495.0
4489,4489,Training,Pressure Cutter,43.23,51.83,11,77653,560.0
4490,4490,Training,Gauge Machine,42.27,48.65,10,43391,469.0
4491,4491,Training,Extruder,93.25,55.74,11,44537,311.0
4492,4492,Training,Pump,97.84,94.74,6,32477,104.0
4493,4493,Training,Gauge Machine,23.91,57.26,10,65406,197.0
4494,4494,Training,Gauge Machine,67.79,75.84,15,53752,492.0
4495,4495,Training,Pressure Cutter,13.24,90.08,7,72880,323.0
4496,4496,Training,Gauge Machine,10.59,52.93,3,78270,531.0
4497,4497,Training,Pressure Cutter,73.32,88.16,11,29102,354.0
4498,4498,Training,Pressure Cutter,80.51,94.6,11,36956,226.0
4499,4499,Training,Gauge Machine,19.45,78.85,6,27304,397.0
4500,4500,Training,Extruder,47.13,81.29,8,51549,441.0
4501,4501,Training,Pump,25.05,77.54,11,32208,388.0
4502,4502,Training,Gauge Machine,43.13,91.25,2,35209,128.0
4503,4503,Training,Pump,20.92,74.7,6,25987,89.0
4504,4504,Training,Gauge Machine,82.85,39.23,5,32254,317.0
4505,4505,Training,Gauge Machine,99.81,65.9,11,79531,109.0
4506,4506,Training,Extruder,15.96,49.01,7,46429,261.0
4507,4507,Training,Pump,89.98,54.18,6,46094,426.0
4508,4508,Training,Coil Oven,60.08,70.16,2,25674,508.0
4509,4509,Training,Gauge Machine,78.13,67.75,11,42276,239.0
4510,4510,Training,Gauge Machine,95.8,67.44,4,78122,120.0
4511,4511,Training,Extruder,17.7,94.05,13,45280,267.0
4512,4512,Training,Pump,20.03,70.11,4,56412,110.0
4513,4513,Training,Extruder,72.43,57.46,5,38464,536.0
4514,4514,Training,Extruder,99.59,41.62,16,62846,282.0
4515,4515,Training,Extruder,51.67,83.7,6,73672,273.0
4516,4516,Training,Pump,70.54,43.79,12,44970,358.0
4517,4517,Training,Pressure Cutter,47.94,61.61,15,41430,307.0
4518,4518,Training,Extruder,80.47,87.09,5,67426,429.0
4519,4519,Training,Pump,20.34,36.25,11,41071,249.0
4520,4520,Training,Extruder,22.06,59.79,14,36046,83.0
4521,4521,Training,Pressure Cutter,54.77,38.39,8,31217,57.0
4522,4522,Training,Pressure Cutter,28.81,84.9,5,42220,116.0
4523,4523,Training,Pressure Cutter,85.7,41.48,5,58728,394.0
4524,4524,Training,Pressure Cutter,90.56,59.75,7,34332,182.0
4525,4525,Training,Pressure Cutter,72.69,68.05,12,31954,574.0
4526,4526,Training,Coil Oven,43.53,84.58,7,72492,454.0
4527,4527,Training,Pressure Cutter,74.36,37.08,7,61255,301.0
4528,4528,Training,Pump,90.71,70.19,13,53009,171.0
4529,4529,Training,Gauge Machine,82.5,57.85,16,59718,265.0
4530,4530,Training,Gauge Machine,98.46,80.55,11,37639,560.0
4531,4531,Training,Gauge Machine,72.6,86.16,1,53990,85.0
4532,4532,Training,Coil Oven,69.72,76.13,10,74831,360.0
4533,4533,Training,Pump,89.2,85.58,4,31218,361.0
4534,4534,Training,Gauge Machine,87.5,56.82,13,57480,582.0
4535,4535,Training,Gauge Machine,30.42,94.05,14,73895,392.0
4536,4536,Training,Gauge Machine,91.44,57.94,5,34436,558.0
4537,4537,Training,Extruder,84.97,86.81,16,62634,294.0
4538,4538,Training,Gauge Machine,42.55,85.4,5,56127,215.0
4539,4539,Training,Pressure Cutter,99.13,78.45,10,53956,375.0
4540,4540,Training,Pump,17.36,35.19,11,74725,409.0
4541,4541,Training,Pump,84.57,55.49,12,69060,492.0
4542,4542,Training,Gauge Machine,78.31,93.76,10,37603,131.0
4543,4543,Training,Coil Oven,43.87,44.97,1,33363,407.0
4544,4544,Training,Extruder,19.7,50.77,13,30725,537.0
4545,4545,Training,Pressure Cutter,93.21,43.8,3,55140,350.0
4546,4546,Training,Gauge Machine,13.54,50.75,16,78510,474.0
4547,4547,Training,Extruder,89.5,83.2,11,34860,441.0
4548,4548,Training,Coil Oven,59.2,36.33,13,51987,376.0
4549,4549,Training,Extruder,10.55,36.77,7,63751,521.0
4550,4550,Training,Pump,14.83,40.53,15,76966,490.0
4551,4551,Training,Gauge Machine,17.61,58.05,4,37719,57.0
4552,4552,Training,Gauge Machine,30.74,44.6,14,26887,229.0
4553,4553,Training,Coil Oven,87.59,77.11,10,74524,208.0
4554,4554,Training,Extruder,29.5,83.32,11,57264,365.0
4555,4555,Training,Pump,89.03,64.11,10,79389,157.0
4556,4556,Training,Extruder,56.77,76.63,4,54382,535.0
4557,4557,Training,Pump,9.04,62.82,9,30464,266.0
4558,4558,Training,Gauge Machine,94.63,58.84,17,32392,474.0
4559,4559,Training,Pump,87.53,83.19,14,39186,440.0
4560,4560,Training,Coil Oven,92.25,39.49,8,26737,208.0
4561,4561,Training,Pressure Cutter,71.31,69.33,7,39718,547.0
4562,4562,Training,Gauge Machine,70.67,80.78,16,67080,376.0
4563,4563,Training,Gauge Machine,92.14,58.48,4,28127,319.0
4564,4564,Training,Coil Oven,50.28,37.03,5,42234,254.0
4565,4565,Training,Coil Oven,47.79,72.36,14,58428,430.0
4566,4566,Training,Gauge Machine,76.12,46.98,1,33505,247.0
4567,4567,Training,Gauge Machine,98.58,67.3,9,23607,517.0
4568,4568,Training,Extruder,23.64,41.81,3,36099,183.0
4569,4569,Training,Gauge Machine,10.52,88.53,6,48365,87.0
4570,4570,Training,Pressure Cutter,93.82,36.84,3,44954,568.0
4571,4571,Training,Pump,91.96,86.57,5,25350,214.0
4572,4572,Training,Pressure Cutter,47.3,61.9,11,34763,436.0
4573,4573,Training,Coil Oven,67.66,81.7,9,23295,580.0
4574,4574,Training,Gauge Machine,33.83,85.59,13,71503,191.0
4575,4575,Training,Extruder,39.78,70.98,3,45913,214.0
4576,4576,Training,Coil Oven,56.78,49.75,14,25580,380.0
4577,4577,Training,Extruder,34.71,45.01,12,34455,344.0
4578,4578,Training,Coil Oven,36.42,71.03,4,48194,487.0
4579,4579,Training,Pressure Cutter,78.8,45.36,12,38446,127.0
4580,4580,Training,Coil Oven,73.14,56.22,6,34525,177.0
4581,4581,Training,Pump,14.02,59.22,10,24218,376.0
4582,4582,Training,Gauge Machine,50.73,37.08,11,78209,433.0
4583,4583,Training,Extruder,30.48,88.0,2,58703,398.0
4584,4584,Training,Pressure Cutter,85.19,46.09,2,44770,133.0
4585,4585,Training,Coil Oven,44.6,65.67,15,74883,157.0
4586,4586,Training,Pump,92.79,40.78,4,64988,111.0
4587,4587,Training,Coil Oven,70.56,79.56,3,40629,391.0
4588,4588,Training,Gauge Machine,66.66,38.47,6,42871,147.0
4589,4589,Training,Gauge Machine,80.77,72.43,15,40761,550.0
4590,4590,Training,Extruder,37.64,48.92,9,74561,474.0
4591,4591,Training,Pressure Cutter,88.56,82.46,5,76620,344.0
4592,4592,Training,Pressure Cutter,85.59,38.08,15,43867,234.0
4593,4593,Training,Pump,32.51,76.7,10,78970,559.0
4594,4594,Training,Gauge Machine,99.08,44.03,4,31805,373.0
4595,4595,Training,Pump,41.0,39.92,9,56862,198.0
4596,4596,Training,Pump,11.7,37.62,3,78826,177.0
4597,4597,Training,Coil Oven,93.72,47.04,6,78241,442.0
4598,4598,Training,Gauge Machine,15.98,38.55,10,67205,433.0
4599,4599,Training,Pressure Cutter,62.18,85.6,12,70182,571.0
4600,4600,Training,Gauge Machine,53.78,65.74,3,39158,263.0
4601,4601,Training,Pressure Cutter,30.32,75.35,4,26698,423.0
4602,4602,Training,Extruder,63.09,56.55,6,77674,462.0
4603,4603,Training,Pump,30.83,36.3,4,38029,192.0
4604,4604,Training,Coil Oven,70.46,49.84,13,65310,99.0
4605,4605,Training,Pressure Cutter,48.97,55.65,7,54363,493.0
4606,4606,Training,Extruder,73.49,42.97,10,74308,459.0
4607,4607,Training,Extruder,38.44,87.34,11,44498,233.0
4608,4608,Training,Extruder,21.11,58.85,7,57148,551.0
4609,4609,Training,Coil Oven,40.08,57.64,8,74922,456.0
4610,4610,Training,Pressure Cutter,25.6,68.71,16,27535,363.0
4611,4611,Training,Extruder,83.57,58.97,10,32233,354.0
4612,4612,Training,Gauge Machine,32.35,51.95,8,69001,206.0
4613,4613,Training,Extruder,50.97,78.76,4,61078,330.0
4614,4614,Training,Coil Oven,97.59,80.77,3,36297,542.0
4615,4615,Training,Pressure Cutter,81.62,42.8,8,49320,66.0
4616,4616,Training,Extruder,6.44,58.37,1,62392,487.0
4617,4617,Training,Pump,16.45,39.81,9,67433,400.0
4618,4618,Training,Extruder,89.23,83.74,10,67438,240.0
4619,4619,Training,Coil Oven,98.29,89.42,5,31153,419.0
4620,4620,Training,Coil Oven,49.94,41.7,7,43263,80.0
4621,4621,Training,Gauge Machine,15.58,73.7,5,79590,118.0
4622,4622,Training,Pump,94.78,45.62,10,56205,435.0
4623,4623,Training,Extruder,57.54,52.42,4,34849,550.0
4624,4624,Training,Pressure Cutter,79.78,47.62,10,62642,569.0
4625,4625,Training,Pressure Cutter,47.43,58.77,5,35930,460.0
4626,4626,Training,Coil Oven,28.18,82.17,9,60190,153.0
4627,4627,Training,Coil Oven,18.88,75.21,10,41556,206.0
4628,4628,Training,Coil Oven,22.45,40.71,13,40007,511.0
4629,4629,Training,Gauge Machine,19.55,50.78,14,66359,385.0
4630,4630,Training,Coil Oven,32.17,64.58,9,55534,109.0
4631,4631,Training,Pressure Cutter,48.05,48.31,3,44354,237.0
4632,4632,Training,Pump,50.78,57.19,7,31958,545.0
4633,4633,Training,Coil Oven,86.48,79.35,7,71260,169.0
4634,4634,Training,Coil Oven,50.34,80.45,14,58498,177.0
4635,4635,Training,Pressure Cutter,17.05,38.95,11,25118,426.0
4636,4636,Training,Gauge Machine,58.89,76.66,3,24125,428.0
4637,4637,Training,Extruder,98.71,45.1,1,50561,330.0
4638,4638,Training,Extruder,82.16,43.4,16,63864,72.0
4639,4639,Training,Pump,20.23,42.79,14,42518,524.0
4640,4640,Training,Coil Oven,56.36,45.35,9,71396,54.0
4641,4641,Training,Coil Oven,8.18,93.59,2,55848,564.0
4642,4642,Training,Coil Oven,20.87,75.46,8,32118,116.0
4643,4643,Training,Coil Oven,15.61,88.01,4,26914,357.0
4644,4644,Training,Pump,90.74,41.45,8,46632,518.0
4645,4645,Training,Coil Oven,94.23,75.07,14,45583,382.0
4646,4646,Training,Extruder,85.75,77.67,8,77560,431.0
4647,4647,Training,Extruder,29.45,58.83,1,51244,531.0
4648,4648,Training,Pump,74.76,87.78,16,39612,485.0
4649,4649,Training,Gauge Machine,71.75,71.7,12,42468,493.0
4650,4650,Training,Pressure Cutter,17.52,52.06,3,68995,546.0
4651,4651,Training,Pump,81.89,80.04,15,76988,303.0
4652,4652,Training,Gauge Machine,96.43,41.04,12,78252,56.0
4653,4653,Training,Pump,15.01,58.85,10,46189,192.0
4654,4654,Training,Pressure Cutter,96.87,92.31,4,63101,364.0
4655,4655,Training,Gauge Machine,5.99,91.39,14,35394,333.0
4656,4656,Training,Pressure Cutter,80.31,66.63,11,51320,374.0
4657,4657,Training,Pressure Cutter,11.8,65.1,15,31403,464.0
4658,4658,Training,Gauge Machine,96.89,46.95,10,36770,438.0
4659,4659,Training,Extruder,43.09,81.12,8,28309,285.0
4660,4660,Training,Pump,22.03,53.67,6,67305,319.0
4661,4661,Training,Gauge Machine,19.42,72.51,12,27129,354.0
4662,4662,Training,Extruder,83.59,92.47,10,79785,298.0
4663,4663,Training,Gauge Machine,37.44,89.0,14,66091,158.0
4664,4664,Training,Extruder,56.31,86.65,10,32590,486.0
4665,4665,Training,Pump,62.94,85.51,7,26607,269.0
4666,4666,Training,Coil Oven,67.29,57.67,8,52882,414.0
4667,4667,Training,Coil Oven,83.78,36.33,5,56298,359.0
4668,4668,Training,Pump,45.54,45.65,13,53770,368.0
4669,4669,Training,Gauge Machine,47.41,89.22,13,30384,433.0
4670,4670,Training,Pressure Cutter,51.7,48.15,15,71709,160.0
4671,4671,Training,Pressure Cutter,29.24,49.57,2,63955,181.0
4672,4672,Training,Pressure Cutter,73.74,49.15,5,32360,192.0
4673,4673,Training,Coil Oven,78.45,49.99,5,31880,321.0
4674,4674,Training,Gauge Machine,70.94,84.88,15,44487,169.0
4675,4675,Training,Pressure Cutter,5.77,87.99,12,43035,584.0
4676,4676,Training,Pump,56.87,88.17,11,62770,449.0
4677,4677,Training,Coil Oven,25.79,82.44,7,70511,324.0
4678,4678,Training,Gauge Machine,25.79,80.7,10,77299,473.0
4679,4679,Training,Pressure Cutter,21.32,47.56,9,53230,399.0
4680,4680,Training,Pressure Cutter,50.36,64.95,16,72800,390.0
4681,4681,Training,Gauge Machine,24.49,82.77,3,69954,329.0
4682,4682,Training,Gauge Machine,89.84,63.66,4,48123,409.0
4683,4683,Training,Pressure Cutter,59.65,92.79,3,67299,118.0
4684,4684,Training,Extruder,87.89,69.27,6,72077,547.0
4685,4685,Training,Extruder,42.25,86.01,3,35970,99.0
4686,4686,Training,Pressure Cutter,37.35,78.1,2,70904,279.0
4687,4687,Training,Coil Oven,92.82,37.69,13,67673,376.0
4688,4688,Training,Gauge Machine,34.55,83.05,17,45349,439.0
4689,4689,Training,Coil Oven,62.47,59.74,17,23680,237.0
4690,4690,Training,Pressure Cutter,97.68,69.39,10,27360,461.0
4691,4691,Training,Gauge Machine,62.06,67.89,3,66303,274.0
4692,4692,Training,Pressure Cutter,5.72,74.8,2,67694,580.0
4693,4693,Training,Extruder,12.25,73.72,5,67054,91.0
4694,4694,Training,Coil Oven,98.26,51.4,5,24950,481.0
4695,4695,Training,Pressure Cutter,8.05,56.27,2,55766,580.0
4696,4696,Training,Extruder,22.76,88.8,15,78623,543.0
4697,4697,Training,Pump,10.46,50.34,15,23034,158.0
4698,4698,Training,Gauge Machine,66.22,66.51,5,25337,171.0
4699,4699,Training,Gauge Machine,92.72,72.14,2,51557,461.0
4700,4700,Training,Gauge Machine,32.01,68.65,7,70186,383.0
4701,4701,Training,Pump,63.08,80.38,4,34984,540.0
4702,4702,Training,Coil Oven,36.12,92.59,10,70807,464.0
4703,4703,Training,Gauge Machine,76.87,51.84,16,50808,545.0
4704,4704,Training,Coil Oven,88.0,55.49,7,47345,290.0
4705,4705,Training,Pressure Cutter,69.24,57.42,12,65598,192.0
4706,4706,Training,Pump,10.34,62.65,16,42108,579.0
4707,4707,Training,Gauge Machine,35.63,41.37,1,71775,298.0
4708,4708,Training,Extruder,67.22,57.34,4,40777,462.0
4709,4709,Training,Coil Oven,74.45,83.76,5,59600,515.0
4710,4710,Training,Gauge Machine,19.61,80.22,13,69462,550.0
4711,4711,Training,Coil Oven,67.82,50.41,16,75627,218.0
4712,4712,Training,Coil Oven,32.68,77.01,16,49133,555.0
4713,4713,Training,Gauge Machine,89.25,42.18,6,49958,167.0
4714,4714,Training,Gauge Machine,79.56,91.92,6,40007,231.0
4715,4715,Training,Pump,58.97,44.38,2,78803,288.0
4716,4716,Training,Coil Oven,33.49,60.77,4,51294,153.0
4717,4717,Training,Coil Oven,41.74,56.89,9,68075,550.0
4718,4718,Training,Pump,11.98,43.1,13,31153,227.0
4719,4719,Training,Coil Oven,9.13,50.94,14,37813,500.0
4720,4720,Training,Gauge Machine,84.7,82.41,7,29721,312.0
4721,4721,Training,Gauge Machine,19.22,77.93,3,41195,95.0
4722,4722,Training,Coil Oven,44.93,88.99,14,56906,570.0
4723,4723,Training,Coil Oven,64.2,42.2,6,26186,399.0
4724,4724,Training,Coil Oven,37.88,50.7,2,39766,365.0
4725,4725,Training,Gauge Machine,40.69,78.61,10,23577,553.0
4726,4726,Training,Pressure Cutter,21.15,81.81,10,42633,442.0
4727,4727,Training,Coil Oven,35.8,85.05,12,72446,187.0
4728,4728,Training,Gauge Machine,6.49,47.75,12,55722,293.0
4729,4729,Training,Extruder,13.04,94.59,9,56205,119.0
4730,4730,Training,Pressure Cutter,27.51,78.18,5,57905,322.0
4731,4731,Training,Extruder,72.13,70.42,9,74289,429.0
4732,4732,Training,Extruder,70.59,42.03,12,62542,571.0
4733,4733,Training,Pressure Cutter,14.13,40.09,4,63451,329.0
4734,4734,Training,Pump,95.88,73.6,6,45873,309.0
4735,4735,Training,Pressure Cutter,71.33,54.38,10,37581,553.0
4736,4736,Training,Extruder,73.73,85.85,7,74330,172.0
4737,4737,Training,Gauge Machine,88.41,35.15,15,40636,504.0
4738,4738,Training,Coil Oven,77.35,61.65,16,65670,68.0
4739,4739,Training,Pump,93.19,90.66,11,62203,471.0
4740,4740,Training,Extruder,44.36,84.59,5,46852,357.0
4741,4741,Training,Coil Oven,60.03,38.25,14,25141,210.0
4742,4742,Training,Pressure Cutter,48.08,54.9,9,50308,242.0
4743,4743,Training,Coil Oven,21.97,60.4,5,31572,510.0
4744,4744,Training,Gauge Machine,29.92,85.58,1,65145,540.0
4745,4745,Training,Gauge Machine,18.99,59.72,8,74235,105.0
4746,4746,Training,Gauge Machine,34.44,70.47,5,74691,174.0
4747,4747,Training,Gauge Machine,16.25,41.2,15,44209,69.0
4748,4748,Training,Gauge Machine,48.08,86.7,3,58556,207.0
4749,4749,Training,Gauge Machine,89.4,42.93,16,46277,112.0
4750,4750,Training,Coil Oven,36.84,83.22,7,30497,176.0
4751,4751,Training,Gauge Machine,43.98,93.82,3,73717,159.0
4752,4752,Training,Gauge Machine,83.83,84.15,4,75997,134.0
4753,4753,Training,Extruder,15.77,41.91,9,61431,549.0
4754,4754,Training,Pressure Cutter,45.4,42.21,16,71684,84.0
4755,4755,Training,Coil Oven,37.7,58.84,2,78317,248.0
4756,4756,Training,Coil Oven,25.01,70.29,5,70429,339.0
4757,4757,Training,Pump,27.16,58.92,4,40814,144.0
4758,4758,Training,Coil Oven,47.7,61.2,3,52564,226.0
4759,4759,Training,Pressure Cutter,66.14,73.76,3,67193,452.0
4760,4760,Training,Pump,88.15,41.62,2,23679,440.0
4761,4761,Training,Gauge Machine,79.08,38.86,16,53555,177.0
4762,4762,Training,Pressure Cutter,38.73,41.45,7,56748,167.0
4763,4763,Training,Extruder,36.45,87.59,9,65345,497.0
4764,4764,Training,Coil Oven,62.69,93.81,12,76667,61.0
4765,4765,Training,Extruder,79.46,49.7,16,58372,581.0
4766,4766,Training,Extruder,40.56,50.15,17,79722,474.0
4767,4767,Training,Pressure Cutter,54.62,68.75,17,35781,139.0
4768,4768,Training,Coil Oven,12.89,52.15,12,54723,583.0
4769,4769,Training,Coil Oven,36.38,70.12,3,56896,69.0
4770,4770,Training,Pump,61.93,37.27,12,42912,326.0
4771,4771,Training,Gauge Machine,46.07,56.37,7,49411,434.0
4772,4772,Training,Extruder,28.77,56.4,6,63723,470.0
4773,4773,Training,Pump,20.7,68.35,10,74251,418.0
4774,4774,Training,Extruder,75.81,48.56,9,59166,230.0
4775,4775,Training,Pressure Cutter,55.24,90.99,11,27486,430.0
4776,4776,Training,Gauge Machine,79.95,68.02,8,30744,422.0
4777,4777,Training,Coil Oven,63.31,35.38,11,33356,400.0
4778,4778,Training,Gauge Machine,30.24,54.18,7,51901,565.0
4779,4779,Training,Pressure Cutter,83.16,53.02,16,64565,268.0
4780,4780,Training,Gauge Machine,62.44,90.96,14,72808,540.0
4781,4781,Training,Pressure Cutter,92.26,91.76,4,46474,119.0
4782,4782,Training,Extruder,81.93,71.85,9,74030,212.0
4783,4783,Training,Coil Oven,69.84,79.75,13,49405,114.0
4784,4784,Training,Extruder,51.86,42.16,4,29299,239.0
4785,4785,Training,Gauge Machine,84.24,55.47,1,53227,540.0
4786,4786,Training,Coil Oven,35.69,90.72,9,30344,178.0
4787,4787,Training,Coil Oven,72.52,84.85,2,23092,503.0
4788,4788,Training,Pressure Cutter,86.44,51.03,11,44959,231.0
4789,4789,Training,Coil Oven,51.71,37.68,8,24321,334.0
4790,4790,Training,Gauge Machine,33.11,81.23,9,30921,536.0
4791,4791,Training,Gauge Machine,39.38,81.34,16,32675,287.0
4792,4792,Training,Gauge Machine,74.86,50.16,4,72944,552.0
4793,4793,Training,Pressure Cutter,49.59,41.17,4,74801,318.0
4794,4794,Training,Pump,64.05,92.9,6,26909,108.0
4795,4795,Training,Coil Oven,8.78,84.47,10,49979,376.0
4796,4796,Training,Pump,89.7,75.74,10,37487,522.0
4797,4797,Training,Extruder,37.62,56.93,2,47985,549.0
4798,4798,Training,Pressure Cutter,86.13,64.95,13,24849,281.0
4799,4799,Training,Pressure Cutter,44.99,54.77,4,79495,558.0
4800,4800,Training,Pump,5.8,37.39,3,43289,229.0
4801,4801,Training,Extruder,35.56,74.45,8,64314,552.0
4802,4802,Training,Coil Oven,73.76,39.53,11,66613,450.0
4803,4803,Training,Pump,15.04,41.67,10,44838,224.0
4804,4804,Training,Extruder,5.05,73.12,12,27881,518.0
4805,4805,Training,Extruder,86.29,51.78,4,50800,105.0
4806,4806,Training,Pump,36.18,69.11,6,60857,505.0
4807,4807,Training,Pressure Cutter,64.99,42.61,2,61074,438.0
4808,4808,Training,Gauge Machine,86.14,51.68,15,43612,66.0
4809,4809,Training,Gauge Machine,12.35,71.96,3,53551,220.0
4810,4810,Training,Pressure Cutter,95.06,45.17,5,29182,232.0
4811,4811,Training,Extruder,63.75,66.93,13,27650,300.0
4812,4812,Training,Extruder,34.16,37.98,13,58732,140.0
4813,4813,Training,Pump,50.72,65.94,8,60038,520.0
4814,4814,Training,Pressure Cutter,95.74,78.99,15,33043,197.0
4815,4815,Training,Extruder,74.86,75.93,6,54997,534.0
4816,4816,Training,Coil Oven,49.55,89.81,15,68600,251.0
4817,4817,Training,Pump,57.88,80.91,11,32143,261.0
4818,4818,Training,Coil Oven,56.27,77.41,6,38259,127.0
4819,4819,Training,Extruder,90.35,39.16,9,47729,273.0
4820,4820,Training,Extruder,51.37,62.77,7,39550,276.0
4821,4821,Training,Coil Oven,50.43,81.95,7,67114,471.0
4822,4822,Training,Gauge Machine,8.21,92.78,8,64032,289.0
4823,4823,Training,Pressure Cutter,43.64,59.18,13,59745,269.0
4824,4824,Training,Extruder,5.22,56.06,9,25571,521.0
4825,4825,Training,Pump,59.49,62.75,12,33482,421.0
4826,4826,Training,Extruder,66.4,65.52,6,37774,530.0
4827,4827,Training,Gauge Machine,78.51,61.46,2,49749,251.0
4828,4828,Training,Extruder,74.52,37.56,7,67108,261.0
4829,4829,Training,Pressure Cutter,72.83,86.67,12,49377,77.0
4830,4830,Training,Pressure Cutter,34.39,45.39,8,79309,137.0
4831,4831,Training,Extruder,70.43,53.47,8,48010,478.0
4832,4832,Training,Gauge Machine,23.63,41.05,17,28825,410.0
4833,4833,Training,Pressure Cutter,51.96,62.31,8,77422,83.0
4834,4834,Training,Gauge Machine,19.81,44.32,8,65265,472.0
4835,4835,Training,Pressure Cutter,26.27,88.89,4,48968,200.0
4836,4836,Training,Gauge Machine,98.23,85.42,2,36240,213.0
4837,4837,Training,Pump,97.98,90.85,17,55569,429.0
4838,4838,Training,Gauge Machine,9.73,54.93,12,64976,489.0
4839,4839,Training,Extruder,17.47,50.18,13,45429,354.0
4840,4840,Training,Gauge Machine,31.08,37.41,15,25929,394.0
4841,4841,Training,Extruder,11.89,90.66,6,37287,535.0
4842,4842,Training,Pump,18.49,67.68,13,75718,568.0
4843,4843,Training,Gauge Machine,24.33,57.88,13,77173,471.0
4844,4844,Training,Pressure Cutter,69.56,83.34,2,79780,542.0
4845,4845,Training,Pump,56.8,89.53,5,40146,172.0
4846,4846,Training,Pressure Cutter,92.47,42.39,6,28887,347.0
4847,4847,Training,Pressure Cutter,8.27,91.54,16,49272,578.0
4848,4848,Training,Extruder,22.1,82.95,11,25349,288.0
4849,4849,Training,Pressure Cutter,53.82,52.44,4,61819,458.0
4850,4850,Training,Extruder,29.54,61.53,5,46218,326.0
4851,4851,Training,Coil Oven,37.75,82.58,3,34341,516.0
4852,4852,Training,Pump,82.69,74.92,8,70755,168.0
4853,4853,Training,Extruder,71.2,94.29,12,50130,458.0
4854,4854,Training,Pump,15.95,46.01,4,55213,127.0
4855,4855,Training,Gauge Machine,25.94,89.65,6,73815,551.0
4856,4856,Training,Coil Oven,47.72,55.42,14,65678,530.0
4857,4857,Training,Coil Oven,82.45,81.58,11,53283,506.0
4858,4858,Training,Coil Oven,29.3,80.08,6,42727,107.0
4859,4859,Training,Coil Oven,24.9,81.54,5,30703,517.0
4860,4860,Training,Extruder,49.29,77.21,7,54547,379.0
4861,4861,Training,Pump,8.86,45.02,13,53398,506.0
4862,4862,Training,Pump,69.8,57.0,4,59686,201.0
4863,4863,Training,Gauge Machine,41.3,71.61,15,77056,171.0
4864,4864,Training,Gauge Machine,90.37,40.11,14,34249,255.0
4865,4865,Training,Pump,60.25,41.63,10,50866,297.0
4866,4866,Training,Pump,68.99,47.17,13,50949,457.0
4867,4867,Training,Pump,46.92,36.18,2,58752,398.0
4868,4868,Training,Coil Oven,77.67,90.56,14,73044,271.0
4869,4869,Training,Pressure Cutter,43.75,46.19,12,31005,377.0
4870,4870,Training,Pressure Cutter,44.24,70.87,15,36300,404.0
4871,4871,Training,Extruder,85.07,68.92,2,42694,375.0
4872,4872,Training,Extruder,37.94,86.91,3,33754,183.0
4873,4873,Training,Pressure Cutter,65.91,71.79,7,63920,56.0
4874,4874,Training,Pressure Cutter,36.0,76.26,15,53801,87.0
4875,4875,Training,Coil Oven,53.3,52.18,7,27194,408.0
4876,4876,Training,Extruder,53.28,87.95,3,32128,424.0
4877,4877,Training,Coil Oven,95.44,43.74,16,39358,118.0
4878,4878,Training,Gauge Machine,80.98,57.41,14,38135,237.0
4879,4879,Training,Gauge Machine,45.08,61.65,11,45149,571.0
4880,4880,Training,Extruder,61.49,86.09,11,31690,116.0
4881,4881,Training,Pressure Cutter,96.39,61.37,7,47619,458.0
4882,4882,Training,Pump,75.12,56.72,2,56422,298.0
4883,4883,Training,Pressure Cutter,20.19,50.68,5,33055,435.0
4884,4884,Training,Coil Oven,35.1,50.79,17,36338,196.0
4885,4885,Training,Pump,14.58,91.05,9,37933,354.0
4886,4886,Training,Extruder,11.71,67.65,6,37436,60.0
4887,4887,Training,Extruder,9.13,75.15,12,52390,455.0
4888,4888,Training,Coil Oven,65.99,80.36,13,67412,290.0
4889,4889,Training,Coil Oven,78.3,64.16,6,65490,354.0
4890,4890,Training,Coil Oven,62.45,89.07,11,30913,287.0
4891,4891,Training,Extruder,8.96,59.12,16,31653,471.0
4892,4892,Training,Coil Oven,54.1,57.45,5,44753,532.0
4893,4893,Training,Pressure Cutter,26.68,93.64,2,42834,495.0
4894,4894,Training,Extruder,92.92,70.03,3,41209,326.0
4895,4895,Training,Pressure Cutter,96.66,44.93,17,67278,58.0
4896,4896,Training,Pressure Cutter,96.95,85.28,8,70402,63.0
4897,4897,Training,Pump,51.52,88.78,9,44224,507.0
4898,4898,Training,Coil Oven,44.73,48.13,2,58929,296.0
4899,4899,Training,Coil Oven,47.45,86.66,12,40300,562.0
4900,4900,Training,Pump,48.31,35.8,5,42760,77.0
4901,4901,Training,Pressure Cutter,82.87,68.11,12,46759,486.0
4902,4902,Training,Coil Oven,70.71,53.33,2,35341,209.0
4903,4903,Training,Coil Oven,15.93,87.8,4,39080,368.0
4904,4904,Training,Pressure Cutter,38.64,93.8,4,58936,57.0
4905,4905,Training,Pump,40.55,94.57,7,45329,556.0
4906,4906,Training,Extruder,37.46,36.31,10,38814,322.0
4907,4907,Training,Coil Oven,18.77,50.54,10,60603,58.0
4908,4908,Training,Coil Oven,49.12,84.09,12,54941,526.0
4909,4909,Training,Pump,38.51,72.45,6,39259,189.0
4910,4910,Training,Pressure Cutter,68.35,52.85,14,43713,390.0
4911,4911,Training,Pressure Cutter,32.79,78.28,4,58288,337.0
4912,4912,Training,Coil Oven,96.95,42.48,9,43323,355.0
4913,4913,Training,Coil Oven,38.19,71.86,5,36898,471.0
4914,4914,Training,Gauge Machine,83.75,79.51,5,58039,427.0
4915,4915,Training,Gauge Machine,15.57,70.61,1,34370,173.0
4916,4916,Training,Pressure Cutter,68.16,68.68,9,44668,480.0
4917,4917,Training,Pressure Cutter,7.85,49.4,16,35035,216.0
4918,4918,Training,Coil Oven,30.49,49.36,7,69503,119.0
4919,4919,Training,Coil Oven,62.71,42.63,16,37111,260.0
4920,4920,Training,Gauge Machine,79.96,35.66,1,35240,492.0
4921,4921,Training,Coil Oven,68.67,69.16,5,50891,549.0
4922,4922,Training,Pump,39.32,50.7,14,78546,497.0
4923,4923,Training,Pump,45.94,63.39,3,40828,266.0
4924,4924,Training,Pump,47.23,78.44,16,51642,207.0
4925,4925,Training,Coil Oven,19.27,89.99,15,61769,383.0
4926,4926,Training,Coil Oven,30.65,41.95,10,23900,83.0
4927,4927,Training,Pressure Cutter,49.26,66.12,1,62284,381.0
4928,4928,Training,Pump,31.15,65.08,12,45672,163.0
4929,4929,Training,Gauge Machine,25.31,45.02,3,37250,140.0
4930,4930,Training,Gauge Machine,31.85,81.62,2,34264,584.0
4931,4931,Training,Pressure Cutter,86.53,83.72,3,55813,166.0
4932,4932,Training,Pump,72.73,61.99,3,29664,493.0
4933,4933,Training,Pressure Cutter,51.51,89.9,13,29526,567.0
4934,4934,Training,Extruder,44.78,88.35,15,66378,343.0
4935,4935,Training,Coil Oven,57.65,41.1,10,43818,144.0
4936,4936,Training,Pump,75.87,53.57,6,56734,577.0
4937,4937,Training,Extruder,18.84,57.94,3,66537,361.0
4938,4938,Training,Pump,10.8,42.21,7,29303,187.0
4939,4939,Training,Pressure Cutter,77.72,45.8,9,51913,519.0
4940,4940,Training,Gauge Machine,51.36,94.08,9,30497,204.0
4941,4941,Training,Pressure Cutter,74.01,79.87,16,79558,320.0
4942,4942,Training,Coil Oven,6.54,49.62,2,26100,61.0
4943,4943,Training,Extruder,7.48,69.08,4,39020,359.0
4944,4944,Training,Pressure Cutter,26.57,82.03,6,40019,354.0
4945,4945,Training,Gauge Machine,40.8,65.61,7,24055,65.0
4946,4946,Training,Coil Oven,55.9,53.13,7,39316,117.0
4947,4947,Training,Pressure Cutter,21.11,42.6,6,72037,277.0
4948,4948,Training,Pump,60.99,77.58,12,40083,112.0
4949,4949,Training,Pump,54.8,69.28,11,43884,229.0
4950,4950,Training,Pump,53.06,72.94,16,43294,324.0
4951,4951,Training,Pump,38.34,58.88,3,45084,281.0
4952,4952,Training,Gauge Machine,74.62,82.64,2,34066,122.0
4953,4953,Training,Coil Oven,22.74,78.45,9,74356,160.0
4954,4954,Training,Pump,90.09,40.22,3,52653,89.0
4955,4955,Training,Extruder,57.76,51.1,16,60782,554.0
4956,4956,Training,Extruder,80.96,49.53,14,74394,76.0
4957,4957,Training,Gauge Machine,42.61,94.76,13,71946,492.0
4958,4958,Training,Extruder,71.09,78.08,8,66319,152.0
4959,4959,Training,Gauge Machine,6.8,61.38,16,39436,401.0
4960,4960,Training,Gauge Machine,90.64,51.03,12,23094,380.0
4961,4961,Training,Coil Oven,52.4,81.46,13,34211,148.0
4962,4962,Training,Coil Oven,73.68,46.09,2,31856,448.0
4963,4963,Training,Gauge Machine,85.15,87.6,15,26080,324.0
4964,4964,Training,Coil Oven,80.41,41.27,9,78178,504.0
4965,4965,Training,Pump,55.71,74.98,12,52243,86.0
4966,4966,Training,Coil Oven,64.29,85.28,12,79363,151.0
4967,4967,Training,Extruder,24.91,55.07,14,79638,506.0
4968,4968,Training,Coil Oven,89.53,83.44,12,43237,218.0
4969,4969,Training,Pressure Cutter,32.33,85.51,8,36715,412.0
4970,4970,Training,Gauge Machine,66.22,94.97,5,65660,89.0
4971,4971,Training,Coil Oven,42.4,40.52,12,59549,144.0
4972,4972,Training,Pressure Cutter,57.4,81.42,17,62946,59.0
4973,4973,Training,Extruder,12.42,64.03,2,28227,310.0
4974,4974,Training,Extruder,75.8,51.28,15,50189,120.0
4975,4975,Training,Extruder,78.5,53.32,11,42357,64.0
4976,4976,Training,Coil Oven,81.44,90.61,4,46687,345.0
4977,4977,Training,Coil Oven,24.41,50.52,4,79734,127.0
4978,4978,Training,Extruder,74.49,38.21,12,42218,537.0
4979,4979,Training,Pressure Cutter,24.53,89.55,16,33776,535.0
4980,4980,Training,Gauge Machine,17.11,88.7,10,63724,119.0
4981,4981,Training,Gauge Machine,44.06,93.25,9,24094,188.0
4982,4982,Training,Pump,61.08,51.87,3,51342,461.0
4983,4983,Training,Pump,18.12,89.68,1,49843,153.0
4984,4984,Training,Pressure Cutter,83.23,45.66,17,62034,490.0
4985,4985,Training,Coil Oven,45.02,92.78,15,67905,484.0
4986,4986,Training,Coil Oven,49.92,59.62,8,72818,176.0
4987,4987,Training,Coil Oven,36.02,59.14,3,73549,238.0
4988,4988,Training,Extruder,36.69,37.82,2,61235,393.0
4989,4989,Training,Coil Oven,10.07,49.17,12,73084,510.0
4990,4990,Training,Pump,38.7,45.39,16,67423,395.0
4991,4991,Training,Pump,46.12,49.15,11,44220,260.0
4992,4992,Training,Pressure Cutter,48.1,83.98,6,73271,567.0
4993,4993,Training,Pump,93.56,73.69,10,46510,526.0
4994,4994,Training,Pump,46.97,35.4,15,35587,584.0
4995,4995,Training,Coil Oven,94.18,48.49,3,79020,389.0
4996,4996,Training,Pump,44.64,42.75,12,55700,340.0
4997,4997,Training,Extruder,24.88,94.14,9,54351,284.0
4998,4998,Training,Pump,78.37,62.41,3,27798,216.0
4999,4999,Training,Pressure Cutter,17.38,87.38,15,71903,91.0
5000,5000,Training,Pressure Cutter,89.82,52.86,12,46193,275.0
5001,1,Testing,Pressure Cutter,59.52,38.72,9,54611,
5002,2,Testing,Extruder,79.02,62.96,8,31495,
5003,3,Testing,Extruder,32.72,56.34,4,44849,
5004,4,Testing,Extruder,41.31,45.05,3,36675,
5005,5,Testing,Gauge Machine,12.19,39.02,14,77086,
5006,6,Testing,Pressure Cutter,21.14,43.03,2,79539,
5007,7,Testing,Gauge Machine,67.13,87.62,2,53322,
5008,8,Testing,Extruder,86.11,47.64,4,77688,
5009,9,Testing,Extruder,37.74,63.74,3,23819,
5010,10,Testing,Pump,71.45,55.5,6,74466,
5011,11,Testing,Extruder,57.92,51.7,8,25556,
5012,12,Testing,Coil Oven,17.09,76.28,5,79412,
5013,13,Testing,Pressure Cutter,40.5,57.51,16,23624,
5014,14,Testing,Coil Oven,28.25,73.85,12,41985,
5015,15,Testing,Pressure Cutter,80.93,70.29,16,41750,
5016,16,Testing,Coil Oven,63.64,42.53,16,56914,
5017,17,Testing,Extruder,28.1,46.81,10,28351,
5018,18,Testing,Gauge Machine,18.76,56.26,11,41714,
5019,19,Testing,Pressure Cutter,12.11,73.86,8,71959,
5020,20,Testing,Pump,81.95,36.9,13,52770,
5021,21,Testing,Pump,38.77,80.57,3,66563,
5022,22,Testing,Extruder,91.0,39.49,3,27583,
5023,23,Testing,Pump,92.19,71.27,8,36943,
5024,24,Testing,Pressure Cutter,51.02,72.15,7,44555,
5025,25,Testing,Gauge Machine,46.11,61.73,10,63981,
5026,26,Testing,Pump,15.16,78.63,13,40401,
5027,27,Testing,Coil Oven,85.79,88.04,11,52899,
5028,28,Testing,Coil Oven,27.31,67.28,8,64307,
5029,29,Testing,Pressure Cutter,83.85,90.89,14,64751,
5030,30,Testing,Gauge Machine,6.64,36.78,15,78138,
5031,31,Testing,Pump,59.73,81.47,4,40173,
5032,32,Testing,Gauge Machine,51.72,85.45,8,26617,
5033,33,Testing,Coil Oven,19.31,61.66,12,52474,
5034,34,Testing,Coil Oven,74.62,87.63,5,38408,
5035,35,Testing,Gauge Machine,54.39,52.66,8,53297,
5036,36,Testing,Gauge Machine,62.63,61.77,11,32097,
5037,37,Testing,Gauge Machine,76.16,52.69,5,57338,
5038,38,Testing,Gauge Machine,85.49,36.94,10,46400,
5039,39,Testing,Extruder,90.54,60.87,15,70027,
5040,40,Testing,Pump,53.48,80.14,14,78686,
5041,41,Testing,Pump,81.76,85.41,17,44776,
5042,42,Testing,Pump,6.04,73.71,6,47885,
5043,43,Testing,Coil Oven,91.19,74.36,16,43592,
5044,44,Testing,Coil Oven,5.11,46.28,13,72925,
5045,45,Testing,Pump,17.15,66.79,17,48522,
5046,46,Testing,Extruder,46.64,84.59,2,48466,
5047,47,Testing,Extruder,29.69,77.24,15,24003,
5048,48,Testing,Gauge Machine,74.98,66.3,14,29358,
5049,49,Testing,Extruder,70.5,51.91,13,45568,
5050,50,Testing,Extruder,58.1,55.12,10,46762,
5051,51,Testing,Extruder,36.06,40.43,5,66715,
5052,52,Testing,Extruder,84.52,83.01,10,33110,
5053,53,Testing,Pump,45.66,84.39,1,24009,
5054,54,Testing,Pressure Cutter,42.76,90.22,16,70347,
5055,55,Testing,Pressure Cutter,48.32,36.18,13,67379,
5056,56,Testing,Gauge Machine,77.1,54.21,2,76658,
5057,57,Testing,Coil Oven,61.54,79.38,16,47533,
5058,58,Testing,Pump,66.8,35.94,14,48998,
5059,59,Testing,Pressure Cutter,27.48,90.39,1,43535,
5060,60,Testing,Coil Oven,24.47,50.53,11,76409,
5061,61,Testing,Gauge Machine,31.92,70.47,14,37277,
5062,62,Testing,Gauge Machine,14.79,57.47,7,73497,
5063,63,Testing,Pump,54.06,42.1,3,23571,
5064,64,Testing,Extruder,7.34,55.62,11,56152,
5065,65,Testing,Coil Oven,62.24,79.47,14,67968,
5066,66,Testing,Coil Oven,38.11,76.14,16,47846,
5067,67,Testing,Gauge Machine,95.42,94.48,15,73303,
5068,68,Testing,Extruder,86.71,67.29,14,26451,
5069,69,Testing,Gauge Machine,69.98,35.05,17,35546,
5070,70,Testing,Gauge Machine,86.28,42.4,6,61016,
5071,71,Testing,Pressure Cutter,56.95,75.37,6,71437,
5072,72,Testing,Gauge Machine,49.45,55.43,7,23581,
5073,73,Testing,Gauge Machine,84.62,55.57,13,61201,
5074,74,Testing,Pressure Cutter,37.23,80.71,4,69823,
5075,75,Testing,Pressure Cutter,19.44,39.44,5,29218,
5076,76,Testing,Pressure Cutter,18.06,49.25,2,40722,
5077,77,Testing,Pump,54.63,72.72,2,78975,
5078,78,Testing,Coil Oven,36.43,90.2,7,36673,
5079,79,Testing,Gauge Machine,35.38,72.66,3,70118,
5080,80,Testing,Pump,46.04,44.93,7,50255,
5081,81,Testing,Pump,44.43,79.4,11,53703,
5082,82,Testing,Extruder,64.49,57.8,3,42208,
5083,83,Testing,Coil Oven,21.94,72.9,2,65276,
5084,84,Testing,Coil Oven,29.58,91.04,12,35039,
5085,85,Testing,Coil Oven,40.4,75.07,6,31698,
5086,86,Testing,Pressure Cutter,42.56,49.6,14,25195,
5087,87,Testing,Coil Oven,98.33,54.0,10,24959,
5088,88,Testing,Pressure Cutter,70.65,67.46,14,40243,
5089,89,Testing,Pump,88.09,50.38,7,25512,
5090,90,Testing,Gauge Machine,8.46,50.08,4,74602,
5091,91,Testing,Extruder,37.79,40.94,10,36420,
5092,92,Testing,Pump,38.28,37.14,12,77391,
5093,93,Testing,Extruder,29.65,77.11,4,59841,
5094,94,Testing,Pump,86.92,58.06,4,61109,
5095,95,Testing,Coil Oven,68.08,60.27,8,23961,
5096,96,Testing,Pressure Cutter,98.96,86.47,2,57481,
5097,97,Testing,Extruder,52.08,78.42,1,43471,
5098,98,Testing,Extruder,39.27,67.12,10,54440,
5099,99,Testing,Extruder,35.38,62.08,8,32261,
5100,100,Testing,Extruder,31.06,71.81,3,26374,
5101,101,Testing,Pump,43.08,89.69,11,41813,
5102,102,Testing,Coil Oven,97.07,70.55,5,29504,
5103,103,Testing,Pump,62.76,45.73,10,49331,
5104,104,Testing,Pressure Cutter,39.73,78.62,7,35641,
5105,105,Testing,Coil Oven,10.97,61.54,15,66498,
5106,106,Testing,Extruder,87.8,77.42,7,71690,
5107,107,Testing,Gauge Machine,25.35,45.16,9,56467,
5108,108,Testing,Gauge Machine,11.66,76.95,2,61412,
5109,109,Testing,Gauge Machine,64.27,80.07,4,34759,
5110,110,Testing,Gauge Machine,49.99,65.28,4,36897,
5111,111,Testing,Coil Oven,75.12,43.35,13,78566,
5112,112,Testing,Gauge Machine,62.53,55.99,5,66153,
5113,113,Testing,Coil Oven,32.92,67.64,16,79025,
5114,114,Testing,Coil Oven,63.72,57.06,12,23232,
5115,115,Testing,Extruder,47.03,51.54,6,54014,
5116,116,Testing,Pump,55.84,62.58,14,30028,
5117,117,Testing,Pressure Cutter,11.72,70.75,10,41264,
5118,118,Testing,Pump,86.22,86.28,15,58330,
5119,119,Testing,Extruder,47.59,58.28,11,30617,
5120,120,Testing,Pump,7.03,53.61,16,38902,
5121,121,Testing,Pump,76.75,86.02,5,53877,
5122,122,Testing,Pressure Cutter,43.55,42.61,5,29097,
5123,123,Testing,Pump,28.3,71.0,13,72521,
5124,124,Testing,Pump,63.17,47.12,12,40619,
5125,125,Testing,Pump,52.48,52.15,12,26779,
5126,126,Testing,Pump,78.07,49.26,14,46075,
5127,127,Testing,Pressure Cutter,45.44,85.89,5,23282,
5128,128,Testing,Extruder,99.25,54.93,16,74466,
5129,129,Testing,Pump,68.15,39.06,4,61597,
5130,130,Testing,Pump,73.26,80.93,9,48024,
5131,131,Testing,Extruder,65.8,68.06,6,33547,
5132,132,Testing,Pump,67.2,85.76,12,73861,
5133,133,Testing,Extruder,74.61,84.23,3,46278,
5134,134,Testing,Coil Oven,92.06,52.0,15,49083,
5135,135,Testing,Gauge Machine,53.57,60.67,14,50615,
5136,136,Testing,Gauge Machine,9.72,52.7,6,35432,
5137,137,Testing,Gauge Machine,8.28,83.43,15,69630,
5138,138,Testing,Gauge Machine,11.03,47.26,14,53295,
5139,139,Testing,Extruder,89.95,51.29,7,34726,
5140,140,Testing,Coil Oven,87.07,65.51,16,30420,
5141,141,Testing,Coil Oven,6.24,64.32,4,29450,
5142,142,Testing,Coil Oven,57.01,57.31,9,68246,
5143,143,Testing,Extruder,55.15,65.43,13,75729,
5144,144,Testing,Pump,29.84,45.52,14,68336,
5145,145,Testing,Extruder,61.82,49.16,12,63057,
5146,146,Testing,Gauge Machine,24.41,43.65,3,34483,
5147,147,Testing,Pressure Cutter,99.88,83.38,11,76795,
5148,148,Testing,Pump,36.67,42.63,10,48993,
5149,149,Testing,Extruder,42.53,67.3,14,28359,
5150,150,Testing,Coil Oven,80.91,79.81,13,57232,
5151,151,Testing,Extruder,59.6,69.2,14,25881,
5152,152,Testing,Coil Oven,69.23,48.98,15,33983,
5153,153,Testing,Pressure Cutter,62.56,76.26,7,42979,
5154,154,Testing,Extruder,83.79,87.11,13,25991,
5155,155,Testing,Pump,12.96,51.33,10,52503,
5156,156,Testing,Gauge Machine,50.96,74.43,16,39696,
5157,157,Testing,Pressure Cutter,42.2,49.28,5,27499,
5158,158,Testing,Extruder,75.71,55.54,16,47979,
5159,159,Testing,Gauge Machine,92.95,60.33,10,38205,
5160,160,Testing,Coil Oven,27.94,47.54,1,33073,
5161,161,Testing,Pressure Cutter,32.65,43.1,11,23721,
5162,162,Testing,Gauge Machine,8.19,92.65,11,60821,
5163,163,Testing,Gauge Machine,34.81,48.06,16,35635,
5164,164,Testing,Pump,51.89,66.04,9,57791,
5165,165,Testing,Pump,13.19,55.84,3,29655,
5166,166,Testing,Gauge Machine,59.46,78.68,2,56417,
5167,167,Testing,Extruder,9.55,90.95,14,79736,
5168,168,Testing,Pressure Cutter,50.83,89.48,11,28196,
5169,169,Testing,Pump,72.44,61.29,14,32610,
5170,170,Testing,Coil Oven,67.82,74.7,16,71399,
5171,171,Testing,Pressure Cutter,55.79,80.36,14,55019,
5172,172,Testing,Gauge Machine,81.74,70.81,15,54124,
5173,173,Testing,Pump,47.44,68.81,4,44655,
5174,174,Testing,Extruder,55.89,84.66,12,29701,
5175,175,Testing,Pressure Cutter,8.66,46.35,14,37311,
5176,176,Testing,Extruder,32.56,53.24,11,25517,
5177,177,Testing,Gauge Machine,27.06,38.28,2,75157,
5178,178,Testing,Extruder,40.59,62.89,16,67898,
5179,179,Testing,Extruder,16.58,77.38,14,66910,
5180,180,Testing,Pump,60.23,42.17,8,45465,
5181,181,Testing,Coil Oven,36.94,59.74,16,76259,
5182,182,Testing,Extruder,70.66,68.55,6,30943,
5183,183,Testing,Pressure Cutter,83.1,87.41,5,60553,
5184,184,Testing,Extruder,69.94,92.27,3,57964,
5185,185,Testing,Pressure Cutter,90.29,41.9,14,73395,
5186,186,Testing,Gauge Machine,74.39,66.75,7,30797,
5187,187,Testing,Gauge Machine,5.54,39.75,11,34518,
5188,188,Testing,Coil Oven,72.73,38.76,5,59737,
5189,189,Testing,Pressure Cutter,78.08,65.26,5,75903,
5190,190,Testing,Pump,55.2,53.71,1,75708,
5191,191,Testing,Pump,31.3,59.4,8,42276,
5192,192,Testing,Coil Oven,39.44,64.69,12,76704,
5193,193,Testing,Coil Oven,99.96,91.64,8,41234,
5194,194,Testing,Pressure Cutter,8.39,35.89,7,28883,
5195,195,Testing,Pressure Cutter,38.46,78.98,3,34954,
5196,196,Testing,Pressure Cutter,81.47,37.43,6,27530,
5197,197,Testing,Pump,38.7,42.67,11,26864,
5198,198,Testing,Coil Oven,24.28,43.54,11,75928,
5199,199,Testing,Coil Oven,84.92,92.57,10,37572,
5200,200,Testing,Pump,52.38,80.76,6,40780,
5201,201,Testing,Pump,77.79,86.26,13,68254,
5202,202,Testing,Gauge Machine,75.03,61.79,7,67880,
5203,203,Testing,Coil Oven,73.95,92.17,8,26193,
5204,204,Testing,Extruder,18.6,53.75,13,76338,
5205,205,Testing,Coil Oven,8.59,38.05,7,68071,
5206,206,Testing,Coil Oven,70.31,86.82,9,71542,
5207,207,Testing,Extruder,99.23,91.26,5,71569,
5208,208,Testing,Extruder,21.24,44.51,12,78624,
5209,209,Testing,Pressure Cutter,21.06,66.89,7,36401,
5210,210,Testing,Extruder,23.66,41.17,2,58645,
5211,211,Testing,Pump,14.79,69.54,16,32355,
5212,212,Testing,Coil Oven,35.19,45.19,12,37082,
5213,213,Testing,Extruder,12.4,82.4,2,49812,
5214,214,Testing,Extruder,64.26,94.1,1,57397,
5215,215,Testing,Gauge Machine,63.0,92.05,3,50035,
5216,216,Testing,Extruder,83.48,52.79,3,42928,
5217,217,Testing,Pump,74.58,81.27,2,32887,
5218,218,Testing,Gauge Machine,30.37,74.78,9,38390,
5219,219,Testing,Pressure Cutter,45.31,40.58,13,45111,
5220,220,Testing,Pump,40.15,54.56,4,31873,
5221,221,Testing,Pump,62.22,84.49,3,28429,
5222,222,Testing,Gauge Machine,66.51,91.17,6,64550,
5223,223,Testing,Extruder,43.95,80.02,14,61641,
5224,224,Testing,Gauge Machine,5.15,72.4,4,69424,
5225,225,Testing,Pump,75.04,88.3,9,43745,
5226,226,Testing,Gauge Machine,71.89,76.56,5,25795,
5227,227,Testing,Pump,25.87,42.81,4,61658,
5228,228,Testing,Gauge Machine,58.41,74.33,14,38541,
5229,229,Testing,Coil Oven,20.42,76.05,3,74965,
5230,230,Testing,Pump,65.51,83.02,16,50421,
5231,231,Testing,Pump,27.89,70.68,5,51394,
5232,232,Testing,Pump,65.31,91.25,1,40874,
5233,233,Testing,Extruder,18.99,64.33,8,34521,
5234,234,Testing,Pump,62.81,40.67,16,43196,
5235,235,Testing,Gauge Machine,71.98,51.05,15,50932,
5236,236,Testing,Coil Oven,53.98,39.89,14,68155,
5237,237,Testing,Pump,61.21,38.54,9,76794,
5238,238,Testing,Coil Oven,47.71,46.55,6,37946,
5239,239,Testing,Gauge Machine,42.39,68.69,12,46614,
5240,240,Testing,Coil Oven,43.31,89.94,14,25186,
5241,241,Testing,Coil Oven,93.31,56.06,3,75897,
5242,242,Testing,Pressure Cutter,90.71,61.18,6,45555,
5243,243,Testing,Extruder,14.56,38.12,16,53334,
5244,244,Testing,Pump,13.53,90.09,7,62923,
5245,245,Testing,Pump,49.85,86.73,5,34807,
5246,246,Testing,Gauge Machine,34.53,94.15,14,75226,
5247,247,Testing,Extruder,48.09,41.54,16,23564,
5248,248,Testing,Gauge Machine,51.58,78.99,12,56204,
5249,249,Testing,Extruder,30.26,61.2,12,48934,
5250,250,Testing,Pump,81.53,78.74,4,42772,
5251,251,Testing,Extruder,24.51,40.26,15,60793,
5252,252,Testing,Pressure Cutter,94.0,78.55,9,24208,
5253,253,Testing,Gauge Machine,14.28,71.24,10,67570,
5254,254,Testing,Extruder,30.4,77.6,10,62412,
5255,255,Testing,Gauge Machine,41.29,72.62,16,34513,
5256,256,Testing,Coil Oven,31.53,35.16,6,41698,
5257,257,Testing,Gauge Machine,65.83,93.73,2,39342,
5258,258,Testing,Coil Oven,36.58,59.92,3,37416,
5259,259,Testing,Extruder,21.09,53.86,17,75704,
5260,260,Testing,Pressure Cutter,85.97,41.74,11,55125,
5261,261,Testing,Pressure Cutter,40.29,82.83,1,45869,
5262,262,Testing,Coil Oven,39.39,63.1,5,58456,
5263,263,Testing,Pump,7.7,67.02,12,39082,
5264,264,Testing,Pump,68.07,51.07,13,28638,
5265,265,Testing,Extruder,35.25,85.14,11,69260,
5266,266,Testing,Pump,7.29,72.39,9,53753,
5267,267,Testing,Pressure Cutter,62.73,92.68,1,76475,
5268,268,Testing,Pump,27.12,77.12,14,60344,
5269,269,Testing,Coil Oven,38.83,50.09,11,51118,
5270,270,Testing,Pressure Cutter,12.24,53.58,10,54502,
5271,271,Testing,Pump,96.26,58.91,8,50812,
5272,272,Testing,Pressure Cutter,56.68,75.85,12,24607,
5273,273,Testing,Pump,5.88,76.05,13,50319,
5274,274,Testing,Pressure Cutter,14.28,85.2,10,72368,
5275,275,Testing,Coil Oven,80.89,55.45,12,73555,
5276,276,Testing,Extruder,85.04,58.76,4,53360,
5277,277,Testing,Extruder,62.27,91.63,5,28722,
5278,278,Testing,Gauge Machine,51.09,77.15,8,78879,
5279,279,Testing,Gauge Machine,77.17,78.5,9,24371,
5280,280,Testing,Pressure Cutter,23.96,43.36,5,51808,
5281,281,Testing,Coil Oven,68.02,46.11,14,77771,
5282,282,Testing,Coil Oven,62.62,59.22,9,58308,
5283,283,Testing,Extruder,43.93,78.83,11,64192,
5284,284,Testing,Gauge Machine,23.22,39.72,10,26137,
5285,285,Testing,Pump,65.47,89.13,1,39009,
5286,286,Testing,Coil Oven,19.73,60.74,14,66904,
5287,287,Testing,Pump,21.81,75.74,1,35905,
5288,288,Testing,Pump,51.31,84.83,17,43943,
5289,289,Testing,Pressure Cutter,95.75,49.71,2,39952,
5290,290,Testing,Coil Oven,95.1,59.17,6,36378,
5291,291,Testing,Gauge Machine,30.22,89.01,11,59731,
5292,292,Testing,Pressure Cutter,52.75,83.57,5,23088,
5293,293,Testing,Pressure Cutter,27.89,53.38,6,28358,
5294,294,Testing,Pump,63.71,46.77,3,45594,
5295,295,Testing,Pump,97.0,90.84,14,77239,
5296,296,Testing,Extruder,36.95,93.54,11,35872,
5297,297,Testing,Extruder,37.57,40.77,2,27193,
5298,298,Testing,Extruder,43.2,69.2,13,57311,
5299,299,Testing,Coil Oven,24.54,78.72,3,78303,
5300,300,Testing,Coil Oven,75.43,77.43,2,43895,
5301,301,Testing,Extruder,48.16,65.39,3,68624,
5302,302,Testing,Pressure Cutter,14.48,47.59,15,79110,
5303,303,Testing,Gauge Machine,64.93,46.62,4,34852,
5304,304,Testing,Pressure Cutter,19.91,70.95,6,38113,
5305,305,Testing,Extruder,39.33,81.7,2,72869,
5306,306,Testing,Pump,79.95,41.99,8,69334,
5307,307,Testing,Pressure Cutter,53.06,68.05,6,26531,
5308,308,Testing,Extruder,10.74,76.24,8,72666,
5309,309,Testing,Pump,46.04,45.44,7,55463,
5310,310,Testing,Extruder,44.77,53.87,8,58753,
5311,311,Testing,Coil Oven,74.56,44.99,3,57340,
5312,312,Testing,Extruder,76.67,69.67,10,58588,
5313,313,Testing,Gauge Machine,15.11,50.33,15,36826,
5314,314,Testing,Coil Oven,81.0,78.01,5,23425,
5315,315,Testing,Gauge Machine,49.53,45.9,17,67839,
5316,316,Testing,Coil Oven,60.95,45.32,14,73204,
5317,317,Testing,Pump,96.36,45.64,6,78954,
5318,318,Testing,Coil Oven,16.15,84.38,15,61629,
5319,319,Testing,Extruder,63.44,69.84,16,43518,
5320,320,Testing,Coil Oven,69.98,93.63,7,75998,
5321,321,Testing,Gauge Machine,15.73,88.33,11,52456,
5322,322,Testing,Pressure Cutter,77.25,82.7,7,59445,
5323,323,Testing,Extruder,28.63,76.44,13,59905,
5324,324,Testing,Pressure Cutter,64.05,80.4,16,34486,
5325,325,Testing,Pump,56.23,87.01,2,29667,
5326,326,Testing,Extruder,94.21,54.92,1,73472,
5327,327,Testing,Gauge Machine,49.93,93.65,2,78454,
5328,328,Testing,Extruder,38.76,81.77,1,78959,
5329,329,Testing,Pressure Cutter,72.95,50.67,11,35598,
5330,330,Testing,Gauge Machine,84.62,37.24,8,71965,
5331,331,Testing,Coil Oven,75.86,54.63,5,43873,
5332,332,Testing,Pump,68.81,65.04,4,62107,
5333,333,Testing,Coil Oven,60.54,78.1,9,38097,
5334,334,Testing,Pressure Cutter,28.81,51.77,15,29705,
5335,335,Testing,Extruder,27.74,63.97,6,73918,
5336,336,Testing,Extruder,22.27,42.49,16,41237,
5337,337,Testing,Gauge Machine,33.87,37.4,8,42212,
5338,338,Testing,Extruder,39.35,45.62,3,33967,
5339,339,Testing,Extruder,48.23,65.54,9,64267,
5340,340,Testing,Gauge Machine,28.42,60.22,10,42571,
5341,341,Testing,Coil Oven,52.68,56.54,6,76696,
5342,342,Testing,Coil Oven,14.78,62.53,9,77709,
5343,343,Testing,Pump,16.6,86.06,1,54459,
5344,344,Testing,Pressure Cutter,74.64,45.72,2,50962,
5345,345,Testing,Extruder,98.35,80.75,5,57569,
5346,346,Testing,Pressure Cutter,51.46,72.59,8,34193,
5347,347,Testing,Extruder,57.88,79.37,8,61459,
5348,348,Testing,Extruder,38.96,89.42,7,53046,
5349,349,Testing,Pump,36.65,94.79,7,29731,
5350,350,Testing,Coil Oven,56.02,94.79,5,70814,
5351,351,Testing,Extruder,5.94,46.28,15,37311,
5352,352,Testing,Extruder,19.64,89.29,15,26943,
5353,353,Testing,Pump,72.04,83.2,3,57063,
5354,354,Testing,Extruder,11.53,90.45,3,76768,
5355,355,Testing,Gauge Machine,81.32,91.67,4,41247,
5356,356,Testing,Coil Oven,42.33,48.2,5,44502,
5357,357,Testing,Extruder,20.74,65.15,9,71125,
5358,358,Testing,Pressure Cutter,42.33,70.51,7,37504,
5359,359,Testing,Extruder,74.49,62.02,16,73352,
5360,360,Testing,Pressure Cutter,60.06,76.58,10,57401,
5361,361,Testing,Extruder,15.01,84.58,13,63906,
5362,362,Testing,Extruder,75.11,69.18,16,29051,
5363,363,Testing,Pressure Cutter,21.4,48.74,16,32347,
5364,364,Testing,Gauge Machine,30.55,92.95,1,71418,
5365,365,Testing,Gauge Machine,68.68,48.95,2,34379,
5366,366,Testing,Coil Oven,74.59,51.73,16,44945,
5367,367,Testing,Pump,75.3,38.06,5,37939,
5368,368,Testing,Pump,85.69,81.07,14,48574,
5369,369,Testing,Coil Oven,43.92,57.63,12,35717,
5370,370,Testing,Pressure Cutter,56.14,82.78,10,46483,
5371,371,Testing,Coil Oven,73.75,94.33,2,40244,
5372,372,Testing,Pressure Cutter,24.61,63.1,2,52053,
5373,373,Testing,Coil Oven,13.6,35.22,8,63933,
5374,374,Testing,Pressure Cutter,28.22,58.15,13,55553,
5375,375,Testing,Gauge Machine,45.15,54.75,1,23439,
5376,376,Testing,Gauge Machine,49.04,84.2,6,53021,
5377,377,Testing,Coil Oven,70.13,58.01,6,74686,
5378,378,Testing,Pump,47.13,63.4,8,74266,
5379,379,Testing,Extruder,85.24,39.35,7,60089,
5380,380,Testing,Pump,32.22,36.82,12,26756,
5381,381,Testing,Pressure Cutter,37.95,73.72,9,35730,
5382,382,Testing,Coil Oven,97.08,80.44,16,65213,
5383,383,Testing,Pump,12.5,48.99,5,62588,
5384,384,Testing,Pump,19.68,63.08,10,32866,
5385,385,Testing,Coil Oven,64.62,59.77,13,43598,
5386,386,Testing,Coil Oven,19.36,59.34,16,49621,
5387,387,Testing,Extruder,78.55,69.5,8,49230,
5388,388,Testing,Coil Oven,20.05,74.13,12,75717,
5389,389,Testing,Pressure Cutter,95.78,81.37,4,28338,
5390,390,Testing,Pressure Cutter,6.49,42.32,3,58091,
5391,391,Testing,Coil Oven,94.27,50.33,12,51381,
5392,392,Testing,Gauge Machine,72.85,80.65,6,46610,
5393,393,Testing,Pump,12.41,82.58,2,75323,
5394,394,Testing,Pump,40.63,48.04,6,49469,
5395,395,Testing,Gauge Machine,22.12,47.43,3,26436,
5396,396,Testing,Pump,26.49,58.11,6,42959,
5397,397,Testing,Extruder,47.61,66.35,1,36580,
5398,398,Testing,Pump,53.9,88.98,4,64270,
5399,399,Testing,Gauge Machine,71.76,69.57,17,70688,
5400,400,Testing,Extruder,31.42,57.47,16,35238,
5401,401,Testing,Gauge Machine,14.9,92.23,8,36437,
5402,402,Testing,Extruder,23.63,83.63,3,66804,
5403,403,Testing,Gauge Machine,14.16,64.47,17,31368,
5404,404,Testing,Coil Oven,46.27,63.01,10,47211,
5405,405,Testing,Gauge Machine,27.76,71.13,15,26999,
5406,406,Testing,Extruder,39.36,85.71,16,51854,
5407,407,Testing,Extruder,39.26,47.24,15,42751,
5408,408,Testing,Pump,35.67,86.34,8,26605,
5409,409,Testing,Pressure Cutter,40.34,71.3,4,28069,
5410,410,Testing,Coil Oven,21.2,70.89,1,75441,
5411,411,Testing,Extruder,75.27,50.09,8,60443,
5412,412,Testing,Pump,42.18,81.67,9,23257,
5413,413,Testing,Pressure Cutter,89.85,90.64,8,54442,
5414,414,Testing,Extruder,53.93,57.52,11,73542,
5415,415,Testing,Pump,21.31,39.18,12,79829,
5416,416,Testing,Extruder,38.16,49.58,15,25215,
5417,417,Testing,Pressure Cutter,54.28,60.42,14,40019,
5418,418,Testing,Extruder,17.41,50.06,8,74214,
5419,419,Testing,Gauge Machine,27.39,59.39,11,66127,
5420,420,Testing,Pressure Cutter,58.64,44.37,11,29971,
5421,421,Testing,Pump,95.79,49.46,2,36892,
5422,422,Testing,Pump,65.5,62.35,11,39336,
5423,423,Testing,Pressure Cutter,13.11,45.21,5,65532,
5424,424,Testing,Coil Oven,13.15,54.53,7,26175,
5425,425,Testing,Pressure Cutter,42.17,85.71,3,44244,
5426,426,Testing,Pressure Cutter,68.84,88.44,6,77290,
5427,427,Testing,Pump,93.81,81.39,11,50081,
5428,428,Testing,Coil Oven,95.68,70.91,7,51112,
5429,429,Testing,Pump,85.59,37.41,5,69743,
5430,430,Testing,Extruder,14.6,80.17,2,53813,
5431,431,Testing,Pressure Cutter,53.65,64.72,3,69592,
5432,432,Testing,Extruder,30.64,51.21,1,53106,
5433,433,Testing,Pressure Cutter,33.51,45.06,8,58295,
5434,434,Testing,Extruder,96.62,85.83,10,65308,
5435,435,Testing,Gauge Machine,26.17,59.81,11,23709,
5436,436,Testing,Coil Oven,23.59,90.9,9,32270,
5437,437,Testing,Extruder,89.23,50.41,7,79005,
5438,438,Testing,Gauge Machine,60.4,81.49,4,36056,
5439,439,Testing,Pump,77.24,67.73,1,50733,
5440,440,Testing,Gauge Machine,85.24,76.17,15,28371,
5441,441,Testing,Coil Oven,17.41,41.61,8,65618,
5442,442,Testing,Coil Oven,12.78,78.5,1,70505,
5443,443,Testing,Pressure Cutter,54.78,82.12,14,67696,
5444,444,Testing,Gauge Machine,65.39,68.78,3,63303,
5445,445,Testing,Pressure Cutter,19.26,56.76,16,74295,
5446,446,Testing,Extruder,61.47,90.24,5,45256,
5447,447,Testing,Gauge Machine,25.91,75.94,5,36122,
5448,448,Testing,Gauge Machine,5.11,93.12,15,65819,
5449,449,Testing,Pressure Cutter,5.93,63.6,16,24910,
5450,450,Testing,Coil Oven,83.63,71.07,16,74238,
5451,451,Testing,Gauge Machine,48.94,70.56,16,44591,
5452,452,Testing,Gauge Machine,81.5,86.5,7,29520,
5453,453,Testing,Extruder,87.66,86.53,9,60027,
5454,454,Testing,Pump,21.46,79.05,4,24104,
5455,455,Testing,Gauge Machine,23.08,37.73,15,78511,
5456,456,Testing,Pressure Cutter,74.35,45.53,7,77324,
5457,457,Testing,Extruder,40.58,94.35,13,49656,
5458,458,Testing,Coil Oven,38.05,64.1,7,77786,
5459,459,Testing,Pressure Cutter,86.49,52.09,10,63534,
5460,460,Testing,Coil Oven,39.3,39.96,5,46470,
5461,461,Testing,Gauge Machine,46.07,88.22,14,23555,
5462,462,Testing,Pressure Cutter,60.34,64.78,12,61263,
5463,463,Testing,Coil Oven,39.32,49.79,6,27381,
5464,464,Testing,Extruder,36.73,87.11,1,53918,
5465,465,Testing,Extruder,51.12,75.51,12,78992,
5466,466,Testing,Gauge Machine,42.14,37.04,17,50114,
5467,467,Testing,Pump,19.63,67.44,5,44183,
5468,468,Testing,Pressure Cutter,42.57,79.75,9,57719,
5469,469,Testing,Gauge Machine,22.4,53.44,14,70845,
5470,470,Testing,Gauge Machine,22.9,45.15,11,61788,
5471,471,Testing,Coil Oven,64.41,68.7,10,60322,
5472,472,Testing,Extruder,10.13,44.82,6,69137,
5473,473,Testing,Gauge Machine,67.03,55.09,14,33528,
5474,474,Testing,Extruder,39.85,62.15,13,62256,
5475,475,Testing,Extruder,58.22,52.27,2,44431,
5476,476,Testing,Pump,44.84,49.16,11,48100,
5477,477,Testing,Coil Oven,5.56,68.63,8,64161,
5478,478,Testing,Pump,33.15,42.61,6,31562,
5479,479,Testing,Extruder,81.0,48.75,16,38790,
5480,480,Testing,Coil Oven,13.48,92.16,15,76006,
5481,481,Testing,Extruder,66.08,44.84,14,55628,
5482,482,Testing,Pump,44.61,89.53,15,33333,
5483,483,Testing,Extruder,45.6,70.5,12,41653,
5484,484,Testing,Pump,28.48,47.99,13,77164,
5485,485,Testing,Pressure Cutter,46.14,59.92,10,70983,
5486,486,Testing,Extruder,73.96,46.7,6,68293,
5487,487,Testing,Coil Oven,35.46,36.35,10,74401,
5488,488,Testing,Gauge Machine,28.89,50.14,6,69358,
5489,489,Testing,Extruder,49.86,35.88,14,68038,
5490,490,Testing,Pump,57.89,64.29,3,77863,
5491,491,Testing,Coil Oven,63.74,35.45,12,27102,
5492,492,Testing,Gauge Machine,20.52,77.1,4,47694,
5493,493,Testing,Extruder,83.72,54.63,12,61483,
5494,494,Testing,Coil Oven,77.09,61.06,8,38240,
5495,495,Testing,Pump,30.09,67.09,2,70847,
5496,496,Testing,Pump,33.91,94.61,1,79482,
5497,497,Testing,Pressure Cutter,41.72,48.8,10,45082,
5498,498,Testing,Extruder,74.29,56.35,16,30349,
5499,499,Testing,Pressure Cutter,61.73,85.06,3,66089,
5500,500,Testing,Extruder,28.21,41.83,2,75504,
5501,501,Testing,Extruder,47.29,54.39,9,24735,
5502,502,Testing,Coil Oven,83.97,73.97,5,56983,
5503,503,Testing,Pump,29.92,44.7,1,44933,
5504,504,Testing,Pump,54.53,41.19,14,66124,
5505,505,Testing,Extruder,29.55,48.45,12,46210,
5506,506,Testing,Coil Oven,33.38,46.43,16,52281,
5507,507,Testing,Gauge Machine,62.83,37.38,17,49743,
5508,508,Testing,Pump,20.33,89.67,10,47017,
5509,509,Testing,Coil Oven,56.25,72.85,7,26500,
5510,510,Testing,Gauge Machine,14.27,53.69,12,34703,
5511,511,Testing,Gauge Machine,61.05,62.04,11,23773,
5512,512,Testing,Extruder,51.35,61.65,4,28627,
5513,513,Testing,Extruder,75.51,84.68,12,56399,
5514,514,Testing,Gauge Machine,38.78,47.08,13,68195,
5515,515,Testing,Gauge Machine,98.07,58.46,6,33568,
5516,516,Testing,Pressure Cutter,64.36,45.12,6,73488,
5517,517,Testing,Extruder,65.1,66.21,2,73302,
5518,518,Testing,Pump,56.76,36.21,16,60921,
5519,519,Testing,Coil Oven,24.66,72.46,7,34817,
5520,520,Testing,Coil Oven,41.02,41.84,6,75434,
5521,521,Testing,Gauge Machine,81.53,70.79,17,62735,
5522,522,Testing,Coil Oven,39.43,37.29,12,66171,
5523,523,Testing,Pump,9.6,63.34,3,26450,
5524,524,Testing,Pressure Cutter,13.34,83.22,3,48266,
5525,525,Testing,Pump,48.88,39.2,16,77596,
5526,526,Testing,Pressure Cutter,95.33,84.14,7,66390,
5527,527,Testing,Coil Oven,61.75,80.94,13,26348,
5528,528,Testing,Gauge Machine,61.9,80.3,3,48373,
5529,529,Testing,Pump,24.04,90.32,13,24124,
5530,530,Testing,Pump,7.9,68.16,8,31399,
5531,531,Testing,Pressure Cutter,97.98,75.41,12,33620,
5532,532,Testing,Pump,47.13,79.47,5,33203,
5533,533,Testing,Pressure Cutter,6.08,72.38,5,40770,
5534,534,Testing,Pump,75.53,39.87,17,69199,
5535,535,Testing,Coil Oven,80.53,75.68,14,24248,
5536,536,Testing,Coil Oven,59.58,46.43,14,65496,
5537,537,Testing,Coil Oven,91.08,86.82,3,55630,
5538,538,Testing,Coil Oven,91.24,75.04,7,65343,
5539,539,Testing,Pressure Cutter,5.28,70.35,7,78746,
5540,540,Testing,Pressure Cutter,58.2,59.97,12,30586,
5541,541,Testing,Coil Oven,12.4,52.66,5,57177,
5542,542,Testing,Pump,13.66,80.09,13,53036,
5543,543,Testing,Pump,92.7,66.27,14,51764,
5544,544,Testing,Gauge Machine,98.15,94.06,7,29832,
5545,545,Testing,Coil Oven,70.46,46.05,10,40176,
5546,546,Testing,Extruder,72.07,81.11,7,57568,
5547,547,Testing,Gauge Machine,43.87,77.67,8,28648,
5548,548,Testing,Coil Oven,28.29,69.35,7,46456,
5549,549,Testing,Coil Oven,45.61,49.27,5,27428,
5550,550,Testing,Pump,50.82,44.51,5,59157,
5551,551,Testing,Gauge Machine,64.45,44.37,5,76645,
5552,552,Testing,Gauge Machine,77.56,93.49,8,59081,
5553,553,Testing,Pressure Cutter,92.76,67.57,4,44113,
5554,554,Testing,Extruder,18.99,49.77,10,26209,
5555,555,Testing,Pump,9.57,70.6,12,71212,
5556,556,Testing,Pump,89.66,75.65,1,79179,
5557,557,Testing,Extruder,55.76,78.04,4,58985,
5558,558,Testing,Pump,80.68,79.08,4,41799,
5559,559,Testing,Pressure Cutter,64.94,76.33,8,45886,
5560,560,Testing,Coil Oven,17.68,74.97,6,39214,
5561,561,Testing,Pressure Cutter,98.66,78.72,15,78177,
5562,562,Testing,Pump,26.05,52.47,8,40160,
5563,563,Testing,Pump,40.52,63.0,14,55014,
5564,564,Testing,Extruder,21.18,55.81,6,56786,
5565,565,Testing,Coil Oven,50.79,52.96,10,47080,
5566,566,Testing,Gauge Machine,92.18,88.06,9,48800,
5567,567,Testing,Extruder,29.91,67.81,16,41751,
5568,568,Testing,Gauge Machine,57.44,67.99,4,48931,
5569,569,Testing,Pump,64.75,41.29,13,37395,
5570,570,Testing,Coil Oven,5.14,38.98,12,37650,
5571,571,Testing,Gauge Machine,44.45,58.97,9,69115,
5572,572,Testing,Coil Oven,94.39,62.44,15,73894,
5573,573,Testing,Pump,56.03,66.58,13,26923,
5574,574,Testing,Gauge Machine,79.61,75.97,15,31445,
5575,575,Testing,Pump,22.35,59.3,4,51637,
5576,576,Testing,Gauge Machine,35.61,65.98,9,26127,
5577,577,Testing,Gauge Machine,97.77,77.43,9,38065,
5578,578,Testing,Coil Oven,14.75,64.62,13,38137,
5579,579,Testing,Gauge Machine,83.65,61.06,12,69739,
5580,580,Testing,Pump,86.23,83.7,8,34170,
5581,581,Testing,Pump,43.71,57.11,12,61357,
5582,582,Testing,Gauge Machine,22.66,50.36,17,61428,
5583,583,Testing,Coil Oven,44.29,38.3,3,76972,
5584,584,Testing,Extruder,87.78,46.97,3,24307,
5585,585,Testing,Coil Oven,60.1,61.49,5,33615,
5586,586,Testing,Coil Oven,57.27,93.92,5,45872,
5587,587,Testing,Gauge Machine,58.49,55.84,11,76009,
5588,588,Testing,Coil Oven,11.18,38.37,11,55110,
5589,589,Testing,Pressure Cutter,77.42,85.51,11,69407,
5590,590,Testing,Gauge Machine,97.99,56.07,5,30999,
5591,591,Testing,Gauge Machine,69.2,93.04,12,53850,
5592,592,Testing,Extruder,14.13,79.35,4,63870,
5593,593,Testing,Gauge Machine,16.87,39.24,9,51265,
5594,594,Testing,Gauge Machine,45.23,92.73,12,79514,
5595,595,Testing,Extruder,35.49,49.72,8,46526,
5596,596,Testing,Extruder,99.81,61.23,16,79927,
5597,597,Testing,Pressure Cutter,29.69,79.73,9,53170,
5598,598,Testing,Extruder,84.93,75.06,12,25474,
5599,599,Testing,Pressure Cutter,15.23,62.76,13,68777,
5600,600,Testing,Gauge Machine,5.58,69.4,16,36619,
5601,601,Testing,Gauge Machine,95.26,62.53,8,69332,
5602,602,Testing,Pump,94.88,42.43,9,45610,
5603,603,Testing,Coil Oven,81.15,72.19,6,72448,
5604,604,Testing,Pump,56.36,54.91,6,53378,
5605,605,Testing,Extruder,45.41,60.21,16,68310,
5606,606,Testing,Coil Oven,46.63,60.82,16,53655,
5607,607,Testing,Gauge Machine,32.74,86.58,5,27070,
5608,608,Testing,Pressure Cutter,45.72,52.32,10,42934,
5609,609,Testing,Pump,65.91,50.52,11,71280,
5610,610,Testing,Gauge Machine,61.2,82.23,14,58803,
5611,611,Testing,Pump,72.79,82.97,12,69871,
5612,612,Testing,Gauge Machine,88.7,65.39,15,41440,
5613,613,Testing,Extruder,79.49,89.3,3,39907,
5614,614,Testing,Pressure Cutter,17.7,52.92,10,51459,
5615,615,Testing,Pump,20.23,42.93,6,55737,
5616,616,Testing,Gauge Machine,60.22,80.9,14,35315,
5617,617,Testing,Coil Oven,67.88,88.63,15,56965,
5618,618,Testing,Pressure Cutter,59.67,84.82,14,39766,
5619,619,Testing,Pressure Cutter,30.45,44.24,9,77195,
5620,620,Testing,Pressure Cutter,80.37,83.77,8,24698,
5621,621,Testing,Pressure Cutter,76.9,77.15,10,41562,
5622,622,Testing,Pressure Cutter,93.89,53.67,10,51631,
5623,623,Testing,Pump,33.72,35.32,8,38035,
5624,624,Testing,Pressure Cutter,49.19,94.55,12,57285,
5625,625,Testing,Pump,61.58,88.55,14,52612,
5626,626,Testing,Extruder,63.8,74.39,15,39282,
5627,627,Testing,Pressure Cutter,69.35,88.33,5,37302,
5628,628,Testing,Pump,67.31,35.19,9,48889,
5629,629,Testing,Pump,63.24,65.76,9,75681,
5630,630,Testing,Extruder,23.64,78.21,8,42585,
5631,631,Testing,Gauge Machine,87.94,82.45,15,58353,
5632,632,Testing,Coil Oven,96.43,39.72,7,65722,
5633,633,Testing,Gauge Machine,41.01,87.3,7,38712,
5634,634,Testing,Pressure Cutter,60.47,38.36,14,32277,
5635,635,Testing,Pressure Cutter,30.81,67.34,10,49591,
5636,636,Testing,Gauge Machine,38.64,68.96,9,75103,
5637,637,Testing,Gauge Machine,87.39,56.03,4,58379,
5638,638,Testing,Gauge Machine,18.89,87.26,17,25175,
5639,639,Testing,Pump,78.88,62.15,5,43469,
5640,640,Testing,Pump,74.14,94.25,4,77794,
5641,641,Testing,Pressure Cutter,38.26,50.27,16,27069,
5642,642,Testing,Pump,22.69,50.98,1,58144,
5643,643,Testing,Gauge Machine,35.78,86.14,3,46184,
5644,644,Testing,Pressure Cutter,13.76,45.13,4,62129,
5645,645,Testing,Coil Oven,9.99,82.86,11,54810,
5646,646,Testing,Pressure Cutter,53.58,79.26,12,33773,
5647,647,Testing,Gauge Machine,9.58,48.24,9,33976,
5648,648,Testing,Pump,41.1,65.76,1,63375,
5649,649,Testing,Pressure Cutter,30.99,48.92,17,72049,
5650,650,Testing,Pressure Cutter,86.63,83.2,10,29860,
5651,651,Testing,Pressure Cutter,47.68,35.67,4,50330,
5652,652,Testing,Coil Oven,69.19,55.81,2,69860,
5653,653,Testing,Extruder,50.19,79.43,13,63664,
5654,654,Testing,Pump,59.57,93.07,12,32656,
5655,655,Testing,Pump,33.21,70.54,4,54923,
5656,656,Testing,Gauge Machine,26.71,94.7,9,77609,
5657,657,Testing,Pressure Cutter,77.44,91.54,4,57396,
5658,658,Testing,Pump,7.59,49.39,3,63595,
5659,659,Testing,Pump,45.96,67.19,10,28790,
5660,660,Testing,Pressure Cutter,50.26,52.57,17,41421,
5661,661,Testing,Extruder,79.65,82.88,16,65978,
5662,662,Testing,Pressure Cutter,76.61,69.48,10,44564,
5663,663,Testing,Pressure Cutter,46.17,51.04,14,26861,
5664,664,Testing,Gauge Machine,87.53,35.01,9,58918,
5665,665,Testing,Extruder,90.4,79.26,11,65206,
5666,666,Testing,Pressure Cutter,67.38,43.19,7,32147,
5667,667,Testing,Gauge Machine,54.79,81.62,9,39305,
5668,668,Testing,Extruder,64.09,54.67,7,72811,
5669,669,Testing,Pump,17.52,89.19,9,57350,
5670,670,Testing,Gauge Machine,70.37,79.93,17,59527,
5671,671,Testing,Pressure Cutter,51.52,39.25,4,76622,
5672,672,Testing,Pressure Cutter,5.66,77.74,15,67627,
5673,673,Testing,Pressure Cutter,60.51,71.85,10,23047,
5674,674,Testing,Extruder,13.66,55.41,14,49326,
5675,675,Testing,Extruder,63.07,81.22,14,77781,
5676,676,Testing,Pressure Cutter,8.65,55.96,1,48535,
5677,677,Testing,Coil Oven,54.76,73.53,17,40229,
5678,678,Testing,Pump,44.28,58.47,2,48858,
5679,679,Testing,Coil Oven,36.09,40.96,4,77666,
5680,680,Testing,Gauge Machine,7.11,93.37,12,31558,
5681,681,Testing,Pressure Cutter,35.82,54.83,5,69277,
5682,682,Testing,Gauge Machine,89.32,87.83,11,78775,
5683,683,Testing,Pressure Cutter,83.06,77.94,16,62608,
5684,684,Testing,Pressure Cutter,55.07,71.93,16,43239,
5685,685,Testing,Extruder,56.8,73.44,16,44366,
5686,686,Testing,Pressure Cutter,9.53,70.93,12,30141,
5687,687,Testing,Pump,9.64,72.22,6,55600,
5688,688,Testing,Coil Oven,18.61,75.41,10,40201,
5689,689,Testing,Extruder,14.22,44.07,3,47692,
5690,690,Testing,Pressure Cutter,31.29,62.4,7,74583,
5691,691,Testing,Gauge Machine,36.96,84.66,10,77190,
5692,692,Testing,Gauge Machine,76.55,55.17,2,57371,
5693,693,Testing,Gauge Machine,20.03,83.55,6,63723,
5694,694,Testing,Gauge Machine,90.24,89.14,11,39585,
5695,695,Testing,Coil Oven,31.82,70.67,11,79358,
5696,696,Testing,Coil Oven,9.83,54.59,8,44026,
5697,697,Testing,Coil Oven,25.82,47.68,12,50204,
5698,698,Testing,Coil Oven,38.33,81.09,9,53456,
5699,699,Testing,Gauge Machine,61.0,75.25,7,37112,
5700,700,Testing,Extruder,35.44,74.15,15,74808,
5701,701,Testing,Coil Oven,83.23,88.65,1,48269,
5702,702,Testing,Coil Oven,91.86,52.71,12,64773,
5703,703,Testing,Coil Oven,96.03,89.78,15,36921,
5704,704,Testing,Pump,73.07,51.45,10,73012,
5705,705,Testing,Gauge Machine,32.36,72.64,9,63225,
5706,706,Testing,Gauge Machine,11.63,49.88,12,33131,
5707,707,Testing,Gauge Machine,62.27,85.2,12,61391,
5708,708,Testing,Pressure Cutter,48.05,88.79,15,33749,
5709,709,Testing,Gauge Machine,52.27,68.33,6,61050,
5710,710,Testing,Gauge Machine,19.15,89.67,5,49013,
5711,711,Testing,Pump,60.35,37.26,3,39080,
5712,712,Testing,Coil Oven,37.73,69.43,8,66381,
5713,713,Testing,Extruder,98.35,47.43,6,69179,
5714,714,Testing,Coil Oven,48.11,62.25,1,46592,
5715,715,Testing,Pressure Cutter,62.58,35.62,9,73182,
5716,716,Testing,Coil Oven,32.61,69.35,14,62282,
5717,717,Testing,Extruder,99.52,72.94,5,75037,
5718,718,Testing,Coil Oven,98.07,61.92,4,56838,
5719,719,Testing,Coil Oven,29.1,78.4,3,78060,
5720,720,Testing,Pump,6.19,46.22,10,72295,
5721,721,Testing,Coil Oven,44.12,40.04,8,34078,
5722,722,Testing,Pressure Cutter,52.67,69.35,9,65984,
5723,723,Testing,Pressure Cutter,97.43,93.83,16,35270,
5724,724,Testing,Pressure Cutter,28.38,84.15,17,35894,
5725,725,Testing,Gauge Machine,14.89,38.67,17,71155,
5726,726,Testing,Coil Oven,86.77,73.35,6,55490,
5727,727,Testing,Pressure Cutter,10.91,78.94,14,24904,
5728,728,Testing,Extruder,23.9,90.16,14,59718,
5729,729,Testing,Extruder,30.66,94.04,10,70363,
5730,730,Testing,Coil Oven,78.32,46.86,7,54111,
5731,731,Testing,Pressure Cutter,51.37,74.93,12,57672,
5732,732,Testing,Pressure Cutter,88.84,87.08,16,24100,
5733,733,Testing,Extruder,92.72,53.92,10,75643,
5734,734,Testing,Coil Oven,43.87,86.49,7,46656,
5735,735,Testing,Pump,15.13,60.57,17,60797,
5736,736,Testing,Coil Oven,84.47,45.09,11,72383,
5737,737,Testing,Coil Oven,75.68,74.78,5,78231,
5738,738,Testing,Extruder,45.83,46.18,2,61275,
5739,739,Testing,Extruder,45.94,57.09,8,65330,
5740,740,Testing,Coil Oven,26.19,91.3,5,30940,
5741,741,Testing,Pressure Cutter,20.94,47.87,16,57507,
5742,742,Testing,Extruder,51.74,61.94,1,34296,
5743,743,Testing,Pump,22.64,62.16,14,63184,
5744,744,Testing,Gauge Machine,43.41,42.63,17,53877,
5745,745,Testing,Pressure Cutter,47.68,54.42,17,73299,
5746,746,Testing,Coil Oven,31.48,69.34,6,44319,
5747,747,Testing,Extruder,8.08,52.69,7,56164,
5748,748,Testing,Gauge Machine,86.44,92.14,13,23977,
5749,749,Testing,Gauge Machine,27.45,42.19,8,79689,
5750,750,Testing,Pump,18.99,46.63,17,53375,
5751,751,Testing,Coil Oven,54.68,60.74,3,31999,
5752,752,Testing,Extruder,68.44,54.62,13,45050,
5753,753,Testing,Pump,68.23,43.9,9,77466,
5754,754,Testing,Coil Oven,47.56,94.12,15,45408,
5755,755,Testing,Coil Oven,82.05,56.86,2,42390,
5756,756,Testing,Extruder,78.65,53.46,11,63432,
5757,757,Testing,Pump,34.53,76.44,3,43811,
5758,758,Testing,Extruder,46.25,35.75,16,28721,
5759,759,Testing,Pressure Cutter,77.06,54.78,5,63589,
5760,760,Testing,Pressure Cutter,61.3,77.09,13,41502,
5761,761,Testing,Coil Oven,64.06,45.57,16,58121,
5762,762,Testing,Pump,8.74,56.65,1,33126,
5763,763,Testing,Extruder,96.83,87.69,4,69168,
5764,764,Testing,Extruder,41.09,61.71,12,75685,
5765,765,Testing,Extruder,18.74,69.08,12,58402,
5766,766,Testing,Pump,73.35,70.88,6,48856,
5767,767,Testing,Extruder,62.93,71.55,13,47483,
5768,768,Testing,Pressure Cutter,90.95,72.33,7,76379,
5769,769,Testing,Pressure Cutter,6.7,46.53,8,49184,
5770,770,Testing,Gauge Machine,28.11,66.06,3,68392,
5771,771,Testing,Gauge Machine,10.63,42.43,12,32998,
5772,772,Testing,Gauge Machine,85.34,50.76,2,28676,
5773,773,Testing,Pressure Cutter,19.64,40.96,11,58679,
5774,774,Testing,Gauge Machine,72.76,75.15,16,47366,
5775,775,Testing,Pump,24.19,70.86,2,26857,
5776,776,Testing,Pump,46.87,75.81,13,60067,
5777,777,Testing,Gauge Machine,39.86,45.09,10,63968,
5778,778,Testing,Coil Oven,81.27,79.28,13,48927,
5779,779,Testing,Gauge Machine,55.16,41.65,16,23735,
5780,780,Testing,Coil Oven,35.75,39.31,8,75179,
5781,781,Testing,Pump,71.13,47.03,6,48211,
5782,782,Testing,Extruder,24.7,89.42,4,32425,
5783,783,Testing,Pressure Cutter,91.59,38.49,6,28975,
5784,784,Testing,Gauge Machine,57.63,43.77,11,29596,
5785,785,Testing,Coil Oven,51.98,42.29,7,34502,
5786,786,Testing,Coil Oven,98.74,61.03,5,47395,
5787,787,Testing,Pump,24.93,77.79,1,25225,
5788,788,Testing,Extruder,34.97,93.7,12,33774,
5789,789,Testing,Pump,66.43,85.87,4,37401,
5790,790,Testing,Extruder,94.61,47.59,12,63419,
5791,791,Testing,Coil Oven,99.61,72.88,10,41362,
5792,792,Testing,Pressure Cutter,24.0,46.14,8,70867,
5793,793,Testing,Extruder,45.89,47.79,5,78450,
5794,794,Testing,Extruder,52.8,88.57,8,42938,
5795,795,Testing,Gauge Machine,80.83,40.33,12,77724,
5796,796,Testing,Pump,12.37,89.59,6,68508,
5797,797,Testing,Extruder,51.56,56.92,10,45762,
5798,798,Testing,Gauge Machine,18.38,86.62,8,70417,
5799,799,Testing,Extruder,71.07,68.58,12,37749,
5800,800,Testing,Extruder,21.85,79.79,14,46827,
5801,801,Testing,Gauge Machine,49.24,66.49,13,50465,
5802,802,Testing,Gauge Machine,87.88,80.76,8,39791,
5803,803,Testing,Extruder,93.33,62.12,14,79464,
5804,804,Testing,Extruder,51.84,78.89,7,66464,
5805,805,Testing,Pump,31.86,82.97,17,28253,
5806,806,Testing,Pressure Cutter,45.63,42.01,9,68931,
5807,807,Testing,Pump,66.07,48.94,9,55652,
5808,808,Testing,Coil Oven,49.65,65.31,9,56561,
5809,809,Testing,Coil Oven,96.36,87.82,8,67181,
5810,810,Testing,Pressure Cutter,60.43,65.24,13,36125,
5811,811,Testing,Extruder,16.39,87.87,17,75535,
5812,812,Testing,Gauge Machine,85.82,76.05,7,50504,
5813,813,Testing,Pump,50.76,61.14,2,25543,
5814,814,Testing,Pump,38.61,49.46,3,79960,
5815,815,Testing,Pump,94.18,36.45,9,67724,
5816,816,Testing,Pump,43.82,60.18,7,51850,
5817,817,Testing,Coil Oven,95.29,35.94,6,52283,
5818,818,Testing,Coil Oven,44.03,73.09,6,59221,
5819,819,Testing,Gauge Machine,46.81,58.31,17,57712,
5820,820,Testing,Gauge Machine,66.26,94.41,14,37427,
5821,821,Testing,Extruder,43.33,72.58,10,24299,
5822,822,Testing,Pump,80.49,76.03,6,56673,
5823,823,Testing,Extruder,40.33,93.64,7,33809,
5824,824,Testing,Extruder,8.41,54.96,16,49121,
5825,825,Testing,Extruder,80.06,84.59,9,24018,
5826,826,Testing,Pump,28.49,40.71,12,42081,
5827,827,Testing,Gauge Machine,70.86,64.65,2,76787,
5828,828,Testing,Pressure Cutter,73.05,56.85,11,44922,
5829,829,Testing,Gauge Machine,7.0,82.77,5,41503,
5830,830,Testing,Gauge Machine,91.57,46.75,16,69648,
5831,831,Testing,Pressure Cutter,5.77,35.41,2,26651,
5832,832,Testing,Pressure Cutter,9.28,87.98,4,28443,
5833,833,Testing,Extruder,61.01,61.09,9,44751,
5834,834,Testing,Pressure Cutter,53.93,53.09,4,37767,
5835,835,Testing,Gauge Machine,90.55,59.66,8,47013,
5836,836,Testing,Gauge Machine,5.79,69.62,11,31859,
5837,837,Testing,Gauge Machine,59.72,88.04,15,55882,
5838,838,Testing,Pressure Cutter,30.71,76.63,9,62690,
5839,839,Testing,Coil Oven,53.79,36.11,8,35549,
5840,840,Testing,Pressure Cutter,80.02,61.89,10,31534,
5841,841,Testing,Pressure Cutter,15.25,65.68,17,45247,
5842,842,Testing,Pump,28.37,73.28,5,30304,
5843,843,Testing,Gauge Machine,29.49,38.69,15,45736,
5844,844,Testing,Coil Oven,44.85,89.16,16,66688,
5845,845,Testing,Pressure Cutter,8.11,36.12,8,71482,
5846,846,Testing,Coil Oven,64.54,39.46,11,33403,
5847,847,Testing,Gauge Machine,67.38,46.4,12,54719,
5848,848,Testing,Extruder,6.97,35.87,3,69674,
5849,849,Testing,Coil Oven,37.47,50.29,11,37048,
5850,850,Testing,Pump,30.28,68.54,12,33768,
5851,851,Testing,Coil Oven,35.97,80.9,11,76042,
5852,852,Testing,Gauge Machine,7.7,38.3,4,53804,
5853,853,Testing,Extruder,40.61,82.61,2,61059,
5854,854,Testing,Coil Oven,46.52,78.5,11,65709,
5855,855,Testing,Gauge Machine,42.58,50.45,12,23306,
5856,856,Testing,Gauge Machine,72.8,60.59,10,40077,
5857,857,Testing,Pressure Cutter,40.7,89.58,8,34494,
5858,858,Testing,Pump,89.22,80.88,14,32002,
5859,859,Testing,Coil Oven,27.86,67.85,14,42166,
5860,860,Testing,Extruder,47.99,88.45,17,26300,
5861,861,Testing,Pump,68.15,92.18,14,23638,
5862,862,Testing,Extruder,30.55,76.05,15,31866,
5863,863,Testing,Extruder,29.1,58.17,15,53242,
5864,864,Testing,Gauge Machine,59.23,91.99,12,79787,
5865,865,Testing,Pressure Cutter,63.93,84.56,6,51266,
5866,866,Testing,Extruder,77.03,72.75,2,39669,
5867,867,Testing,Pump,87.61,91.07,16,31992,
5868,868,Testing,Pressure Cutter,57.89,61.73,14,35756,
5869,869,Testing,Pressure Cutter,48.81,55.15,5,60805,
5870,870,Testing,Coil Oven,27.99,75.28,3,71873,
5871,871,Testing,Pressure Cutter,94.54,73.39,12,57912,
5872,872,Testing,Coil Oven,84.44,40.07,10,44860,
5873,873,Testing,Pump,85.0,48.19,16,75135,
5874,874,Testing,Extruder,26.64,67.36,12,74983,
5875,875,Testing,Pressure Cutter,96.25,45.07,5,74920,
5876,876,Testing,Extruder,25.76,84.73,15,57998,
5877,877,Testing,Extruder,97.28,54.33,4,59582,
5878,878,Testing,Extruder,26.13,85.94,7,63123,
5879,879,Testing,Extruder,7.64,69.24,5,36375,
5880,880,Testing,Coil Oven,33.27,48.92,10,31785,
5881,881,Testing,Pump,55.46,92.1,17,54837,
5882,882,Testing,Pressure Cutter,93.57,44.06,1,49545,
5883,883,Testing,Coil Oven,28.74,57.15,3,38998,
5884,884,Testing,Coil Oven,70.99,47.63,11,65614,
5885,885,Testing,Extruder,52.58,56.34,10,25662,
5886,886,Testing,Pressure Cutter,83.11,73.34,7,29274,
5887,887,Testing,Pump,47.89,59.71,5,56921,
5888,888,Testing,Extruder,56.73,71.26,1,65628,
5889,889,Testing,Pressure Cutter,80.83,49.26,4,26186,
5890,890,Testing,Coil Oven,18.36,79.72,15,75801,
5891,891,Testing,Coil Oven,91.54,83.84,4,25070,
5892,892,Testing,Pressure Cutter,98.3,47.96,3,76105,
5893,893,Testing,Gauge Machine,35.83,53.55,12,71939,
5894,894,Testing,Coil Oven,96.04,59.81,12,74309,
5895,895,Testing,Extruder,88.94,46.51,5,44638,
5896,896,Testing,Gauge Machine,43.65,71.26,4,60031,
5897,897,Testing,Gauge Machine,52.04,55.03,3,49864,
5898,898,Testing,Pump,92.56,82.47,13,34191,
5899,899,Testing,Coil Oven,61.3,80.03,1,56304,
5900,900,Testing,Pressure Cutter,49.85,90.4,13,36638,
5901,901,Testing,Gauge Machine,6.05,81.34,12,66309,
5902,902,Testing,Coil Oven,74.89,72.58,13,77725,
5903,903,Testing,Extruder,9.48,48.35,17,68291,
5904,904,Testing,Extruder,26.82,40.61,3,76865,
5905,905,Testing,Extruder,60.36,82.29,8,61405,
5906,906,Testing,Pump,78.73,50.21,17,77810,
5907,907,Testing,Pump,27.73,85.81,15,67923,
5908,908,Testing,Pump,55.77,92.35,12,30012,
5909,909,Testing,Coil Oven,62.49,60.69,13,71314,
5910,910,Testing,Gauge Machine,44.78,47.28,6,27649,
5911,911,Testing,Pressure Cutter,64.59,93.9,2,78352,
5912,912,Testing,Extruder,96.89,65.54,14,52622,
5913,913,Testing,Coil Oven,42.08,78.71,7,39864,
5914,914,Testing,Extruder,5.13,56.2,6,76630,
5915,915,Testing,Gauge Machine,79.79,48.48,15,44900,
5916,916,Testing,Extruder,5.85,42.7,11,62860,
5917,917,Testing,Extruder,18.56,61.24,13,69481,
5918,918,Testing,Extruder,31.97,82.5,6,44034,
5919,919,Testing,Pump,15.25,41.26,3,31909,
5920,920,Testing,Coil Oven,30.65,59.83,1,67464,
5921,921,Testing,Gauge Machine,35.16,85.85,5,78183,
5922,922,Testing,Extruder,21.98,91.36,2,60655,
5923,923,Testing,Coil Oven,42.36,72.88,15,73467,
5924,924,Testing,Coil Oven,80.85,55.01,17,61249,
5925,925,Testing,Extruder,72.37,94.41,15,61320,
5926,926,Testing,Gauge Machine,86.12,74.2,15,77587,
5927,927,Testing,Pump,99.96,46.02,8,29204,
5928,928,Testing,Pump,24.68,91.49,11,75707,
5929,929,Testing,Coil Oven,31.06,61.72,7,50013,
5930,930,Testing,Gauge Machine,58.76,59.79,14,78015,
5931,931,Testing,Coil Oven,32.9,53.97,14,58614,
5932,932,Testing,Pump,57.3,93.28,8,38781,
5933,933,Testing,Pump,93.97,77.39,16,43211,
5934,934,Testing,Pump,48.87,35.62,5,39689,
5935,935,Testing,Pump,36.86,45.52,7,65733,
5936,936,Testing,Pressure Cutter,23.57,86.22,9,45220,
5937,937,Testing,Extruder,57.16,70.93,11,39379,
5938,938,Testing,Pressure Cutter,79.74,72.72,14,41078,
5939,939,Testing,Pressure Cutter,33.58,59.76,4,38319,
5940,940,Testing,Coil Oven,6.52,94.54,6,72690,
5941,941,Testing,Pump,45.6,47.28,2,32447,
5942,942,Testing,Pump,59.85,81.05,9,33660,
5943,943,Testing,Pump,62.82,89.0,2,50570,
5944,944,Testing,Pressure Cutter,16.85,77.66,4,73083,
5945,945,Testing,Pressure Cutter,53.1,94.32,15,37290,
5946,946,Testing,Coil Oven,87.11,66.18,10,63062,
5947,947,Testing,Coil Oven,70.35,54.16,4,74400,
5948,948,Testing,Pump,99.26,94.53,10,44537,
5949,949,Testing,Gauge Machine,32.73,75.91,8,28441,
5950,950,Testing,Gauge Machine,73.21,63.28,4,35363,
5951,951,Testing,Gauge Machine,54.15,84.33,12,53651,
5952,952,Testing,Gauge Machine,84.4,39.89,12,61061,
5953,953,Testing,Extruder,73.16,73.22,3,46229,
5954,954,Testing,Extruder,15.28,56.07,7,52683,
5955,955,Testing,Pump,75.49,75.48,7,23663,
5956,956,Testing,Gauge Machine,29.1,38.39,5,65982,
5957,957,Testing,Extruder,56.78,76.83,2,40954,
5958,958,Testing,Pump,57.82,51.6,9,68198,
5959,959,Testing,Gauge Machine,68.63,38.37,4,38278,
5960,960,Testing,Coil Oven,66.88,65.76,3,58691,
5961,961,Testing,Pressure Cutter,40.0,49.03,7,33585,
5962,962,Testing,Pump,27.1,93.54,10,77423,
5963,963,Testing,Gauge Machine,39.07,67.21,17,34655,
5964,964,Testing,Gauge Machine,19.81,66.09,13,76323,
5965,965,Testing,Coil Oven,89.93,77.7,8,66312,
5966,966,Testing,Gauge Machine,93.41,49.12,1,40973,
5967,967,Testing,Pump,58.52,66.86,12,33139,
5968,968,Testing,Pump,22.24,49.85,8,41335,
5969,969,Testing,Gauge Machine,32.16,83.3,16,44203,
5970,970,Testing,Coil Oven,67.09,66.03,13,23450,
5971,971,Testing,Coil Oven,62.0,82.8,3,24405,
5972,972,Testing,Pump,21.37,69.31,11,27431,
5973,973,Testing,Pump,59.88,52.45,13,46463,
5974,974,Testing,Coil Oven,28.57,48.2,17,35959,
5975,975,Testing,Pressure Cutter,88.38,68.48,17,35240,
5976,976,Testing,Gauge Machine,69.07,56.44,12,54834,
5977,977,Testing,Pump,98.56,53.62,6,40410,
5978,978,Testing,Extruder,36.64,83.45,3,39774,
5979,979,Testing,Gauge Machine,54.12,77.56,12,74931,
5980,980,Testing,Extruder,56.3,65.1,4,66167,
5981,981,Testing,Pump,75.22,76.84,8,38216,
5982,982,Testing,Gauge Machine,86.54,50.82,1,55464,
5983,983,Testing,Pump,31.24,73.02,13,67996,
5984,984,Testing,Extruder,51.35,82.08,11,78939,
5985,985,Testing,Pressure Cutter,24.49,71.08,4,34433,
5986,986,Testing,Gauge Machine,91.96,61.16,2,34680,
5987,987,Testing,Extruder,25.8,38.96,1,40334,
5988,988,Testing,Pump,39.07,36.02,7,77670,
5989,989,Testing,Pump,46.67,63.27,2,62398,
5990,990,Testing,Gauge Machine,52.83,55.95,2,58909,
5991,991,Testing,Extruder,99.01,80.5,5,33927,
5992,992,Testing,Gauge Machine,14.21,45.93,12,47245,
5993,993,Testing,Extruder,21.77,52.06,10,39640,
5994,994,Testing,Pressure Cutter,8.6,93.32,11,28722,
5995,995,Testing,Coil Oven,66.47,52.78,11,71174,
5996,996,Testing,Gauge Machine,38.8,51.51,2,79660,
5997,997,Testing,Coil Oven,57.47,80.16,17,38529,
5998,998,Testing,Extruder,10.99,70.45,4,43019,
5999,999,Testing,Pressure Cutter,53.59,73.88,10,37817,
6000,1000,Testing,Gauge Machine,69.12,53.57,4,45578,
6001,1001,Testing,Pump,34.35,36.14,6,53800,
6002,1002,Testing,Extruder,18.17,38.8,13,40113,
6003,1003,Testing,Coil Oven,20.9,42.51,4,68609,
6004,1004,Testing,Extruder,59.64,84.1,5,63017,
6005,1005,Testing,Pressure Cutter,29.01,40.78,16,33689,
6006,1006,Testing,Pressure Cutter,57.95,65.54,14,42084,
6007,1007,Testing,Coil Oven,55.5,39.17,14,70345,
6008,1008,Testing,Pressure Cutter,76.56,65.74,9,34307,
6009,1009,Testing,Coil Oven,35.57,54.92,13,48264,
6010,1010,Testing,Gauge Machine,89.33,53.93,9,50652,
6011,1011,Testing,Pump,70.9,92.86,1,33861,
6012,1012,Testing,Extruder,53.82,38.58,4,61662,
6013,1013,Testing,Coil Oven,85.61,51.14,9,40648,
6014,1014,Testing,Gauge Machine,73.74,85.06,6,61151,
6015,1015,Testing,Extruder,95.43,50.76,6,39141,
6016,1016,Testing,Gauge Machine,68.26,91.29,16,42722,
6017,1017,Testing,Extruder,37.19,64.32,13,49319,
6018,1018,Testing,Pressure Cutter,53.01,61.44,11,38115,
6019,1019,Testing,Gauge Machine,13.45,79.34,14,39174,
6020,1020,Testing,Coil Oven,5.27,94.29,5,44016,
6021,1021,Testing,Pressure Cutter,57.88,92.8,17,36676,
6022,1022,Testing,Gauge Machine,12.69,52.29,17,59037,
6023,1023,Testing,Coil Oven,35.13,87.26,9,42840,
6024,1024,Testing,Extruder,83.92,63.77,2,45805,
6025,1025,Testing,Extruder,80.47,84.1,16,62647,
6026,1026,Testing,Coil Oven,8.27,40.65,12,55325,
6027,1027,Testing,Pressure Cutter,52.88,61.62,16,59792,
6028,1028,Testing,Pressure Cutter,65.6,77.97,5,50175,
6029,1029,Testing,Coil Oven,51.86,90.62,2,64319,
6030,1030,Testing,Pump,97.8,63.58,5,23445,
6031,1031,Testing,Extruder,18.82,84.02,16,68578,
6032,1032,Testing,Pressure Cutter,19.92,62.22,15,62060,
6033,1033,Testing,Extruder,93.11,36.25,2,46021,
6034,1034,Testing,Gauge Machine,5.03,64.33,17,53417,
6035,1035,Testing,Pump,19.83,44.99,9,50863,
6036,1036,Testing,Gauge Machine,12.77,43.1,4,64119,
6037,1037,Testing,Pressure Cutter,89.43,47.41,8,69996,
6038,1038,Testing,Coil Oven,15.82,41.87,11,34214,
6039,1039,Testing,Coil Oven,70.41,89.46,16,29346,
6040,1040,Testing,Pump,66.3,76.71,3,78119,
6041,1041,Testing,Pressure Cutter,42.87,64.12,13,36275,
6042,1042,Testing,Gauge Machine,73.74,77.42,14,30571,
6043,1043,Testing,Pump,87.43,60.09,16,28135,
6044,1044,Testing,Gauge Machine,46.51,93.23,10,70858,
6045,1045,Testing,Extruder,10.3,71.24,13,42370,
6046,1046,Testing,Gauge Machine,86.97,93.08,16,26904,
6047,1047,Testing,Pressure Cutter,51.42,83.97,7,49655,
6048,1048,Testing,Gauge Machine,35.67,42.88,1,56933,
6049,1049,Testing,Pump,99.53,82.97,6,39337,
6050,1050,Testing,Extruder,16.53,85.05,5,76072,
6051,1051,Testing,Pump,99.84,90.62,4,36215,
6052,1052,Testing,Coil Oven,7.99,73.42,2,48327,
6053,1053,Testing,Pump,60.7,67.55,5,76530,
6054,1054,Testing,Pressure Cutter,6.9,83.18,13,53645,
6055,1055,Testing,Pressure Cutter,46.68,74.24,12,39902,
6056,1056,Testing,Pump,21.75,77.03,17,42222,
6057,1057,Testing,Coil Oven,18.47,92.14,3,70740,
6058,1058,Testing,Coil Oven,7.05,45.98,5,23789,
6059,1059,Testing,Extruder,15.22,75.94,11,55371,
6060,1060,Testing,Coil Oven,38.02,81.73,4,48129,
6061,1061,Testing,Pump,13.14,40.43,13,49862,
6062,1062,Testing,Pressure Cutter,32.18,93.75,4,65036,
6063,1063,Testing,Pump,69.03,46.5,12,47170,
6064,1064,Testing,Pressure Cutter,15.03,67.2,3,46302,
6065,1065,Testing,Gauge Machine,6.66,94.62,7,38820,
6066,1066,Testing,Pump,19.69,36.57,15,62671,
6067,1067,Testing,Gauge Machine,86.4,63.74,11,71415,
6068,1068,Testing,Coil Oven,40.27,35.49,4,56580,
6069,1069,Testing,Gauge Machine,36.13,49.01,14,36881,
6070,1070,Testing,Gauge Machine,36.46,55.37,6,25329,
6071,1071,Testing,Extruder,45.25,69.77,3,34887,
6072,1072,Testing,Pump,23.73,79.52,5,35092,
6073,1073,Testing,Gauge Machine,92.29,63.55,4,69490,
6074,1074,Testing,Extruder,71.71,37.97,15,39618,
6075,1075,Testing,Pressure Cutter,64.77,89.66,6,56563,
6076,1076,Testing,Gauge Machine,40.51,42.28,2,49969,
6077,1077,Testing,Coil Oven,94.8,52.29,8,73119,
6078,1078,Testing,Pump,49.82,67.89,1,28238,
6079,1079,Testing,Pump,88.31,40.5,7,56746,
6080,1080,Testing,Pressure Cutter,73.62,40.08,16,73043,
6081,1081,Testing,Extruder,27.51,72.46,12,31541,
6082,1082,Testing,Gauge Machine,6.5,51.92,5,30506,
6083,1083,Testing,Gauge Machine,36.9,62.06,16,62262,
6084,1084,Testing,Extruder,31.06,37.42,9,23025,
6085,1085,Testing,Extruder,40.65,50.95,11,65773,
6086,1086,Testing,Pump,99.54,89.46,4,36524,
6087,1087,Testing,Gauge Machine,93.62,83.29,13,38187,
6088,1088,Testing,Gauge Machine,83.07,72.48,5,66475,
6089,1089,Testing,Extruder,77.23,58.45,7,31033,
6090,1090,Testing,Gauge Machine,68.68,36.38,3,53389,
6091,1091,Testing,Pressure Cutter,99.0,59.16,14,53129,
6092,1092,Testing,Pump,87.63,37.99,11,71148,
6093,1093,Testing,Extruder,75.8,91.28,4,40557,
6094,1094,Testing,Pump,70.48,90.95,8,70627,
6095,1095,Testing,Pressure Cutter,28.21,44.66,16,27206,
6096,1096,Testing,Extruder,58.68,79.27,7,47834,
6097,1097,Testing,Coil Oven,48.87,55.8,8,49194,
6098,1098,Testing,Coil Oven,15.42,94.73,5,52088,
6099,1099,Testing,Coil Oven,99.37,86.6,9,57570,
6100,1100,Testing,Pressure Cutter,29.01,49.66,15,40196,
6101,1101,Testing,Pump,78.22,85.21,7,76923,
6102,1102,Testing,Pump,33.71,48.49,8,48178,
6103,1103,Testing,Extruder,16.16,75.1,5,50337,
6104,1104,Testing,Pump,49.43,88.21,16,66276,
6105,1105,Testing,Pressure Cutter,96.95,86.92,10,37096,
6106,1106,Testing,Pressure Cutter,64.32,68.99,1,49699,
6107,1107,Testing,Gauge Machine,59.27,38.49,8,61253,
6108,1108,Testing,Gauge Machine,67.16,63.87,6,37782,
6109,1109,Testing,Gauge Machine,35.29,62.23,3,54666,
6110,1110,Testing,Gauge Machine,39.35,71.92,5,48323,
6111,1111,Testing,Extruder,82.3,49.48,7,62965,
6112,1112,Testing,Gauge Machine,32.25,87.98,4,35750,
6113,1113,Testing,Extruder,60.77,80.38,3,61339,
6114,1114,Testing,Coil Oven,68.88,71.33,14,61369,
6115,1115,Testing,Pump,49.66,69.22,1,37471,
6116,1116,Testing,Extruder,61.79,50.6,14,33243,
6117,1117,Testing,Coil Oven,35.62,44.28,8,39157,
6118,1118,Testing,Extruder,21.13,66.97,16,69053,
6119,1119,Testing,Extruder,56.77,87.66,9,50296,
6120,1120,Testing,Coil Oven,85.83,42.38,12,64246,
6121,1121,Testing,Pump,85.93,75.14,10,23538,
6122,1122,Testing,Coil Oven,52.06,91.15,3,77854,
6123,1123,Testing,Gauge Machine,70.3,84.86,2,68931,
6124,1124,Testing,Gauge Machine,17.28,54.84,9,33291,
6125,1125,Testing,Extruder,42.27,64.63,4,76715,
6126,1126,Testing,Extruder,22.94,35.09,6,71599,
6127,1127,Testing,Pressure Cutter,36.36,84.3,11,31087,
6128,1128,Testing,Gauge Machine,9.03,83.87,10,32206,
6129,1129,Testing,Pump,38.44,81.6,4,53173,
6130,1130,Testing,Pump,46.17,71.41,6,25956,
6131,1131,Testing,Coil Oven,17.99,40.01,5,37007,
6132,1132,Testing,Gauge Machine,29.59,46.25,3,63285,
6133,1133,Testing,Extruder,57.94,38.33,1,34975,
6134,1134,Testing,Coil Oven,64.54,36.86,5,69797,
6135,1135,Testing,Gauge Machine,23.35,74.42,6,36155,
6136,1136,Testing,Gauge Machine,42.58,80.26,5,75953,
6137,1137,Testing,Extruder,47.61,68.42,17,30834,
6138,1138,Testing,Coil Oven,48.74,46.39,4,47965,
6139,1139,Testing,Coil Oven,97.58,55.11,3,46030,
6140,1140,Testing,Pressure Cutter,12.21,84.67,12,58589,
6141,1141,Testing,Coil Oven,28.38,64.86,7,68832,
6142,1142,Testing,Gauge Machine,85.68,84.47,15,33288,
6143,1143,Testing,Pump,40.26,63.83,5,62461,
6144,1144,Testing,Extruder,70.15,59.07,11,78147,
6145,1145,Testing,Coil Oven,24.36,46.38,15,31353,
6146,1146,Testing,Gauge Machine,10.77,60.69,14,45036,
6147,1147,Testing,Coil Oven,12.89,79.8,4,46620,
6148,1148,Testing,Pump,97.46,48.17,3,59510,
6149,1149,Testing,Pressure Cutter,70.26,48.8,5,31509,
6150,1150,Testing,Pressure Cutter,30.51,71.24,14,40613,
6151,1151,Testing,Pressure Cutter,65.27,46.61,10,73842,
6152,1152,Testing,Coil Oven,86.14,84.16,17,59519,
6153,1153,Testing,Coil Oven,81.17,43.38,3,27565,
6154,1154,Testing,Pressure Cutter,38.23,42.69,15,71896,
6155,1155,Testing,Pump,97.05,81.4,9,24011,
6156,1156,Testing,Pump,81.57,61.89,8,67336,
6157,1157,Testing,Coil Oven,20.4,62.28,5,66922,
6158,1158,Testing,Extruder,79.3,57.01,16,67932,
6159,1159,Testing,Coil Oven,98.58,69.45,8,38726,
6160,1160,Testing,Coil Oven,44.54,76.1,5,32553,
6161,1161,Testing,Pump,22.52,53.49,11,34055,
6162,1162,Testing,Coil Oven,24.53,69.18,4,56705,
6163,1163,Testing,Extruder,76.54,36.54,10,32049,
6164,1164,Testing,Extruder,74.06,89.19,5,29293,
6165,1165,Testing,Gauge Machine,44.69,43.64,7,39459,
6166,1166,Testing,Gauge Machine,7.52,41.3,1,58952,
6167,1167,Testing,Extruder,93.16,58.67,3,78789,
6168,1168,Testing,Extruder,40.94,37.97,15,75869,
6169,1169,Testing,Extruder,93.35,68.03,12,78702,
6170,1170,Testing,Gauge Machine,40.63,85.64,11,37467,
6171,1171,Testing,Pressure Cutter,40.66,91.34,4,45790,
6172,1172,Testing,Extruder,80.71,89.83,2,62443,
6173,1173,Testing,Gauge Machine,6.38,42.39,13,42143,
6174,1174,Testing,Pressure Cutter,6.19,58.22,6,42300,
6175,1175,Testing,Extruder,45.66,81.07,6,39150,
6176,1176,Testing,Pressure Cutter,27.34,54.16,9,73530,
6177,1177,Testing,Gauge Machine,70.31,79.52,10,30241,
6178,1178,Testing,Pressure Cutter,54.66,61.49,7,47332,
6179,1179,Testing,Pump,44.31,80.94,6,73505,
6180,1180,Testing,Pump,5.91,66.38,3,76125,
6181,1181,Testing,Extruder,97.59,70.91,9,41212,
6182,1182,Testing,Coil Oven,56.81,42.03,4,42025,
6183,1183,Testing,Pump,14.1,43.29,4,46903,
6184,1184,Testing,Pressure Cutter,95.54,71.46,10,57608,
6185,1185,Testing,Pump,5.54,67.45,15,24425,
6186,1186,Testing,Extruder,75.33,90.97,6,60972,
6187,1187,Testing,Extruder,9.67,60.05,8,33162,
6188,1188,Testing,Pump,82.56,94.73,4,29183,
6189,1189,Testing,Pump,18.01,77.73,5,75295,
6190,1190,Testing,Pump,29.25,41.79,10,33155,
6191,1191,Testing,Pump,68.89,65.65,4,26221,
6192,1192,Testing,Extruder,29.2,65.91,7,37252,
6193,1193,Testing,Pump,23.61,94.71,14,25172,
6194,1194,Testing,Extruder,85.79,79.27,12,71564,
6195,1195,Testing,Pump,52.1,40.38,12,50699,
6196,1196,Testing,Extruder,96.31,76.4,10,79581,
6197,1197,Testing,Extruder,49.09,77.29,12,40270,
6198,1198,Testing,Coil Oven,20.47,44.1,5,48741,
6199,1199,Testing,Gauge Machine,40.3,62.8,10,61941,
6200,1200,Testing,Pump,21.44,50.86,2,51777,
6201,1201,Testing,Gauge Machine,67.65,63.74,4,41091,
6202,1202,Testing,Pressure Cutter,90.7,47.96,10,55340,
6203,1203,Testing,Pump,80.33,79.4,8,47152,
6204,1204,Testing,Coil Oven,49.34,66.57,6,71683,
6205,1205,Testing,Pump,36.51,61.79,14,35864,
6206,1206,Testing,Extruder,48.62,81.77,9,64630,
6207,1207,Testing,Gauge Machine,51.8,87.09,2,52344,
6208,1208,Testing,Extruder,80.09,90.22,13,61093,
6209,1209,Testing,Coil Oven,58.55,86.49,2,25988,
6210,1210,Testing,Extruder,62.62,51.8,3,52302,
6211,1211,Testing,Coil Oven,90.84,79.26,4,76520,
6212,1212,Testing,Pressure Cutter,93.65,92.28,2,78777,
6213,1213,Testing,Gauge Machine,24.78,83.44,13,39889,
6214,1214,Testing,Coil Oven,53.71,58.73,7,25998,
6215,1215,Testing,Coil Oven,39.97,48.57,3,65207,
6216,1216,Testing,Pressure Cutter,46.73,69.86,9,78639,
6217,1217,Testing,Pressure Cutter,97.88,55.68,5,41670,
6218,1218,Testing,Extruder,49.24,82.1,7,30215,
6219,1219,Testing,Pressure Cutter,51.68,55.28,4,59570,
6220,1220,Testing,Pressure Cutter,16.66,90.63,11,46041,
6221,1221,Testing,Coil Oven,81.72,51.87,15,67198,
6222,1222,Testing,Pump,16.51,37.97,13,29780,
6223,1223,Testing,Coil Oven,42.82,63.68,7,75699,
6224,1224,Testing,Pump,71.92,65.76,12,49565,
6225,1225,Testing,Coil Oven,65.97,64.43,10,73932,
6226,1226,Testing,Pump,8.45,53.03,7,42961,
6227,1227,Testing,Gauge Machine,76.2,73.66,17,60090,
6228,1228,Testing,Coil Oven,91.95,35.98,6,69349,
6229,1229,Testing,Extruder,12.59,74.71,6,78684,
6230,1230,Testing,Coil Oven,8.1,91.13,5,34482,
6231,1231,Testing,Coil Oven,57.52,43.22,15,42664,
6232,1232,Testing,Pressure Cutter,59.37,83.36,5,69961,
6233,1233,Testing,Extruder,20.66,50.7,6,52964,
6234,1234,Testing,Extruder,55.21,64.23,15,26456,
6235,1235,Testing,Gauge Machine,47.75,52.65,13,28895,
6236,1236,Testing,Extruder,36.92,86.58,5,58363,
6237,1237,Testing,Pump,31.35,69.25,7,53085,
6238,1238,Testing,Pump,97.52,37.96,14,69248,
6239,1239,Testing,Pressure Cutter,54.48,45.17,16,69075,
6240,1240,Testing,Pressure Cutter,23.7,91.89,4,31210,
6241,1241,Testing,Gauge Machine,13.27,74.22,14,79230,
6242,1242,Testing,Coil Oven,14.24,73.7,15,65237,
6243,1243,Testing,Pump,22.45,49.1,14,72259,
6244,1244,Testing,Pump,23.4,80.56,10,34675,
6245,1245,Testing,Extruder,22.17,67.58,3,41882,
6246,1246,Testing,Pump,28.99,57.71,4,54206,
6247,1247,Testing,Pump,82.17,42.66,17,49341,
6248,1248,Testing,Extruder,12.6,76.5,4,26803,
6249,1249,Testing,Coil Oven,69.84,49.15,16,67775,
6250,1250,Testing,Pressure Cutter,55.12,76.48,12,67717,
6251,1251,Testing,Coil Oven,96.49,48.15,2,27945,
6252,1252,Testing,Coil Oven,44.11,74.63,10,51653,
6253,1253,Testing,Pump,8.46,49.75,16,49168,
6254,1254,Testing,Extruder,55.55,65.33,14,53301,
6255,1255,Testing,Extruder,47.19,61.75,4,74730,
6256,1256,Testing,Pump,52.67,44.22,12,41411,
6257,1257,Testing,Pressure Cutter,76.56,58.22,12,43244,
6258,1258,Testing,Coil Oven,85.61,90.44,8,74044,
6259,1259,Testing,Coil Oven,5.24,93.83,7,75888,
6260,1260,Testing,Pressure Cutter,35.45,69.82,7,26404,
6261,1261,Testing,Coil Oven,53.57,60.52,9,64820,
6262,1262,Testing,Gauge Machine,93.69,45.06,2,23654,
6263,1263,Testing,Gauge Machine,36.89,90.32,14,32272,
6264,1264,Testing,Pressure Cutter,97.89,91.9,7,47186,
6265,1265,Testing,Extruder,18.02,88.67,13,46413,
6266,1266,Testing,Coil Oven,76.59,58.3,5,23729,
6267,1267,Testing,Extruder,11.23,82.2,7,71472,
6268,1268,Testing,Pressure Cutter,53.18,48.32,16,45313,
6269,1269,Testing,Pressure Cutter,98.85,49.72,17,71127,
6270,1270,Testing,Pump,25.37,43.37,17,67520,
6271,1271,Testing,Gauge Machine,39.81,56.97,8,65810,
6272,1272,Testing,Pump,82.76,35.55,6,73964,
6273,1273,Testing,Pressure Cutter,44.87,80.77,3,24072,
6274,1274,Testing,Extruder,62.09,64.47,3,44116,
6275,1275,Testing,Gauge Machine,25.21,86.65,12,53696,
6276,1276,Testing,Extruder,98.15,81.48,6,65504,
6277,1277,Testing,Extruder,41.14,66.57,5,46606,
6278,1278,Testing,Gauge Machine,55.67,44.81,7,41894,
6279,1279,Testing,Coil Oven,26.38,42.29,9,57028,
6280,1280,Testing,Gauge Machine,87.23,49.31,2,26333,
6281,1281,Testing,Gauge Machine,50.21,58.14,13,47793,
6282,1282,Testing,Pressure Cutter,89.69,59.7,3,65525,
6283,1283,Testing,Coil Oven,17.33,44.67,11,59045,
6284,1284,Testing,Pressure Cutter,83.11,70.13,5,46601,
6285,1285,Testing,Coil Oven,95.99,72.55,5,38912,
6286,1286,Testing,Pressure Cutter,76.58,78.16,7,72710,
6287,1287,Testing,Pump,12.6,48.22,7,24723,
6288,1288,Testing,Pressure Cutter,67.33,50.75,14,66169,
6289,1289,Testing,Gauge Machine,37.31,79.81,10,64104,
6290,1290,Testing,Coil Oven,27.54,84.26,6,35593,
6291,1291,Testing,Extruder,28.27,86.28,17,54882,
6292,1292,Testing,Gauge Machine,61.01,53.26,14,71679,
6293,1293,Testing,Pressure Cutter,62.4,41.99,5,38935,
6294,1294,Testing,Pump,75.4,51.02,9,48327,
6295,1295,Testing,Pump,93.23,71.01,2,67930,
6296,1296,Testing,Extruder,67.84,67.37,3,48165,
6297,1297,Testing,Gauge Machine,59.45,48.67,4,41922,
6298,1298,Testing,Pump,92.73,53.2,13,41277,
6299,1299,Testing,Gauge Machine,78.12,49.57,15,68086,
6300,1300,Testing,Coil Oven,32.38,63.91,7,25507,
6301,1301,Testing,Gauge Machine,23.64,53.16,13,30486,
6302,1302,Testing,Pump,36.19,77.73,16,65481,
6303,1303,Testing,Gauge Machine,95.18,66.11,15,52672,
6304,1304,Testing,Pressure Cutter,98.98,90.2,12,31262,
6305,1305,Testing,Gauge Machine,54.88,84.51,2,36059,
6306,1306,Testing,Coil Oven,64.61,51.23,2,33481,
6307,1307,Testing,Gauge Machine,72.47,58.93,15,67394,
6308,1308,Testing,Coil Oven,18.81,69.27,6,25557,
6309,1309,Testing,Pressure Cutter,28.97,61.21,14,70708,
6310,1310,Testing,Extruder,74.12,56.22,3,62969,
6311,1311,Testing,Pressure Cutter,84.63,37.1,12,41633,
6312,1312,Testing,Coil Oven,24.19,44.51,12,41243,
6313,1313,Testing,Pump,93.1,69.44,13,59450,
6314,1314,Testing,Gauge Machine,89.36,72.55,2,31624,
6315,1315,Testing,Pressure Cutter,32.57,46.12,12,29037,
6316,1316,Testing,Pressure Cutter,32.22,81.76,15,37664,
6317,1317,Testing,Pressure Cutter,27.32,85.73,14,79112,
6318,1318,Testing,Coil Oven,55.04,86.28,4,60760,
6319,1319,Testing,Pressure Cutter,77.45,70.18,11,42608,
6320,1320,Testing,Coil Oven,71.73,80.4,16,43102,
6321,1321,Testing,Extruder,66.18,68.97,9,53621,
6322,1322,Testing,Coil Oven,98.5,38.23,15,45090,
6323,1323,Testing,Pump,73.85,93.97,4,52213,
6324,1324,Testing,Gauge Machine,93.17,81.93,14,71170,
6325,1325,Testing,Gauge Machine,93.14,66.34,5,76167,
6326,1326,Testing,Coil Oven,37.08,54.86,9,23769,
6327,1327,Testing,Extruder,20.44,64.52,4,62558,
6328,1328,Testing,Pump,95.39,45.57,15,28425,
6329,1329,Testing,Pressure Cutter,41.46,45.71,16,71557,
6330,1330,Testing,Extruder,84.1,63.07,8,23708,
6331,1331,Testing,Coil Oven,36.21,91.72,17,44605,
6332,1332,Testing,Pump,86.58,63.9,14,79926,
6333,1333,Testing,Coil Oven,64.19,80.38,1,55604,
6334,1334,Testing,Gauge Machine,93.68,78.52,16,58311,
6335,1335,Testing,Extruder,18.03,86.31,14,44150,
6336,1336,Testing,Extruder,17.88,86.17,4,27748,
6337,1337,Testing,Coil Oven,19.46,59.58,1,64413,
6338,1338,Testing,Extruder,58.13,67.92,13,58421,
6339,1339,Testing,Pump,72.05,54.4,8,47304,
6340,1340,Testing,Coil Oven,33.0,42.25,6,36632,
6341,1341,Testing,Extruder,85.69,88.09,12,60793,
6342,1342,Testing,Pump,69.87,92.36,8,45405,
6343,1343,Testing,Coil Oven,32.12,84.05,4,48473,
6344,1344,Testing,Coil Oven,15.51,73.24,10,77631,
6345,1345,Testing,Coil Oven,21.88,77.79,8,46986,
6346,1346,Testing,Gauge Machine,39.33,40.91,8,27961,
6347,1347,Testing,Coil Oven,17.46,51.44,4,79921,
6348,1348,Testing,Pressure Cutter,13.25,72.24,6,53317,
6349,1349,Testing,Gauge Machine,27.67,70.47,7,25555,
6350,1350,Testing,Pump,34.98,45.11,2,50287,
6351,1351,Testing,Coil Oven,15.58,92.99,8,48134,
6352,1352,Testing,Pressure Cutter,10.03,43.3,8,78065,
6353,1353,Testing,Pressure Cutter,44.5,84.59,5,41631,
6354,1354,Testing,Gauge Machine,93.77,48.57,7,46377,
6355,1355,Testing,Gauge Machine,75.74,93.41,1,63975,
6356,1356,Testing,Extruder,91.41,55.3,6,29218,
6357,1357,Testing,Extruder,32.48,60.46,12,50727,
6358,1358,Testing,Pressure Cutter,62.24,93.89,13,53893,
6359,1359,Testing,Extruder,15.13,39.68,4,69190,
6360,1360,Testing,Pump,99.61,48.56,14,53882,
6361,1361,Testing,Extruder,54.46,94.11,13,32325,
6362,1362,Testing,Pump,38.44,84.46,13,23665,
6363,1363,Testing,Pressure Cutter,76.38,53.96,5,44287,
6364,1364,Testing,Pump,40.34,36.79,16,74663,
6365,1365,Testing,Pump,21.37,37.79,11,52701,
6366,1366,Testing,Pump,80.17,51.9,2,30897,
6367,1367,Testing,Extruder,97.96,69.49,17,74177,
6368,1368,Testing,Pump,51.36,73.0,7,47009,
6369,1369,Testing,Pressure Cutter,9.61,69.82,4,53458,
6370,1370,Testing,Coil Oven,68.49,79.42,15,36028,
6371,1371,Testing,Coil Oven,49.94,37.08,15,49361,
6372,1372,Testing,Gauge Machine,6.2,47.82,14,63979,
6373,1373,Testing,Pressure Cutter,79.04,83.07,9,76242,
6374,1374,Testing,Extruder,39.73,82.24,17,72488,
6375,1375,Testing,Coil Oven,75.99,52.34,6,56020,
6376,1376,Testing,Extruder,67.37,70.75,17,74957,
6377,1377,Testing,Extruder,65.34,51.86,11,78393,
6378,1378,Testing,Pressure Cutter,35.14,77.08,5,67714,
6379,1379,Testing,Pressure Cutter,87.27,74.4,10,31634,
6380,1380,Testing,Pump,97.43,91.37,5,57898,
6381,1381,Testing,Pump,97.21,86.97,6,35883,
6382,1382,Testing,Coil Oven,96.08,88.15,15,39648,
6383,1383,Testing,Coil Oven,61.97,76.74,3,35846,
6384,1384,Testing,Gauge Machine,53.66,82.86,9,57969,
6385,1385,Testing,Coil Oven,90.12,85.16,15,31390,
6386,1386,Testing,Gauge Machine,11.37,57.41,10,75385,
6387,1387,Testing,Pump,91.93,44.79,2,47130,
6388,1388,Testing,Pump,21.13,67.23,11,55923,
6389,1389,Testing,Coil Oven,88.75,47.75,2,34324,
6390,1390,Testing,Coil Oven,45.91,79.74,2,45271,
6391,1391,Testing,Coil Oven,77.1,90.58,3,61523,
6392,1392,Testing,Pressure Cutter,98.13,75.37,16,32515,
6393,1393,Testing,Coil Oven,86.73,70.37,9,42643,
6394,1394,Testing,Pressure Cutter,76.3,57.36,2,60838,
6395,1395,Testing,Pump,81.88,39.64,9,59349,
6396,1396,Testing,Extruder,38.29,39.52,2,53490,
6397,1397,Testing,Coil Oven,57.63,91.64,2,74999,
6398,1398,Testing,Extruder,37.43,83.5,4,50507,
6399,1399,Testing,Pressure Cutter,96.42,45.54,9,75870,
6400,1400,Testing,Coil Oven,54.6,79.17,15,40780,
6401,1401,Testing,Pump,32.42,70.39,7,53911,
6402,1402,Testing,Coil Oven,88.17,63.95,5,41439,
6403,1403,Testing,Extruder,51.12,78.01,15,49453,
6404,1404,Testing,Extruder,68.12,84.43,10,44089,
6405,1405,Testing,Coil Oven,66.03,44.64,8,60761,
6406,1406,Testing,Coil Oven,73.17,66.56,13,23630,
6407,1407,Testing,Pump,83.4,63.64,9,64223,
6408,1408,Testing,Coil Oven,32.08,73.84,12,49227,
6409,1409,Testing,Extruder,26.4,86.66,4,50925,
6410,1410,Testing,Pump,50.68,58.95,17,78751,
6411,1411,Testing,Extruder,55.35,37.25,1,34567,
6412,1412,Testing,Pressure Cutter,81.11,46.04,3,59397,
6413,1413,Testing,Extruder,35.46,52.84,8,42042,
6414,1414,Testing,Extruder,9.32,53.3,3,53071,
6415,1415,Testing,Pressure Cutter,16.23,60.21,6,28021,
6416,1416,Testing,Pressure Cutter,23.88,47.43,8,61059,
6417,1417,Testing,Pump,52.62,63.84,7,46941,
6418,1418,Testing,Extruder,92.8,50.28,4,54617,
6419,1419,Testing,Extruder,32.14,54.62,11,74142,
6420,1420,Testing,Coil Oven,37.54,94.67,6,42470,
6421,1421,Testing,Coil Oven,73.82,72.27,3,34001,
6422,1422,Testing,Extruder,91.62,94.91,15,74739,
6423,1423,Testing,Pump,54.66,71.67,15,57405,
6424,1424,Testing,Pump,49.74,64.29,10,45130,
6425,1425,Testing,Gauge Machine,15.31,53.2,3,67579,
6426,1426,Testing,Pressure Cutter,24.47,38.66,1,52824,
6427,1427,Testing,Pump,59.91,59.86,7,61842,
6428,1428,Testing,Coil Oven,56.59,78.01,3,42327,
6429,1429,Testing,Coil Oven,44.8,87.47,11,23727,
6430,1430,Testing,Gauge Machine,70.27,75.58,4,39798,
6431,1431,Testing,Pump,44.26,89.9,3,40253,
6432,1432,Testing,Extruder,50.63,36.61,15,25219,
6433,1433,Testing,Extruder,19.23,35.35,3,60231,
6434,1434,Testing,Coil Oven,57.51,60.92,16,27760,
6435,1435,Testing,Pump,44.55,79.28,14,61167,
6436,1436,Testing,Gauge Machine,60.44,94.66,11,31448,
6437,1437,Testing,Extruder,41.0,68.64,4,32914,
6438,1438,Testing,Gauge Machine,82.8,73.0,9,39955,
6439,1439,Testing,Extruder,66.66,76.71,10,59861,
6440,1440,Testing,Pressure Cutter,51.96,49.21,15,78609,
6441,1441,Testing,Pump,68.09,68.36,14,42961,
6442,1442,Testing,Gauge Machine,87.1,66.56,6,47637,
6443,1443,Testing,Pump,53.59,55.33,6,58132,
6444,1444,Testing,Gauge Machine,46.88,76.77,8,53888,
6445,1445,Testing,Pump,88.56,72.57,15,79849,
6446,1446,Testing,Extruder,17.68,43.88,17,66244,
6447,1447,Testing,Pump,67.8,87.93,7,38142,
6448,1448,Testing,Pressure Cutter,20.68,71.49,9,79527,
6449,1449,Testing,Coil Oven,10.58,52.42,9,30454,
6450,1450,Testing,Extruder,48.36,36.94,13,75973,
6451,1451,Testing,Pump,5.64,46.2,1,68799,
6452,1452,Testing,Coil Oven,54.74,79.53,7,32365,
6453,1453,Testing,Extruder,50.34,65.27,2,39250,
6454,1454,Testing,Gauge Machine,25.52,71.07,7,46423,
6455,1455,Testing,Coil Oven,26.66,46.81,16,39890,
6456,1456,Testing,Gauge Machine,57.21,61.13,11,44321,
6457,1457,Testing,Extruder,93.68,80.55,7,63921,
6458,1458,Testing,Coil Oven,43.48,73.1,6,26970,
6459,1459,Testing,Gauge Machine,10.35,68.51,5,69843,
6460,1460,Testing,Pressure Cutter,19.06,89.91,10,25612,
6461,1461,Testing,Pressure Cutter,26.12,86.05,4,53604,
6462,1462,Testing,Coil Oven,41.2,71.29,1,60475,
6463,1463,Testing,Extruder,79.78,42.1,13,41145,
6464,1464,Testing,Pressure Cutter,77.03,91.06,13,33379,
6465,1465,Testing,Coil Oven,92.94,37.49,1,45428,
6466,1466,Testing,Extruder,94.4,37.02,10,67207,
6467,1467,Testing,Pressure Cutter,98.13,47.16,14,52957,
6468,1468,Testing,Pump,89.9,76.97,4,49675,
6469,1469,Testing,Pump,90.42,55.59,2,28846,
6470,1470,Testing,Pressure Cutter,29.09,41.29,12,40806,
6471,1471,Testing,Gauge Machine,36.21,82.04,9,47387,
6472,1472,Testing,Extruder,55.21,63.35,4,74137,
6473,1473,Testing,Coil Oven,71.45,64.23,8,28375,
6474,1474,Testing,Extruder,95.65,93.57,17,28344,
6475,1475,Testing,Pump,62.66,68.76,3,36068,
6476,1476,Testing,Gauge Machine,88.39,41.84,13,72111,
6477,1477,Testing,Pump,13.68,84.27,8,71365,
6478,1478,Testing,Coil Oven,13.99,68.41,9,65527,
6479,1479,Testing,Gauge Machine,53.08,51.28,2,50760,
6480,1480,Testing,Gauge Machine,21.91,83.42,14,51295,
6481,1481,Testing,Gauge Machine,32.56,79.47,11,77631,
6482,1482,Testing,Gauge Machine,46.22,69.5,8,74484,
6483,1483,Testing,Extruder,78.61,39.82,4,35979,
6484,1484,Testing,Extruder,99.0,38.65,12,28534,
6485,1485,Testing,Extruder,47.59,89.55,4,65303,
6486,1486,Testing,Pressure Cutter,96.71,48.36,17,61914,
6487,1487,Testing,Coil Oven,91.6,49.46,15,30992,
6488,1488,Testing,Pressure Cutter,57.6,94.77,8,59238,
6489,1489,Testing,Gauge Machine,35.7,36.22,9,71661,
6490,1490,Testing,Pressure Cutter,98.79,50.1,13,40500,
6491,1491,Testing,Gauge Machine,88.75,91.05,11,39660,
6492,1492,Testing,Coil Oven,70.73,63.0,5,66632,
6493,1493,Testing,Extruder,35.17,78.79,15,44028,
6494,1494,Testing,Gauge Machine,17.65,65.58,5,42417,
6495,1495,Testing,Pump,74.51,63.14,13,36877,
6496,1496,Testing,Coil Oven,96.85,51.26,7,23437,
6497,1497,Testing,Pump,74.63,62.42,13,35076,
6498,1498,Testing,Coil Oven,80.71,47.63,13,38603,
6499,1499,Testing,Pressure Cutter,57.09,37.82,6,31811,
6500,1500,Testing,Coil Oven,91.81,66.18,2,58956,
6501,1501,Testing,Extruder,6.49,61.36,9,27682,
6502,1502,Testing,Gauge Machine,5.63,60.43,10,70799,
6503,1503,Testing,Coil Oven,5.86,73.2,12,55437,
6504,1504,Testing,Pump,43.01,69.36,14,67186,
6505,1505,Testing,Gauge Machine,89.11,58.02,10,58364,
6506,1506,Testing,Extruder,39.46,45.22,8,53054,
6507,1507,Testing,Pressure Cutter,82.72,89.44,1,62156,
6508,1508,Testing,Extruder,35.62,94.32,2,51867,
6509,1509,Testing,Extruder,28.87,70.85,4,68475,
6510,1510,Testing,Coil Oven,34.59,36.03,2,71717,
6511,1511,Testing,Pressure Cutter,44.5,60.01,11,66949,
6512,1512,Testing,Coil Oven,58.2,91.59,7,28466,
6513,1513,Testing,Pump,40.97,87.69,15,53417,
6514,1514,Testing,Gauge Machine,80.82,72.26,9,77902,
6515,1515,Testing,Gauge Machine,98.34,82.64,3,33660,
6516,1516,Testing,Pressure Cutter,72.14,49.59,2,42360,
6517,1517,Testing,Pressure Cutter,58.81,87.26,8,60548,
6518,1518,Testing,Coil Oven,15.61,55.21,16,49069,
6519,1519,Testing,Gauge Machine,94.29,53.19,4,47481,
6520,1520,Testing,Gauge Machine,13.32,38.61,14,54655,
6521,1521,Testing,Pressure Cutter,9.83,83.83,1,33330,
6522,1522,Testing,Pump,43.0,80.99,8,51266,
6523,1523,Testing,Coil Oven,10.19,85.44,12,63746,
6524,1524,Testing,Pump,79.95,77.73,3,78865,
6525,1525,Testing,Pump,87.79,69.98,3,49656,
6526,1526,Testing,Gauge Machine,75.97,59.55,15,73859,
6527,1527,Testing,Gauge Machine,64.84,69.47,4,34927,
6528,1528,Testing,Pressure Cutter,62.13,50.88,15,49413,
6529,1529,Testing,Extruder,32.6,69.3,3,75625,
6530,1530,Testing,Pump,94.41,54.9,3,74684,
6531,1531,Testing,Gauge Machine,71.66,43.76,11,79727,
6532,1532,Testing,Gauge Machine,63.27,57.54,2,57617,
6533,1533,Testing,Gauge Machine,61.71,76.04,4,26738,
6534,1534,Testing,Coil Oven,43.63,43.0,11,28267,
6535,1535,Testing,Coil Oven,26.3,35.43,12,74253,
6536,1536,Testing,Gauge Machine,51.42,77.82,11,44543,
6537,1537,Testing,Pressure Cutter,70.91,69.39,14,76784,
6538,1538,Testing,Extruder,59.02,74.06,10,42065,
6539,1539,Testing,Extruder,51.46,48.62,1,68217,
6540,1540,Testing,Coil Oven,77.01,49.58,16,39127,
6541,1541,Testing,Coil Oven,56.43,61.72,10,55384,
6542,1542,Testing,Pump,81.49,91.86,7,23783,
6543,1543,Testing,Pressure Cutter,55.65,75.78,2,47349,
6544,1544,Testing,Gauge Machine,37.24,40.09,3,36910,
6545,1545,Testing,Gauge Machine,20.89,39.48,7,54225,
6546,1546,Testing,Pressure Cutter,20.21,84.08,14,26659,
6547,1547,Testing,Pressure Cutter,55.61,40.67,4,67738,
6548,1548,Testing,Pump,22.58,62.88,5,63880,
6549,1549,Testing,Coil Oven,81.67,86.76,16,56793,
6550,1550,Testing,Pump,95.03,64.81,9,53165,
6551,1551,Testing,Gauge Machine,92.22,45.01,17,51761,
6552,1552,Testing,Pressure Cutter,49.25,76.36,10,62833,
6553,1553,Testing,Coil Oven,51.58,72.49,11,24436,
6554,1554,Testing,Pump,96.61,40.73,6,63330,
6555,1555,Testing,Extruder,15.51,79.94,15,68244,
6556,1556,Testing,Coil Oven,6.31,42.31,10,72943,
6557,1557,Testing,Gauge Machine,67.27,64.86,5,61163,
6558,1558,Testing,Coil Oven,23.75,45.66,7,66017,
6559,1559,Testing,Extruder,42.8,55.73,2,47534,
6560,1560,Testing,Pump,29.83,86.63,7,28258,
6561,1561,Testing,Gauge Machine,52.03,72.02,3,42827,
6562,1562,Testing,Pressure Cutter,49.55,81.19,2,77498,
6563,1563,Testing,Pressure Cutter,88.26,38.63,9,57372,
6564,1564,Testing,Pressure Cutter,49.57,63.89,14,66084,
6565,1565,Testing,Gauge Machine,59.45,77.84,7,35975,
6566,1566,Testing,Gauge Machine,68.08,64.55,15,23639,
6567,1567,Testing,Coil Oven,80.96,61.07,7,44332,
6568,1568,Testing,Extruder,35.3,41.38,4,48984,
6569,1569,Testing,Pressure Cutter,30.57,46.42,9,65389,
6570,1570,Testing,Pump,95.68,76.14,7,73410,
6571,1571,Testing,Extruder,69.87,53.92,16,52948,
6572,1572,Testing,Extruder,35.69,59.57,10,29434,
6573,1573,Testing,Coil Oven,33.42,71.29,12,39572,
6574,1574,Testing,Pump,21.99,83.74,3,54871,
6575,1575,Testing,Pressure Cutter,19.52,54.21,16,55290,
6576,1576,Testing,Gauge Machine,77.65,37.19,6,33536,
6577,1577,Testing,Extruder,61.66,94.5,5,66697,
6578,1578,Testing,Pressure Cutter,77.86,71.57,16,72852,
6579,1579,Testing,Coil Oven,11.94,54.23,12,34932,
6580,1580,Testing,Gauge Machine,66.16,53.64,16,37376,
6581,1581,Testing,Pump,36.54,86.82,10,27966,
6582,1582,Testing,Extruder,46.28,62.2,8,35107,
6583,1583,Testing,Gauge Machine,83.1,45.79,3,66854,
6584,1584,Testing,Coil Oven,84.83,67.65,14,43750,
6585,1585,Testing,Extruder,35.82,68.66,12,47638,
6586,1586,Testing,Pressure Cutter,84.68,75.28,14,49074,
6587,1587,Testing,Extruder,28.08,73.23,8,65601,
6588,1588,Testing,Coil Oven,78.87,42.84,14,54188,
6589,1589,Testing,Extruder,80.52,49.4,1,65534,
6590,1590,Testing,Pump,73.96,81.8,14,32038,
6591,1591,Testing,Coil Oven,72.15,86.87,4,50548,
6592,1592,Testing,Gauge Machine,96.97,38.78,5,70146,
6593,1593,Testing,Pressure Cutter,36.34,40.74,4,25685,
6594,1594,Testing,Extruder,81.08,89.01,16,77248,
6595,1595,Testing,Extruder,55.79,70.83,12,31472,
6596,1596,Testing,Extruder,75.47,58.38,8,47318,
6597,1597,Testing,Pressure Cutter,63.94,85.05,7,76177,
6598,1598,Testing,Pressure Cutter,84.32,78.5,15,59131,
6599,1599,Testing,Gauge Machine,69.82,82.6,2,79030,
6600,1600,Testing,Pressure Cutter,57.38,88.94,8,27194,
6601,1601,Testing,Extruder,85.73,79.43,13,55675,
6602,1602,Testing,Pressure Cutter,27.97,71.26,6,63077,
6603,1603,Testing,Gauge Machine,27.12,77.2,4,51415,
6604,1604,Testing,Pressure Cutter,27.32,55.09,1,57046,
6605,1605,Testing,Coil Oven,73.66,39.84,3,51958,
6606,1606,Testing,Coil Oven,80.93,58.34,12,46844,
6607,1607,Testing,Pump,69.1,42.27,2,56067,
6608,1608,Testing,Pressure Cutter,58.77,47.88,15,41041,
6609,1609,Testing,Pressure Cutter,89.86,75.96,12,23266,
6610,1610,Testing,Pump,55.0,87.87,14,46660,
6611,1611,Testing,Gauge Machine,69.88,58.03,13,44121,
6612,1612,Testing,Extruder,64.61,83.44,15,67973,
6613,1613,Testing,Pressure Cutter,88.34,79.87,11,55092,
6614,1614,Testing,Pump,46.0,50.47,15,27269,
6615,1615,Testing,Gauge Machine,17.75,35.56,9,28014,
6616,1616,Testing,Coil Oven,8.07,60.21,9,70626,
6617,1617,Testing,Pump,22.94,59.42,7,26899,
6618,1618,Testing,Coil Oven,10.11,55.16,7,43483,
6619,1619,Testing,Gauge Machine,89.83,78.69,5,56481,
6620,1620,Testing,Pump,58.37,66.71,2,72048,
6621,1621,Testing,Pressure Cutter,68.63,88.24,15,34337,
6622,1622,Testing,Coil Oven,76.6,65.63,3,53813,
6623,1623,Testing,Gauge Machine,67.02,75.23,15,70542,
6624,1624,Testing,Extruder,8.88,43.48,12,63715,
6625,1625,Testing,Pump,35.66,93.75,13,26526,
6626,1626,Testing,Pressure Cutter,41.03,63.87,2,59181,
6627,1627,Testing,Pressure Cutter,50.0,75.02,7,30443,
6628,1628,Testing,Pressure Cutter,71.64,50.68,7,32974,
6629,1629,Testing,Extruder,34.41,65.16,7,24825,
6630,1630,Testing,Gauge Machine,53.95,53.64,7,40441,
6631,1631,Testing,Pressure Cutter,65.94,76.36,5,78280,
6632,1632,Testing,Extruder,52.57,85.58,10,26276,
6633,1633,Testing,Pump,81.26,80.42,14,58733,
6634,1634,Testing,Extruder,47.27,70.83,6,62358,
6635,1635,Testing,Coil Oven,37.05,85.17,4,42640,
6636,1636,Testing,Extruder,93.26,44.76,4,71504,
6637,1637,Testing,Coil Oven,95.24,70.07,6,67399,
6638,1638,Testing,Pump,51.77,50.61,2,48399,
6639,1639,Testing,Extruder,46.74,50.12,12,27838,
6640,1640,Testing,Coil Oven,50.95,64.15,9,75487,
6641,1641,Testing,Pump,56.29,52.15,7,72838,
6642,1642,Testing,Gauge Machine,46.51,41.73,11,33812,
6643,1643,Testing,Coil Oven,82.65,68.53,13,43249,
6644,1644,Testing,Coil Oven,56.0,46.36,9,46193,
6645,1645,Testing,Pressure Cutter,76.73,45.98,3,32935,
6646,1646,Testing,Extruder,39.14,82.07,16,48550,
6647,1647,Testing,Pump,91.12,88.58,3,76127,
6648,1648,Testing,Pump,57.98,76.65,7,67634,
6649,1649,Testing,Coil Oven,85.03,85.02,5,37633,
6650,1650,Testing,Extruder,32.93,39.25,14,63544,
6651,1651,Testing,Pump,61.19,88.14,13,25628,
6652,1652,Testing,Extruder,34.99,39.76,5,41253,
6653,1653,Testing,Pump,41.95,89.45,7,40025,
6654,1654,Testing,Extruder,62.85,48.2,12,31354,
6655,1655,Testing,Pump,45.26,45.22,14,48600,
6656,1656,Testing,Gauge Machine,14.01,56.59,10,56103,
6657,1657,Testing,Pump,46.57,66.39,9,50409,
6658,1658,Testing,Coil Oven,72.83,54.3,13,74583,
6659,1659,Testing,Pressure Cutter,47.32,84.49,14,28624,
6660,1660,Testing,Pressure Cutter,66.24,63.33,15,78057,
6661,1661,Testing,Gauge Machine,50.95,63.21,16,62210,
6662,1662,Testing,Gauge Machine,83.41,57.7,4,36721,
6663,1663,Testing,Pump,25.8,49.32,5,32747,
6664,1664,Testing,Coil Oven,20.11,84.2,2,59993,
6665,1665,Testing,Coil Oven,95.14,43.25,3,67988,
6666,1666,Testing,Coil Oven,36.77,79.48,11,76530,
6667,1667,Testing,Gauge Machine,14.58,88.16,15,62219,
6668,1668,Testing,Gauge Machine,20.99,39.94,9,49380,
6669,1669,Testing,Gauge Machine,29.33,41.0,8,26196,
6670,1670,Testing,Pump,90.17,52.93,4,77375,
6671,1671,Testing,Coil Oven,48.81,73.96,12,47450,
6672,1672,Testing,Extruder,29.57,69.53,3,66957,
6673,1673,Testing,Pump,62.11,65.95,11,23669,
6674,1674,Testing,Pump,83.46,94.72,4,28773,
6675,1675,Testing,Extruder,10.92,94.04,12,74878,
6676,1676,Testing,Pressure Cutter,32.4,63.51,10,41305,
6677,1677,Testing,Coil Oven,62.59,51.56,8,49472,
6678,1678,Testing,Pressure Cutter,56.83,93.23,15,74001,
6679,1679,Testing,Pressure Cutter,85.0,80.3,15,44974,
6680,1680,Testing,Coil Oven,55.29,54.04,7,71343,
6681,1681,Testing,Gauge Machine,73.71,69.19,3,38765,
6682,1682,Testing,Pressure Cutter,52.97,82.42,9,56324,
6683,1683,Testing,Coil Oven,95.14,41.69,11,39051,
6684,1684,Testing,Gauge Machine,77.59,91.76,10,49860,
6685,1685,Testing,Pump,86.95,38.1,7,66621,
6686,1686,Testing,Coil Oven,37.24,41.8,5,64241,
6687,1687,Testing,Pressure Cutter,85.31,76.72,9,74063,
6688,1688,Testing,Extruder,78.63,59.99,9,31186,
6689,1689,Testing,Coil Oven,23.39,39.0,13,77457,
6690,1690,Testing,Gauge Machine,43.32,75.35,11,74843,
6691,1691,Testing,Pump,82.27,68.51,12,29068,
6692,1692,Testing,Pressure Cutter,76.93,38.49,7,66267,
6693,1693,Testing,Gauge Machine,60.41,77.97,6,35060,
6694,1694,Testing,Gauge Machine,46.58,55.7,7,63353,
6695,1695,Testing,Pressure Cutter,38.25,48.53,2,26552,
6696,1696,Testing,Pressure Cutter,11.15,49.63,9,71333,
6697,1697,Testing,Extruder,69.9,86.62,15,63992,
6698,1698,Testing,Pressure Cutter,5.45,45.77,3,66793,
6699,1699,Testing,Pump,39.81,79.55,15,53865,
6700,1700,Testing,Pressure Cutter,99.55,48.04,5,69768,
6701,1701,Testing,Pressure Cutter,63.82,78.48,13,30240,
6702,1702,Testing,Coil Oven,50.43,88.36,7,27667,
6703,1703,Testing,Pressure Cutter,29.8,39.27,15,42872,
6704,1704,Testing,Pressure Cutter,89.28,90.21,7,28238,
6705,1705,Testing,Extruder,47.1,61.32,11,72714,
6706,1706,Testing,Gauge Machine,90.72,79.82,12,29132,
6707,1707,Testing,Pump,53.23,49.83,12,53854,
6708,1708,Testing,Pressure Cutter,77.71,76.54,6,63527,
6709,1709,Testing,Gauge Machine,22.49,73.92,7,78851,
6710,1710,Testing,Coil Oven,52.37,37.54,12,35611,
6711,1711,Testing,Gauge Machine,94.78,84.09,2,73866,
6712,1712,Testing,Pump,52.89,57.84,6,25332,
6713,1713,Testing,Gauge Machine,36.5,41.24,13,64399,
6714,1714,Testing,Extruder,8.22,71.6,4,58732,
6715,1715,Testing,Pressure Cutter,77.67,65.72,15,58493,
6716,1716,Testing,Extruder,94.21,46.86,6,63272,
6717,1717,Testing,Pressure Cutter,31.08,60.3,12,58708,
6718,1718,Testing,Gauge Machine,71.11,37.67,14,25866,
6719,1719,Testing,Pressure Cutter,97.4,94.94,7,38585,
6720,1720,Testing,Pressure Cutter,89.03,86.87,15,68329,
6721,1721,Testing,Coil Oven,26.1,57.18,10,28539,
6722,1722,Testing,Gauge Machine,88.49,84.8,4,41428,
6723,1723,Testing,Pressure Cutter,85.32,38.59,14,75199,
6724,1724,Testing,Coil Oven,26.79,58.53,14,70815,
6725,1725,Testing,Coil Oven,7.1,72.26,4,23199,
6726,1726,Testing,Pump,74.39,49.88,16,69943,
6727,1727,Testing,Pump,20.02,89.26,3,43618,
6728,1728,Testing,Pump,67.33,49.74,14,42204,
6729,1729,Testing,Pressure Cutter,22.93,75.64,8,28850,
6730,1730,Testing,Extruder,12.03,39.01,17,56959,
6731,1731,Testing,Pump,21.93,62.48,7,41272,
6732,1732,Testing,Pump,13.86,69.05,15,40910,
6733,1733,Testing,Coil Oven,40.22,89.39,14,27013,
6734,1734,Testing,Pressure Cutter,79.53,76.49,10,25374,
6735,1735,Testing,Gauge Machine,35.07,83.88,11,48900,
6736,1736,Testing,Pressure Cutter,20.96,51.46,15,26720,
6737,1737,Testing,Coil Oven,23.36,80.83,4,54104,
6738,1738,Testing,Gauge Machine,76.99,93.71,7,62690,
6739,1739,Testing,Coil Oven,26.24,58.19,3,75381,
6740,1740,Testing,Coil Oven,96.93,92.48,3,27740,
6741,1741,Testing,Coil Oven,77.66,63.39,9,35233,
6742,1742,Testing,Coil Oven,89.75,50.91,8,74544,
6743,1743,Testing,Coil Oven,32.27,53.39,2,49217,
6744,1744,Testing,Gauge Machine,52.28,53.42,5,52557,
6745,1745,Testing,Coil Oven,47.11,94.91,16,31072,
6746,1746,Testing,Gauge Machine,31.2,66.49,4,76293,
6747,1747,Testing,Extruder,11.89,93.54,13,24826,
6748,1748,Testing,Pressure Cutter,85.32,74.71,13,65407,
6749,1749,Testing,Pressure Cutter,20.95,93.97,5,39480,
6750,1750,Testing,Coil Oven,15.38,83.17,15,50501,
6751,1751,Testing,Coil Oven,85.72,44.41,14,62236,
6752,1752,Testing,Gauge Machine,43.17,35.8,11,46554,
6753,1753,Testing,Extruder,71.43,83.46,12,76839,
6754,1754,Testing,Pump,90.58,64.02,11,25311,
6755,1755,Testing,Coil Oven,32.1,53.23,5,44890,
6756,1756,Testing,Pressure Cutter,52.56,67.3,8,48653,
6757,1757,Testing,Pump,16.2,77.11,13,73644,
6758,1758,Testing,Pressure Cutter,14.0,67.47,7,30502,
6759,1759,Testing,Pressure Cutter,15.69,59.08,1,51871,
6760,1760,Testing,Extruder,11.09,67.33,10,55678,
6761,1761,Testing,Pressure Cutter,39.06,53.89,3,48251,
6762,1762,Testing,Extruder,87.93,37.77,2,45572,
6763,1763,Testing,Coil Oven,94.29,87.68,5,63806,
6764,1764,Testing,Gauge Machine,16.37,36.06,3,23104,
6765,1765,Testing,Extruder,30.99,35.51,11,61970,
6766,1766,Testing,Pressure Cutter,76.81,51.35,8,69927,
6767,1767,Testing,Extruder,62.68,74.4,16,61508,
6768,1768,Testing,Pressure Cutter,54.82,41.49,15,76447,
6769,1769,Testing,Gauge Machine,81.61,94.5,2,63281,
6770,1770,Testing,Coil Oven,23.06,64.23,4,46132,
6771,1771,Testing,Extruder,93.35,82.67,15,64056,
6772,1772,Testing,Gauge Machine,24.52,57.95,14,57468,
6773,1773,Testing,Coil Oven,73.73,82.31,7,77826,
6774,1774,Testing,Gauge Machine,40.37,68.04,8,36579,
6775,1775,Testing,Pressure Cutter,43.2,53.92,13,64570,
6776,1776,Testing,Pump,52.42,52.38,3,71337,
6777,1777,Testing,Gauge Machine,63.08,40.23,11,62330,
6778,1778,Testing,Gauge Machine,17.64,39.64,13,57830,
6779,1779,Testing,Pump,89.93,50.89,15,25960,
6780,1780,Testing,Coil Oven,37.9,94.7,9,31369,
6781,1781,Testing,Extruder,99.37,54.33,1,38238,
6782,1782,Testing,Coil Oven,62.5,59.71,9,39228,
6783,1783,Testing,Pump,24.67,80.38,2,46497,
6784,1784,Testing,Coil Oven,52.04,58.14,1,34734,
6785,1785,Testing,Gauge Machine,52.61,87.4,16,46793,
6786,1786,Testing,Gauge Machine,68.1,67.54,6,39575,
6787,1787,Testing,Coil Oven,80.87,93.03,11,53260,
6788,1788,Testing,Coil Oven,14.95,50.42,15,51184,
6789,1789,Testing,Gauge Machine,9.24,84.82,13,51366,
6790,1790,Testing,Coil Oven,84.96,44.18,5,34821,
6791,1791,Testing,Coil Oven,75.72,87.22,10,58068,
6792,1792,Testing,Extruder,29.43,81.55,12,62656,
6793,1793,Testing,Pressure Cutter,68.37,93.83,5,37898,
6794,1794,Testing,Gauge Machine,55.43,67.65,8,78533,
6795,1795,Testing,Pressure Cutter,32.11,92.57,3,51196,
6796,1796,Testing,Gauge Machine,68.72,51.77,6,48615,
6797,1797,Testing,Pump,60.02,62.88,5,36574,
6798,1798,Testing,Pressure Cutter,6.88,88.22,3,48492,
6799,1799,Testing,Coil Oven,58.25,80.47,3,45698,
6800,1800,Testing,Pump,73.5,55.96,10,64478,
6801,1801,Testing,Extruder,32.85,52.3,9,73453,
6802,1802,Testing,Gauge Machine,34.63,74.25,10,48330,
6803,1803,Testing,Gauge Machine,39.92,92.14,14,55560,
6804,1804,Testing,Gauge Machine,82.34,41.35,7,76039,
6805,1805,Testing,Pump,95.2,57.99,13,31494,
6806,1806,Testing,Pressure Cutter,86.77,83.19,11,70070,
6807,1807,Testing,Pressure Cutter,61.33,43.08,13,27958,
6808,1808,Testing,Extruder,73.2,91.53,10,74226,
6809,1809,Testing,Gauge Machine,82.2,65.8,15,51649,
6810,1810,Testing,Pressure Cutter,57.88,55.82,11,37900,
6811,1811,Testing,Gauge Machine,31.91,85.31,8,51486,
6812,1812,Testing,Pump,39.15,47.95,8,43128,
6813,1813,Testing,Gauge Machine,35.31,40.07,8,48501,
6814,1814,Testing,Extruder,66.3,81.99,3,69531,
6815,1815,Testing,Coil Oven,70.5,92.45,3,48033,
6816,1816,Testing,Coil Oven,51.62,47.08,10,38696,
6817,1817,Testing,Coil Oven,33.38,92.94,13,79284,
6818,1818,Testing,Pressure Cutter,98.48,81.19,5,27840,
6819,1819,Testing,Pump,54.54,66.66,14,62116,
6820,1820,Testing,Coil Oven,25.47,70.23,8,32275,
6821,1821,Testing,Extruder,70.69,94.91,1,70740,
6822,1822,Testing,Pressure Cutter,97.46,87.03,3,46332,
6823,1823,Testing,Gauge Machine,69.11,78.84,16,65266,
6824,1824,Testing,Pressure Cutter,94.14,93.41,16,40478,
6825,1825,Testing,Pressure Cutter,33.64,50.01,3,69563,
6826,1826,Testing,Extruder,32.19,53.3,13,78106,
6827,1827,Testing,Gauge Machine,37.46,58.09,10,55721,
6828,1828,Testing,Gauge Machine,44.25,35.93,7,58759,
6829,1829,Testing,Pressure Cutter,37.09,41.5,17,46519,
6830,1830,Testing,Pressure Cutter,29.82,79.09,15,33711,
6831,1831,Testing,Pump,46.3,67.03,7,58916,
6832,1832,Testing,Pump,27.23,57.25,17,58529,
6833,1833,Testing,Pump,17.43,84.25,6,70563,
6834,1834,Testing,Coil Oven,81.12,73.26,15,44732,
6835,1835,Testing,Extruder,39.15,70.72,14,37539,
6836,1836,Testing,Pressure Cutter,54.34,86.49,10,53056,
6837,1837,Testing,Gauge Machine,39.88,65.57,10,71422,
6838,1838,Testing,Pressure Cutter,56.71,93.36,2,74446,
6839,1839,Testing,Pump,59.08,62.37,9,64397,
6840,1840,Testing,Coil Oven,25.69,81.84,15,39403,
6841,1841,Testing,Pressure Cutter,69.43,58.79,14,67430,
6842,1842,Testing,Pressure Cutter,71.69,50.67,15,61008,
6843,1843,Testing,Gauge Machine,6.31,76.78,10,64674,
6844,1844,Testing,Pump,46.41,45.89,3,26346,
6845,1845,Testing,Gauge Machine,18.42,43.48,17,27968,
6846,1846,Testing,Coil Oven,21.99,86.41,16,42916,
6847,1847,Testing,Gauge Machine,62.05,40.18,2,41018,
6848,1848,Testing,Pump,14.87,73.76,12,62126,
6849,1849,Testing,Gauge Machine,47.41,91.22,16,79931,
6850,1850,Testing,Extruder,81.47,50.93,6,62978,
6851,1851,Testing,Gauge Machine,89.82,91.26,12,34467,
6852,1852,Testing,Coil Oven,61.9,78.44,9,57144,
6853,1853,Testing,Pressure Cutter,29.52,70.74,12,50323,
6854,1854,Testing,Pump,42.57,44.06,16,55805,
6855,1855,Testing,Coil Oven,24.18,63.42,15,73232,
6856,1856,Testing,Coil Oven,61.84,73.23,13,60602,
6857,1857,Testing,Extruder,84.27,71.83,9,37552,
6858,1858,Testing,Extruder,96.15,45.92,4,31455,
6859,1859,Testing,Pump,58.05,93.7,14,39752,
6860,1860,Testing,Gauge Machine,75.33,59.23,12,38113,
6861,1861,Testing,Extruder,9.64,86.07,1,46844,
6862,1862,Testing,Extruder,99.52,44.93,2,24028,
6863,1863,Testing,Gauge Machine,92.74,93.62,6,47748,
6864,1864,Testing,Gauge Machine,56.68,35.34,7,73520,
6865,1865,Testing,Gauge Machine,38.34,38.37,12,75281,
6866,1866,Testing,Pressure Cutter,55.78,45.2,16,53731,
6867,1867,Testing,Pressure Cutter,30.3,92.09,2,35247,
6868,1868,Testing,Coil Oven,71.21,92.32,4,34477,
6869,1869,Testing,Coil Oven,70.28,45.04,15,30168,
6870,1870,Testing,Coil Oven,19.54,79.04,7,24071,
6871,1871,Testing,Gauge Machine,80.98,42.93,11,60338,
6872,1872,Testing,Pump,54.01,63.73,2,47871,
6873,1873,Testing,Pressure Cutter,49.15,72.55,12,79928,
6874,1874,Testing,Pump,30.87,79.4,13,49860,
6875,1875,Testing,Extruder,54.21,52.49,15,57708,
6876,1876,Testing,Extruder,11.89,71.98,2,57449,
6877,1877,Testing,Pressure Cutter,39.75,87.79,7,53660,
6878,1878,Testing,Pump,19.37,38.51,14,37607,
6879,1879,Testing,Pump,74.43,42.97,15,68814,
6880,1880,Testing,Pressure Cutter,36.34,58.71,10,27243,
6881,1881,Testing,Pump,90.53,41.59,14,27633,
6882,1882,Testing,Extruder,90.18,53.08,10,58770,
6883,1883,Testing,Extruder,64.16,88.35,8,52248,
6884,1884,Testing,Pressure Cutter,60.21,65.12,5,58645,
6885,1885,Testing,Gauge Machine,68.02,60.93,14,48933,
6886,1886,Testing,Pump,73.8,55.86,2,37091,
6887,1887,Testing,Gauge Machine,61.33,56.86,16,56747,
6888,1888,Testing,Pressure Cutter,11.32,85.44,8,60892,
6889,1889,Testing,Gauge Machine,60.8,87.11,15,43052,
6890,1890,Testing,Gauge Machine,41.62,66.58,7,63937,
6891,1891,Testing,Gauge Machine,7.8,46.35,10,37225,
6892,1892,Testing,Pressure Cutter,95.28,85.16,13,62717,
6893,1893,Testing,Extruder,40.07,78.13,4,63542,
6894,1894,Testing,Extruder,98.72,65.04,13,25764,
6895,1895,Testing,Pump,43.49,53.03,5,62913,
6896,1896,Testing,Gauge Machine,92.5,63.49,13,23002,
6897,1897,Testing,Gauge Machine,61.78,49.68,8,38201,
6898,1898,Testing,Pump,48.87,50.59,7,59117,
6899,1899,Testing,Coil Oven,59.01,47.82,14,63452,
6900,1900,Testing,Gauge Machine,8.66,84.29,3,26379,
6901,1901,Testing,Extruder,67.78,93.67,3,42603,
6902,1902,Testing,Coil Oven,46.7,37.25,2,41944,
6903,1903,Testing,Pressure Cutter,57.13,52.86,10,35912,
6904,1904,Testing,Gauge Machine,39.89,64.04,3,31331,
6905,1905,Testing,Gauge Machine,77.59,83.28,11,49227,
6906,1906,Testing,Extruder,19.55,50.22,14,49126,
6907,1907,Testing,Coil Oven,77.75,67.41,13,64225,
6908,1908,Testing,Gauge Machine,75.96,73.54,17,69039,
6909,1909,Testing,Pressure Cutter,99.93,46.69,11,30716,
6910,1910,Testing,Pressure Cutter,94.8,47.68,16,57910,
6911,1911,Testing,Extruder,58.65,38.84,9,41226,
6912,1912,Testing,Coil Oven,45.5,62.64,5,55245,
6913,1913,Testing,Pump,40.11,74.28,3,64135,
6914,1914,Testing,Pump,72.03,82.03,1,47555,
6915,1915,Testing,Pump,71.34,94.58,15,78858,
6916,1916,Testing,Coil Oven,65.22,62.85,11,49181,
6917,1917,Testing,Pump,13.87,67.9,5,60559,
6918,1918,Testing,Gauge Machine,70.17,84.92,2,70530,
6919,1919,Testing,Pump,55.53,38.72,12,28773,
6920,1920,Testing,Extruder,61.26,81.54,7,48699,
6921,1921,Testing,Coil Oven,30.66,69.46,12,76671,
6922,1922,Testing,Gauge Machine,85.0,71.44,7,59308,
6923,1923,Testing,Pressure Cutter,39.17,78.43,9,24336,
6924,1924,Testing,Pump,10.97,41.42,2,62696,
6925,1925,Testing,Pressure Cutter,55.56,57.08,5,73182,
6926,1926,Testing,Coil Oven,24.61,75.52,12,57674,
6927,1927,Testing,Pump,61.57,63.59,10,73316,
6928,1928,Testing,Pressure Cutter,62.79,42.78,8,39069,
6929,1929,Testing,Coil Oven,13.3,57.94,8,54819,
6930,1930,Testing,Pressure Cutter,72.42,85.14,10,43199,
6931,1931,Testing,Pump,73.36,46.65,1,41284,
6932,1932,Testing,Pump,49.98,71.56,10,53171,
6933,1933,Testing,Gauge Machine,6.81,56.43,17,45881,
6934,1934,Testing,Extruder,49.89,36.77,16,23893,
6935,1935,Testing,Pump,38.0,65.33,15,47707,
6936,1936,Testing,Pressure Cutter,53.0,57.77,14,76222,
6937,1937,Testing,Pressure Cutter,23.9,63.01,3,52270,
6938,1938,Testing,Coil Oven,90.98,86.91,9,27983,
6939,1939,Testing,Pump,10.92,84.11,11,39726,
6940,1940,Testing,Pressure Cutter,22.02,82.91,2,47985,
6941,1941,Testing,Coil Oven,12.51,76.41,4,71588,
6942,1942,Testing,Pump,78.48,91.49,5,74770,
6943,1943,Testing,Extruder,60.99,60.11,11,66866,
6944,1944,Testing,Extruder,56.88,58.67,8,78073,
6945,1945,Testing,Pressure Cutter,85.38,50.42,1,62103,
6946,1946,Testing,Coil Oven,35.07,83.38,4,43956,
6947,1947,Testing,Gauge Machine,81.25,58.54,4,50592,
6948,1948,Testing,Coil Oven,38.15,87.85,12,53230,
6949,1949,Testing,Gauge Machine,46.97,46.42,3,58843,
6950,1950,Testing,Coil Oven,14.9,59.42,11,56325,
6951,1951,Testing,Pressure Cutter,73.78,46.54,4,25571,
6952,1952,Testing,Gauge Machine,24.44,66.52,16,65447,
6953,1953,Testing,Gauge Machine,93.6,86.38,8,33603,
6954,1954,Testing,Extruder,97.17,73.23,13,35829,
6955,1955,Testing,Pressure Cutter,84.2,72.61,11,78410,
6956,1956,Testing,Pump,53.01,55.68,4,76278,
6957,1957,Testing,Pump,25.09,55.76,2,75672,
6958,1958,Testing,Gauge Machine,42.63,50.35,7,54183,
6959,1959,Testing,Coil Oven,20.0,73.92,11,40442,
6960,1960,Testing,Pump,71.3,62.97,13,61402,
6961,1961,Testing,Extruder,99.26,48.82,16,64477,
6962,1962,Testing,Extruder,44.21,41.96,11,75008,
6963,1963,Testing,Pump,41.53,61.62,7,53860,
6964,1964,Testing,Coil Oven,67.13,66.73,17,39138,
6965,1965,Testing,Pressure Cutter,20.33,71.9,4,61005,
6966,1966,Testing,Gauge Machine,91.4,38.98,9,62709,
6967,1967,Testing,Pressure Cutter,8.07,39.42,16,42553,
6968,1968,Testing,Coil Oven,41.15,45.27,12,72284,
6969,1969,Testing,Extruder,71.52,57.36,5,50431,
6970,1970,Testing,Pressure Cutter,57.87,65.17,5,46519,
6971,1971,Testing,Coil Oven,7.94,51.56,11,28174,
6972,1972,Testing,Gauge Machine,94.0,45.96,12,30700,
6973,1973,Testing,Pressure Cutter,52.21,69.88,12,45888,
6974,1974,Testing,Coil Oven,41.96,54.0,9,57696,
6975,1975,Testing,Gauge Machine,28.83,94.1,10,45714,
6976,1976,Testing,Coil Oven,97.1,82.24,11,35565,
6977,1977,Testing,Extruder,96.21,92.81,15,29983,
6978,1978,Testing,Gauge Machine,16.55,74.32,15,33227,
6979,1979,Testing,Pressure Cutter,86.39,45.06,13,77805,
6980,1980,Testing,Coil Oven,53.33,75.8,11,55560,
6981,1981,Testing,Pressure Cutter,20.4,85.12,8,73939,
6982,1982,Testing,Coil Oven,75.75,81.14,8,45980,
6983,1983,Testing,Pressure Cutter,30.16,80.75,17,70742,
6984,1984,Testing,Coil Oven,22.35,67.35,10,67380,
6985,1985,Testing,Gauge Machine,67.04,65.06,3,71208,
6986,1986,Testing,Gauge Machine,75.4,83.68,17,29160,
6987,1987,Testing,Extruder,70.39,78.34,8,27529,
6988,1988,Testing,Pump,5.56,37.31,15,65439,
6989,1989,Testing,Coil Oven,6.47,74.13,11,32580,
6990,1990,Testing,Extruder,60.69,49.44,13,55388,
6991,1991,Testing,Extruder,25.92,50.57,14,48832,
6992,1992,Testing,Extruder,56.45,53.78,5,56493,
6993,1993,Testing,Coil Oven,28.82,45.36,4,59989,
6994,1994,Testing,Gauge Machine,68.03,90.49,17,28553,
6995,1995,Testing,Gauge Machine,50.15,75.69,17,63216,
6996,1996,Testing,Gauge Machine,36.85,52.63,12,32552,
6997,1997,Testing,Gauge Machine,67.8,52.31,13,39347,
6998,1998,Testing,Pump,59.15,37.22,13,47352,
6999,1999,Testing,Pressure Cutter,43.66,82.68,2,57551,
7000,2000,Testing,Pump,78.58,66.64,17,63279,
7001,2001,Testing,Coil Oven,93.61,93.82,15,64007,
7002,2002,Testing,Pressure Cutter,9.97,35.71,10,62160,
7003,2003,Testing,Pump,35.1,47.27,17,59824,
7004,2004,Testing,Coil Oven,55.29,37.7,1,26346,
7005,2005,Testing,Coil Oven,75.75,92.3,14,76529,
7006,2006,Testing,Extruder,9.92,47.65,13,61786,
7007,2007,Testing,Pump,99.97,38.53,12,70990,
7008,2008,Testing,Pressure Cutter,24.93,35.85,2,76596,
7009,2009,Testing,Gauge Machine,69.83,80.17,15,48620,
7010,2010,Testing,Coil Oven,11.53,49.82,16,36020,
7011,2011,Testing,Extruder,88.45,85.25,7,53986,
7012,2012,Testing,Extruder,75.53,60.6,7,60525,
7013,2013,Testing,Extruder,83.26,72.5,13,53279,
7014,2014,Testing,Gauge Machine,20.45,60.01,2,63593,
7015,2015,Testing,Pump,94.81,71.92,16,25441,
7016,2016,Testing,Coil Oven,98.84,54.27,2,58898,
7017,2017,Testing,Extruder,29.42,94.49,10,43132,
7018,2018,Testing,Gauge Machine,37.78,43.68,13,78669,
7019,2019,Testing,Pump,41.17,72.31,5,68644,
7020,2020,Testing,Pressure Cutter,49.65,82.76,3,37295,
7021,2021,Testing,Gauge Machine,66.72,59.67,3,45679,
7022,2022,Testing,Pressure Cutter,90.65,88.36,4,71238,
7023,2023,Testing,Coil Oven,90.28,54.32,2,63448,
7024,2024,Testing,Pressure Cutter,81.67,73.2,15,24754,
7025,2025,Testing,Pump,39.73,88.86,3,37209,
7026,2026,Testing,Pump,82.88,94.22,6,44715,
7027,2027,Testing,Pressure Cutter,83.87,62.62,1,50460,
7028,2028,Testing,Pump,28.22,92.08,2,60987,
7029,2029,Testing,Gauge Machine,55.61,44.92,15,63120,
7030,2030,Testing,Pressure Cutter,94.61,92.72,2,73512,
7031,2031,Testing,Pump,61.84,89.48,9,56109,
7032,2032,Testing,Gauge Machine,26.26,42.28,13,77728,
7033,2033,Testing,Extruder,57.71,40.56,10,76718,
7034,2034,Testing,Pressure Cutter,32.44,78.44,17,45997,
7035,2035,Testing,Gauge Machine,66.27,74.0,7,64620,
7036,2036,Testing,Pressure Cutter,26.6,71.78,7,34799,
7037,2037,Testing,Pump,78.6,85.07,3,49929,
7038,2038,Testing,Pressure Cutter,10.01,89.82,16,54581,
7039,2039,Testing,Coil Oven,72.48,88.26,15,43471,
7040,2040,Testing,Pressure Cutter,27.51,39.94,3,66640,
7041,2041,Testing,Pump,57.66,66.78,7,42901,
7042,2042,Testing,Coil Oven,38.27,64.5,12,56794,
7043,2043,Testing,Pump,58.07,93.67,5,34695,
7044,2044,Testing,Extruder,11.91,39.25,2,50796,
7045,2045,Testing,Coil Oven,18.26,56.69,1,40924,
7046,2046,Testing,Extruder,9.45,35.68,2,64041,
7047,2047,Testing,Pump,8.9,49.93,4,52933,
7048,2048,Testing,Extruder,31.97,92.18,2,72852,
7049,2049,Testing,Pressure Cutter,19.66,83.33,7,67387,
7050,2050,Testing,Gauge Machine,8.23,71.8,4,28908,
7051,2051,Testing,Coil Oven,63.86,81.59,16,78126,
7052,2052,Testing,Pressure Cutter,76.82,45.21,1,43883,
7053,2053,Testing,Coil Oven,29.12,50.48,16,57151,
7054,2054,Testing,Pump,52.74,75.87,9,31766,
7055,2055,Testing,Pressure Cutter,47.71,56.66,3,56650,
7056,2056,Testing,Pump,71.89,36.56,16,46637,
7057,2057,Testing,Extruder,8.43,42.45,2,23347,
7058,2058,Testing,Extruder,68.86,65.19,5,33501,
7059,2059,Testing,Gauge Machine,62.61,39.11,11,31709,
7060,2060,Testing,Extruder,42.58,87.58,8,34215,
7061,2061,Testing,Gauge Machine,58.87,87.21,6,33316,
7062,2062,Testing,Gauge Machine,8.73,73.43,12,41070,
7063,2063,Testing,Pump,66.92,51.7,10,24623,
7064,2064,Testing,Pump,40.82,58.02,11,73211,
7065,2065,Testing,Coil Oven,20.53,49.42,10,37769,
7066,2066,Testing,Coil Oven,96.75,66.14,6,67823,
7067,2067,Testing,Pump,67.35,41.27,16,25669,
7068,2068,Testing,Gauge Machine,86.02,91.1,10,30029,
7069,2069,Testing,Coil Oven,52.21,70.69,8,36996,
7070,2070,Testing,Pressure Cutter,69.95,89.44,14,25238,
7071,2071,Testing,Pump,5.32,52.54,9,73111,
7072,2072,Testing,Coil Oven,89.38,59.91,9,43507,
7073,2073,Testing,Gauge Machine,39.91,66.26,12,68296,
7074,2074,Testing,Pressure Cutter,20.02,60.0,17,35475,
7075,2075,Testing,Gauge Machine,64.5,91.43,3,38863,
7076,2076,Testing,Pump,71.54,74.13,10,51222,
7077,2077,Testing,Extruder,59.42,38.87,14,40976,
7078,2078,Testing,Coil Oven,34.57,75.26,13,63257,
7079,2079,Testing,Coil Oven,96.84,76.83,6,42190,
7080,2080,Testing,Pump,76.06,86.75,4,65143,
7081,2081,Testing,Pressure Cutter,77.38,92.57,14,47821,
7082,2082,Testing,Gauge Machine,7.3,71.43,8,52412,
7083,2083,Testing,Gauge Machine,44.87,88.39,6,30817,
7084,2084,Testing,Coil Oven,34.53,54.82,15,46395,
7085,2085,Testing,Coil Oven,33.74,62.05,6,35600,
7086,2086,Testing,Extruder,13.65,51.9,14,37217,
7087,2087,Testing,Pressure Cutter,41.0,94.92,16,25813,
7088,2088,Testing,Coil Oven,23.6,37.29,1,78904,
7089,2089,Testing,Extruder,41.77,75.17,10,28548,
7090,2090,Testing,Pump,32.02,55.83,15,34170,
7091,2091,Testing,Gauge Machine,25.93,81.86,16,78704,
7092,2092,Testing,Pressure Cutter,67.77,35.58,7,44292,
7093,2093,Testing,Coil Oven,86.89,54.25,6,41944,
7094,2094,Testing,Extruder,29.02,85.41,15,53682,
7095,2095,Testing,Gauge Machine,8.0,86.12,5,58830,
7096,2096,Testing,Pump,5.27,48.61,9,49995,
7097,2097,Testing,Pressure Cutter,83.26,49.97,16,45369,
7098,2098,Testing,Coil Oven,89.17,49.02,12,38214,
7099,2099,Testing,Pressure Cutter,26.59,68.36,8,29934,
7100,2100,Testing,Pump,82.41,67.76,11,37908,
7101,2101,Testing,Coil Oven,54.54,41.72,3,77088,
7102,2102,Testing,Coil Oven,75.41,86.42,2,64605,
7103,2103,Testing,Pressure Cutter,53.13,35.64,10,57545,
7104,2104,Testing,Pump,76.55,46.72,6,76931,
7105,2105,Testing,Pump,38.61,94.33,5,25285,
7106,2106,Testing,Pressure Cutter,11.4,56.21,5,35355,
7107,2107,Testing,Gauge Machine,44.24,93.8,10,38418,
7108,2108,Testing,Pump,55.67,54.8,12,40783,
7109,2109,Testing,Pump,86.8,51.23,11,78571,
7110,2110,Testing,Pump,51.97,80.21,16,38801,
7111,2111,Testing,Pressure Cutter,84.35,56.28,13,35654,
7112,2112,Testing,Extruder,56.83,36.85,7,63112,
7113,2113,Testing,Coil Oven,53.46,93.75,13,66319,
7114,2114,Testing,Coil Oven,56.84,54.04,8,55685,
7115,2115,Testing,Coil Oven,98.11,88.82,3,58855,
7116,2116,Testing,Pump,96.53,84.32,5,62475,
7117,2117,Testing,Pressure Cutter,73.13,56.66,7,55438,
7118,2118,Testing,Pressure Cutter,51.39,76.36,9,53259,
7119,2119,Testing,Pressure Cutter,25.24,85.62,4,70572,
7120,2120,Testing,Pump,36.47,69.31,5,35147,
7121,2121,Testing,Pressure Cutter,86.23,50.15,14,67116,
7122,2122,Testing,Pressure Cutter,54.67,56.21,9,42236,
7123,2123,Testing,Gauge Machine,26.06,61.6,4,57564,
7124,2124,Testing,Extruder,54.39,55.26,7,48530,
7125,2125,Testing,Extruder,7.43,51.17,8,76719,
7126,2126,Testing,Pressure Cutter,35.46,67.77,4,62077,
7127,2127,Testing,Pressure Cutter,93.53,81.69,8,48266,
7128,2128,Testing,Pressure Cutter,43.2,50.81,5,71490,
7129,2129,Testing,Gauge Machine,91.57,76.95,14,25770,
7130,2130,Testing,Gauge Machine,38.92,82.85,2,42785,
7131,2131,Testing,Pressure Cutter,42.77,54.32,2,67687,
7132,2132,Testing,Pressure Cutter,35.58,55.6,12,52613,
7133,2133,Testing,Pump,27.7,54.6,5,33194,
7134,2134,Testing,Coil Oven,14.84,44.75,5,47355,
7135,2135,Testing,Gauge Machine,53.13,51.21,10,55590,
7136,2136,Testing,Pump,50.18,72.98,4,61578,
7137,2137,Testing,Extruder,7.41,50.51,17,41068,
7138,2138,Testing,Gauge Machine,12.22,43.42,2,34168,
7139,2139,Testing,Pump,96.38,77.72,12,74463,
7140,2140,Testing,Extruder,6.34,57.36,6,30621,
7141,2141,Testing,Pressure Cutter,40.89,89.98,13,42559,
7142,2142,Testing,Gauge Machine,93.45,46.71,16,42820,
7143,2143,Testing,Pressure Cutter,43.67,52.36,1,61791,
7144,2144,Testing,Extruder,61.18,37.35,15,60659,
7145,2145,Testing,Pump,10.09,59.36,3,64497,
7146,2146,Testing,Gauge Machine,72.26,76.55,13,23708,
7147,2147,Testing,Pump,74.21,41.95,3,77060,
7148,2148,Testing,Gauge Machine,60.06,85.17,12,73245,
7149,2149,Testing,Pressure Cutter,13.03,91.03,4,30995,
7150,2150,Testing,Pressure Cutter,24.75,60.48,16,26382,
7151,2151,Testing,Extruder,34.98,52.77,10,66379,
7152,2152,Testing,Pressure Cutter,77.14,69.61,14,35808,
7153,2153,Testing,Pump,8.9,58.97,14,32403,
7154,2154,Testing,Extruder,64.62,40.37,8,78742,
7155,2155,Testing,Pump,31.16,47.05,16,27158,
7156,2156,Testing,Pump,19.67,56.68,8,38467,
7157,2157,Testing,Coil Oven,55.34,78.69,4,41306,
7158,2158,Testing,Pressure Cutter,99.03,83.07,4,47389,
7159,2159,Testing,Pressure Cutter,26.47,69.41,2,42682,
7160,2160,Testing,Coil Oven,37.5,93.72,2,28128,
7161,2161,Testing,Coil Oven,27.78,40.56,17,48474,
7162,2162,Testing,Extruder,6.79,76.73,12,34995,
7163,2163,Testing,Pressure Cutter,71.12,94.41,9,24249,
7164,2164,Testing,Extruder,66.52,75.33,6,42430,
7165,2165,Testing,Extruder,28.08,46.85,3,77129,
7166,2166,Testing,Extruder,86.82,85.75,10,73606,
7167,2167,Testing,Coil Oven,36.14,56.86,13,75451,
7168,2168,Testing,Pump,47.79,60.38,16,29299,
7169,2169,Testing,Pressure Cutter,7.67,56.46,7,33305,
7170,2170,Testing,Pressure Cutter,71.69,91.91,8,71756,
7171,2171,Testing,Extruder,41.73,53.12,5,36400,
7172,2172,Testing,Coil Oven,9.98,40.25,7,55785,
7173,2173,Testing,Pump,86.76,78.02,9,37672,
7174,2174,Testing,Coil Oven,19.86,84.76,12,64405,
7175,2175,Testing,Pressure Cutter,83.84,57.28,9,34839,
7176,2176,Testing,Gauge Machine,58.54,35.02,8,40094,
7177,2177,Testing,Extruder,97.12,70.13,8,46403,
7178,2178,Testing,Pump,77.98,60.69,1,44087,
7179,2179,Testing,Gauge Machine,64.6,46.28,7,76387,
7180,2180,Testing,Coil Oven,77.66,60.34,7,73584,
7181,2181,Testing,Gauge Machine,7.7,42.14,12,34999,
7182,2182,Testing,Coil Oven,84.12,85.51,3,42933,
7183,2183,Testing,Pressure Cutter,9.65,85.35,16,72430,
7184,2184,Testing,Coil Oven,13.73,67.0,14,75032,
7185,2185,Testing,Extruder,57.36,84.54,14,34035,
7186,2186,Testing,Coil Oven,79.6,89.4,2,68581,
7187,2187,Testing,Gauge Machine,59.2,44.21,6,70087,
7188,2188,Testing,Coil Oven,64.88,79.35,7,56151,
7189,2189,Testing,Gauge Machine,66.97,63.1,5,72520,
7190,2190,Testing,Coil Oven,53.25,42.75,15,56810,
7191,2191,Testing,Pump,72.53,88.77,4,38098,
7192,2192,Testing,Pump,25.69,41.48,11,75713,
7193,2193,Testing,Pump,71.32,79.34,6,39520,
7194,2194,Testing,Gauge Machine,26.81,60.02,3,50382,
7195,2195,Testing,Gauge Machine,7.11,50.17,10,54331,
7196,2196,Testing,Pump,64.71,39.24,16,65167,
7197,2197,Testing,Coil Oven,52.15,37.45,6,59736,
7198,2198,Testing,Gauge Machine,88.42,90.06,15,23029,
7199,2199,Testing,Coil Oven,65.35,93.19,7,49264,
7200,2200,Testing,Pressure Cutter,76.1,44.22,4,65109,
7201,2201,Testing,Pressure Cutter,23.94,94.52,6,26813,
7202,2202,Testing,Extruder,28.04,66.67,15,48229,
7203,2203,Testing,Extruder,51.7,61.33,14,79701,
7204,2204,Testing,Pressure Cutter,37.35,53.91,6,42975,
7205,2205,Testing,Pressure Cutter,87.33,91.6,7,40475,
7206,2206,Testing,Coil Oven,33.88,60.55,6,70424,
7207,2207,Testing,Pressure Cutter,18.43,56.76,8,63329,
7208,2208,Testing,Pump,41.45,64.3,17,42520,
7209,2209,Testing,Pressure Cutter,50.63,50.36,11,36693,
7210,2210,Testing,Gauge Machine,97.0,35.2,5,63584,
7211,2211,Testing,Pressure Cutter,81.59,66.82,17,72025,
7212,2212,Testing,Coil Oven,96.92,45.71,16,42007,
7213,2213,Testing,Extruder,71.94,41.58,7,70710,
7214,2214,Testing,Coil Oven,57.01,86.5,7,46946,
7215,2215,Testing,Coil Oven,48.89,90.1,4,55049,
7216,2216,Testing,Pressure Cutter,96.8,93.41,5,73479,
7217,2217,Testing,Extruder,97.54,65.91,17,25142,
7218,2218,Testing,Extruder,54.53,75.59,10,60962,
7219,2219,Testing,Coil Oven,19.11,93.69,5,74513,
7220,2220,Testing,Extruder,37.89,47.63,12,77083,
7221,2221,Testing,Extruder,99.15,47.69,5,58671,
7222,2222,Testing,Gauge Machine,93.22,94.29,2,41000,
7223,2223,Testing,Pump,72.93,84.37,9,55004,
7224,2224,Testing,Pump,92.73,51.2,4,25686,
7225,2225,Testing,Gauge Machine,68.02,91.14,13,30677,
7226,2226,Testing,Pressure Cutter,62.59,62.22,4,35146,
7227,2227,Testing,Coil Oven,9.01,36.48,4,31040,
7228,2228,Testing,Gauge Machine,21.69,79.91,16,73734,
7229,2229,Testing,Extruder,13.2,44.64,7,26760,
7230,2230,Testing,Coil Oven,36.26,83.97,9,37729,
7231,2231,Testing,Pump,98.33,66.43,9,36295,
7232,2232,Testing,Coil Oven,41.09,74.43,1,40933,
7233,2233,Testing,Pump,85.99,53.17,16,75753,
7234,2234,Testing,Extruder,77.06,52.66,2,69713,
7235,2235,Testing,Coil Oven,31.52,50.4,12,46047,
7236,2236,Testing,Coil Oven,24.72,66.51,14,32866,
7237,2237,Testing,Coil Oven,49.04,90.45,14,34853,
7238,2238,Testing,Extruder,87.77,68.49,12,57667,
7239,2239,Testing,Gauge Machine,94.66,40.3,17,43714,
7240,2240,Testing,Pump,40.65,79.06,3,61878,
7241,2241,Testing,Coil Oven,77.27,74.98,3,78358,
7242,2242,Testing,Pressure Cutter,87.63,66.72,10,44516,
7243,2243,Testing,Gauge Machine,75.75,63.3,3,57208,
7244,2244,Testing,Pressure Cutter,23.11,85.29,9,64589,
7245,2245,Testing,Coil Oven,6.72,56.07,15,56462,
7246,2246,Testing,Extruder,84.7,74.17,5,69109,
7247,2247,Testing,Pressure Cutter,8.23,57.1,13,44733,
7248,2248,Testing,Gauge Machine,35.3,63.75,8,51417,
7249,2249,Testing,Coil Oven,74.0,61.59,12,59844,
7250,2250,Testing,Gauge Machine,20.07,89.46,4,53325,
7251,2251,Testing,Gauge Machine,67.93,55.15,4,70369,
7252,2252,Testing,Pump,67.53,88.06,5,61470,
7253,2253,Testing,Extruder,29.42,37.72,5,75964,
7254,2254,Testing,Coil Oven,96.85,88.58,3,33370,
7255,2255,Testing,Extruder,39.92,36.11,5,52258,
7256,2256,Testing,Pump,25.48,59.5,6,77771,
7257,2257,Testing,Extruder,45.19,77.79,11,75732,
7258,2258,Testing,Coil Oven,93.73,82.94,11,60731,
7259,2259,Testing,Coil Oven,57.6,48.54,14,63702,
7260,2260,Testing,Extruder,9.08,80.51,4,74312,
7261,2261,Testing,Gauge Machine,95.29,88.47,7,38331,
7262,2262,Testing,Coil Oven,79.75,57.9,4,57967,
7263,2263,Testing,Pump,89.8,94.13,14,29739,
7264,2264,Testing,Pump,28.11,52.23,2,65659,
7265,2265,Testing,Pressure Cutter,61.43,38.76,11,43699,
7266,2266,Testing,Extruder,44.77,82.66,15,30134,
7267,2267,Testing,Pump,12.33,53.85,9,76190,
7268,2268,Testing,Pressure Cutter,7.65,40.94,7,40516,
7269,2269,Testing,Coil Oven,30.52,77.46,12,35582,
7270,2270,Testing,Coil Oven,92.23,50.7,5,31943,
7271,2271,Testing,Coil Oven,75.74,41.43,12,50056,
7272,2272,Testing,Pump,17.0,38.69,6,59479,
7273,2273,Testing,Gauge Machine,6.97,49.77,12,52293,
7274,2274,Testing,Extruder,72.81,84.77,2,42185,
7275,2275,Testing,Coil Oven,19.59,94.74,13,40364,
7276,2276,Testing,Gauge Machine,64.54,85.41,7,47335,
7277,2277,Testing,Coil Oven,84.42,50.16,10,77712,
7278,2278,Testing,Gauge Machine,65.26,63.85,14,30114,
7279,2279,Testing,Pump,26.56,56.87,3,46410,
7280,2280,Testing,Pump,18.26,58.71,4,27883,
7281,2281,Testing,Pressure Cutter,91.79,77.99,2,78315,
7282,2282,Testing,Gauge Machine,81.73,90.88,16,43173,
7283,2283,Testing,Coil Oven,5.87,93.86,7,29895,
7284,2284,Testing,Pump,74.68,48.46,4,74936,
7285,2285,Testing,Gauge Machine,6.11,91.9,15,78592,
7286,2286,Testing,Extruder,37.82,66.36,14,76350,
7287,2287,Testing,Pressure Cutter,71.68,59.27,7,37693,
7288,2288,Testing,Pressure Cutter,95.76,89.96,13,27253,
7289,2289,Testing,Pump,57.39,58.76,9,56425,
7290,2290,Testing,Extruder,69.5,86.65,11,37279,
7291,2291,Testing,Extruder,99.82,44.21,10,75630,
7292,2292,Testing,Coil Oven,79.55,80.3,14,25752,
7293,2293,Testing,Extruder,41.56,77.74,12,52709,
7294,2294,Testing,Coil Oven,57.7,45.7,5,57766,
7295,2295,Testing,Pressure Cutter,88.08,39.62,14,64462,
7296,2296,Testing,Coil Oven,77.46,85.24,11,77875,
7297,2297,Testing,Coil Oven,14.2,63.56,5,37813,
7298,2298,Testing,Extruder,8.95,45.64,1,24714,
7299,2299,Testing,Pressure Cutter,6.19,73.95,9,50964,
7300,2300,Testing,Pump,26.02,69.9,13,34439,
7301,2301,Testing,Pressure Cutter,90.06,44.38,4,65324,
7302,2302,Testing,Extruder,93.25,37.56,14,41006,
7303,2303,Testing,Extruder,19.98,70.43,5,27949,
7304,2304,Testing,Pump,12.72,66.8,3,36408,
7305,2305,Testing,Pump,35.61,94.84,11,58979,
7306,2306,Testing,Pressure Cutter,41.88,57.99,15,40401,
7307,2307,Testing,Extruder,45.18,77.06,5,24816,
7308,2308,Testing,Extruder,84.53,38.55,3,57173,
7309,2309,Testing,Gauge Machine,59.65,74.27,10,46695,
7310,2310,Testing,Pump,34.52,74.67,9,29566,
7311,2311,Testing,Pressure Cutter,14.44,60.09,2,47405,
7312,2312,Testing,Pressure Cutter,73.25,61.82,11,75062,
7313,2313,Testing,Extruder,62.98,61.05,5,78924,
7314,2314,Testing,Extruder,18.24,45.18,16,66963,
7315,2315,Testing,Gauge Machine,10.28,54.7,3,60421,
7316,2316,Testing,Coil Oven,12.17,93.63,11,37820,
7317,2317,Testing,Pump,90.54,74.01,12,59526,
7318,2318,Testing,Pump,35.79,81.07,6,79664,
7319,2319,Testing,Gauge Machine,13.85,48.59,10,24981,
7320,2320,Testing,Coil Oven,23.11,74.07,9,68526,
7321,2321,Testing,Pressure Cutter,33.58,75.43,7,37588,
7322,2322,Testing,Extruder,51.21,36.99,8,25036,
7323,2323,Testing,Extruder,20.58,69.93,12,67294,
7324,2324,Testing,Extruder,54.89,82.74,16,28255,
7325,2325,Testing,Gauge Machine,85.07,65.9,5,23369,
7326,2326,Testing,Extruder,84.16,81.25,17,78923,
7327,2327,Testing,Coil Oven,47.19,66.59,3,64760,
7328,2328,Testing,Pump,93.81,75.65,16,36670,
7329,2329,Testing,Coil Oven,32.72,68.51,7,32064,
7330,2330,Testing,Extruder,8.73,58.41,14,38923,
7331,2331,Testing,Gauge Machine,50.24,83.91,6,43847,
7332,2332,Testing,Pressure Cutter,21.3,67.84,13,55510,
7333,2333,Testing,Extruder,47.26,48.81,16,65804,
7334,2334,Testing,Gauge Machine,85.46,83.7,2,54317,
7335,2335,Testing,Extruder,91.0,58.06,16,48823,
7336,2336,Testing,Pressure Cutter,67.43,63.44,6,68681,
7337,2337,Testing,Pump,8.58,86.54,14,50925,
7338,2338,Testing,Gauge Machine,57.23,92.57,17,42322,
7339,2339,Testing,Extruder,82.29,71.96,17,63501,
7340,2340,Testing,Pressure Cutter,93.66,42.21,4,57852,
7341,2341,Testing,Gauge Machine,56.23,62.28,10,60572,
7342,2342,Testing,Gauge Machine,67.94,36.62,8,29562,
7343,2343,Testing,Gauge Machine,71.18,76.94,12,37316,
7344,2344,Testing,Pump,97.02,53.32,9,41322,
7345,2345,Testing,Pump,25.57,85.55,2,50313,
7346,2346,Testing,Extruder,92.54,80.49,17,26609,
7347,2347,Testing,Gauge Machine,12.89,92.15,7,52025,
7348,2348,Testing,Extruder,57.19,67.14,10,30632,
7349,2349,Testing,Gauge Machine,36.1,90.68,14,24988,
7350,2350,Testing,Pump,14.36,68.48,9,70423,
7351,2351,Testing,Extruder,85.73,45.39,6,30838,
7352,2352,Testing,Coil Oven,72.71,81.05,12,29301,
7353,2353,Testing,Pump,21.17,59.39,2,63236,
7354,2354,Testing,Extruder,51.42,46.62,6,23899,
7355,2355,Testing,Pressure Cutter,77.64,54.75,7,49912,
7356,2356,Testing,Coil Oven,9.33,62.78,16,33452,
7357,2357,Testing,Pump,83.75,41.05,13,51385,
7358,2358,Testing,Pump,76.79,48.24,9,44299,
7359,2359,Testing,Extruder,37.68,51.78,16,78735,
7360,2360,Testing,Gauge Machine,60.42,59.84,16,68523,
7361,2361,Testing,Coil Oven,82.43,94.87,7,74378,
7362,2362,Testing,Pressure Cutter,22.61,61.62,6,56758,
7363,2363,Testing,Pump,73.28,89.37,17,70984,
7364,2364,Testing,Pump,56.44,83.36,7,32814,
7365,2365,Testing,Pressure Cutter,62.98,73.94,13,61674,
7366,2366,Testing,Pump,34.82,66.8,9,50231,
7367,2367,Testing,Gauge Machine,97.32,45.52,11,67240,
7368,2368,Testing,Extruder,65.21,38.49,8,61901,
7369,2369,Testing,Pressure Cutter,67.28,74.54,12,57136,
7370,2370,Testing,Pressure Cutter,56.55,93.79,17,29995,
7371,2371,Testing,Pressure Cutter,65.93,35.41,9,66782,
7372,2372,Testing,Pressure Cutter,16.2,46.32,7,43267,
7373,2373,Testing,Gauge Machine,12.06,71.04,3,69098,
7374,2374,Testing,Pump,85.47,70.88,6,75971,
7375,2375,Testing,Pump,80.41,59.89,17,26926,
7376,2376,Testing,Pressure Cutter,16.22,66.43,10,79413,
7377,2377,Testing,Extruder,39.07,45.23,6,46449,
7378,2378,Testing,Gauge Machine,71.67,52.17,11,50785,
7379,2379,Testing,Gauge Machine,35.72,59.44,5,79483,
7380,2380,Testing,Gauge Machine,77.97,41.43,12,73862,
7381,2381,Testing,Gauge Machine,68.3,57.7,5,43317,
7382,2382,Testing,Extruder,27.68,42.67,3,48853,
7383,2383,Testing,Pump,77.54,67.28,6,50745,
7384,2384,Testing,Pump,75.44,61.34,7,30095,
7385,2385,Testing,Pressure Cutter,17.48,91.75,10,78141,
7386,2386,Testing,Gauge Machine,95.65,79.77,2,46155,
7387,2387,Testing,Coil Oven,74.42,89.79,8,29683,
7388,2388,Testing,Extruder,12.52,90.5,14,51863,
7389,2389,Testing,Pressure Cutter,25.88,45.88,16,52552,
7390,2390,Testing,Extruder,66.03,74.48,2,66471,
7391,2391,Testing,Extruder,17.97,65.82,9,43284,
7392,2392,Testing,Pressure Cutter,96.49,38.43,3,34541,
7393,2393,Testing,Coil Oven,72.62,67.96,13,53336,
7394,2394,Testing,Pump,94.86,52.53,15,46942,
7395,2395,Testing,Pump,23.11,65.89,5,28972,
7396,2396,Testing,Gauge Machine,66.03,67.57,10,60834,
7397,2397,Testing,Gauge Machine,29.46,71.53,4,31793,
7398,2398,Testing,Extruder,48.13,92.7,2,59882,
7399,2399,Testing,Coil Oven,25.64,81.67,2,56534,
7400,2400,Testing,Extruder,61.65,73.21,8,39666,
7401,2401,Testing,Gauge Machine,9.8,67.16,15,79452,
7402,2402,Testing,Gauge Machine,55.24,63.2,15,49468,
7403,2403,Testing,Gauge Machine,54.54,91.01,14,66698,
7404,2404,Testing,Pressure Cutter,91.36,61.92,3,66904,
7405,2405,Testing,Extruder,42.02,48.6,16,70534,
7406,2406,Testing,Pump,51.54,57.65,7,60567,
7407,2407,Testing,Gauge Machine,97.25,85.47,11,51725,
7408,2408,Testing,Coil Oven,96.07,58.95,17,70464,
7409,2409,Testing,Coil Oven,7.12,50.64,4,68207,
7410,2410,Testing,Pressure Cutter,83.71,83.99,12,69025,
7411,2411,Testing,Pressure Cutter,51.04,54.23,7,44810,
7412,2412,Testing,Pump,28.37,81.51,4,73683,
7413,2413,Testing,Pump,94.65,50.16,10,71720,
7414,2414,Testing,Extruder,44.02,40.8,6,36888,
7415,2415,Testing,Coil Oven,99.1,54.1,9,63351,
7416,2416,Testing,Pressure Cutter,23.93,62.5,3,51851,
7417,2417,Testing,Coil Oven,72.39,75.7,1,70014,
7418,2418,Testing,Extruder,33.85,57.17,2,58284,
7419,2419,Testing,Pressure Cutter,29.87,66.67,9,36282,
7420,2420,Testing,Coil Oven,91.75,63.38,3,45913,
7421,2421,Testing,Gauge Machine,63.85,91.61,11,72509,
7422,2422,Testing,Pressure Cutter,86.0,68.43,5,67483,
7423,2423,Testing,Pump,8.51,47.68,7,66269,
7424,2424,Testing,Coil Oven,40.5,86.93,15,57448,
7425,2425,Testing,Coil Oven,80.0,77.27,15,65337,
7426,2426,Testing,Coil Oven,6.13,38.3,10,69240,
7427,2427,Testing,Pressure Cutter,10.02,44.05,6,59946,
7428,2428,Testing,Extruder,28.76,76.17,7,63452,
7429,2429,Testing,Extruder,9.66,36.85,12,64671,
7430,2430,Testing,Pressure Cutter,22.31,71.57,14,66630,
7431,2431,Testing,Pump,81.82,46.16,6,64532,
7432,2432,Testing,Gauge Machine,79.74,93.61,3,62982,
7433,2433,Testing,Pressure Cutter,16.33,38.17,1,42720,
7434,2434,Testing,Extruder,80.1,52.86,14,73495,
7435,2435,Testing,Extruder,68.36,58.0,14,36065,
7436,2436,Testing,Extruder,37.81,36.56,1,27731,
7437,2437,Testing,Gauge Machine,93.48,81.82,7,49783,
7438,2438,Testing,Gauge Machine,70.42,42.98,5,28449,
7439,2439,Testing,Pump,46.53,62.53,6,24574,
7440,2440,Testing,Pressure Cutter,68.04,39.49,11,71761,
7441,2441,Testing,Pressure Cutter,69.32,57.34,13,60964,
7442,2442,Testing,Pressure Cutter,88.66,59.77,6,44593,
7443,2443,Testing,Extruder,21.66,94.94,2,27231,
7444,2444,Testing,Extruder,67.15,70.44,5,53077,
7445,2445,Testing,Pressure Cutter,44.25,43.06,12,62490,
7446,2446,Testing,Pump,38.99,35.26,6,71821,
7447,2447,Testing,Gauge Machine,27.34,48.33,11,59347,
7448,2448,Testing,Pump,73.31,79.56,3,57357,
7449,2449,Testing,Extruder,87.15,73.35,9,70843,
7450,2450,Testing,Extruder,49.71,83.0,10,61387,
7451,2451,Testing,Pressure Cutter,8.41,39.32,3,42883,
7452,2452,Testing,Extruder,30.26,81.53,15,49349,
7453,2453,Testing,Extruder,79.76,42.66,13,63264,
7454,2454,Testing,Extruder,19.27,43.89,11,40261,
7455,2455,Testing,Pressure Cutter,66.26,94.24,3,32615,
7456,2456,Testing,Pressure Cutter,39.79,79.69,14,61513,
7457,2457,Testing,Extruder,27.42,80.64,9,40865,
7458,2458,Testing,Gauge Machine,24.75,46.9,12,76806,
7459,2459,Testing,Gauge Machine,41.0,45.95,3,50930,
7460,2460,Testing,Pressure Cutter,88.2,72.17,9,66713,
7461,2461,Testing,Pressure Cutter,36.25,73.85,5,40612,
7462,2462,Testing,Gauge Machine,82.77,43.18,6,31935,
7463,2463,Testing,Pump,8.75,79.19,9,56223,
7464,2464,Testing,Pump,14.36,77.64,15,62343,
7465,2465,Testing,Pump,13.77,72.78,14,60360,
7466,2466,Testing,Gauge Machine,11.76,37.22,12,40556,
7467,2467,Testing,Extruder,88.68,48.52,5,63414,
7468,2468,Testing,Pump,86.27,64.78,12,49733,
7469,2469,Testing,Gauge Machine,63.73,52.3,16,44502,
7470,2470,Testing,Pressure Cutter,76.19,89.18,14,65550,
7471,2471,Testing,Coil Oven,94.65,77.61,11,40265,
7472,2472,Testing,Pump,89.76,84.99,14,69784,
7473,2473,Testing,Pressure Cutter,34.05,74.44,3,24532,
7474,2474,Testing,Pressure Cutter,99.02,36.45,8,33933,
7475,2475,Testing,Pressure Cutter,38.41,85.83,10,48637,
7476,2476,Testing,Gauge Machine,81.41,78.78,13,70037,
7477,2477,Testing,Pump,46.5,37.53,8,52858,
7478,2478,Testing,Pressure Cutter,42.37,56.07,11,67825,
7479,2479,Testing,Gauge Machine,75.28,76.99,4,40831,
7480,2480,Testing,Pump,83.51,75.03,10,53974,
7481,2481,Testing,Coil Oven,50.06,43.01,16,54263,
7482,2482,Testing,Extruder,69.27,79.81,5,61558,
7483,2483,Testing,Coil Oven,43.14,60.33,1,63899,
7484,2484,Testing,Coil Oven,50.0,51.87,3,38583,
7485,2485,Testing,Extruder,65.16,56.05,5,72945,
7486,2486,Testing,Pump,59.65,86.49,7,28599,
7487,2487,Testing,Coil Oven,7.1,45.58,10,29236,
7488,2488,Testing,Coil Oven,74.37,94.02,13,47936,
7489,2489,Testing,Pump,10.85,67.66,6,51104,
7490,2490,Testing,Coil Oven,12.6,50.42,9,40169,
7491,2491,Testing,Pump,74.4,80.09,3,35064,
7492,2492,Testing,Extruder,26.98,54.55,2,77670,
7493,2493,Testing,Pressure Cutter,10.89,58.76,4,55525,
7494,2494,Testing,Extruder,78.86,63.31,7,63660,
7495,2495,Testing,Extruder,76.56,66.14,1,77317,
7496,2496,Testing,Coil Oven,83.64,47.82,14,51291,
7497,2497,Testing,Coil Oven,56.7,36.23,2,36108,
7498,2498,Testing,Gauge Machine,9.57,71.44,11,24368,
7499,2499,Testing,Extruder,78.14,85.27,7,64763,
7500,2500,Testing,Coil Oven,40.83,89.63,13,25621,
7501,2501,Testing,Pump,62.74,41.63,3,40177,
7502,2502,Testing,Extruder,7.47,94.59,9,62019,
7503,2503,Testing,Extruder,25.18,62.97,9,58637,
7504,2504,Testing,Extruder,14.98,39.13,7,46949,
7505,2505,Testing,Extruder,13.51,42.77,15,27913,
7506,2506,Testing,Extruder,70.11,90.3,6,52978,
7507,2507,Testing,Pressure Cutter,83.92,68.73,9,74135,
7508,2508,Testing,Pressure Cutter,33.77,87.79,6,42923,
7509,2509,Testing,Extruder,96.06,54.31,11,56905,
7510,2510,Testing,Pressure Cutter,72.98,68.27,16,44238,
7511,2511,Testing,Pressure Cutter,87.33,63.67,2,43045,
7512,2512,Testing,Coil Oven,56.02,57.73,9,54652,
7513,2513,Testing,Coil Oven,28.66,58.35,16,51784,
7514,2514,Testing,Coil Oven,69.48,36.64,2,48510,
7515,2515,Testing,Pump,35.87,82.9,16,50588,
7516,2516,Testing,Pressure Cutter,56.34,86.78,7,29548,
7517,2517,Testing,Pressure Cutter,84.83,36.58,7,36576,
7518,2518,Testing,Pressure Cutter,45.92,41.15,16,46223,
7519,2519,Testing,Extruder,17.47,56.0,15,37297,
7520,2520,Testing,Extruder,8.44,84.4,2,28549,
7521,2521,Testing,Pressure Cutter,36.28,38.35,2,26202,
7522,2522,Testing,Coil Oven,56.73,49.54,17,71130,
7523,2523,Testing,Coil Oven,79.92,73.6,5,37674,
7524,2524,Testing,Pump,50.51,82.9,7,52495,
7525,2525,Testing,Extruder,50.73,73.11,4,66985,
7526,2526,Testing,Pressure Cutter,60.88,75.97,3,68163,
7527,2527,Testing,Pump,45.01,76.31,3,75596,
7528,2528,Testing,Pump,8.26,57.51,4,38584,
7529,2529,Testing,Extruder,11.9,74.22,7,62042,
7530,2530,Testing,Gauge Machine,36.9,83.8,7,75817,
7531,2531,Testing,Pressure Cutter,95.56,65.55,3,23181,
7532,2532,Testing,Coil Oven,92.41,79.99,8,60313,
7533,2533,Testing,Pressure Cutter,55.91,88.03,11,32779,
7534,2534,Testing,Pump,47.68,80.05,3,54926,
7535,2535,Testing,Pressure Cutter,70.8,43.9,11,35275,
7536,2536,Testing,Pressure Cutter,53.37,92.24,6,39759,
7537,2537,Testing,Pressure Cutter,45.29,59.17,15,29518,
7538,2538,Testing,Pump,85.39,93.1,6,46296,
7539,2539,Testing,Gauge Machine,38.43,50.9,10,29129,
7540,2540,Testing,Extruder,91.26,93.74,11,55709,
7541,2541,Testing,Coil Oven,34.87,57.83,9,59397,
7542,2542,Testing,Coil Oven,5.96,56.09,8,45109,
7543,2543,Testing,Pump,41.38,82.31,8,46453,
7544,2544,Testing,Pressure Cutter,86.92,67.71,13,48479,
7545,2545,Testing,Gauge Machine,81.78,63.16,7,71461,
7546,2546,Testing,Extruder,5.26,77.45,2,73704,
7547,2547,Testing,Pump,40.5,51.85,13,39458,
7548,2548,Testing,Gauge Machine,96.57,94.75,11,57596,
7549,2549,Testing,Coil Oven,65.8,41.21,12,36974,
7550,2550,Testing,Gauge Machine,73.56,48.46,4,28353,
7551,2551,Testing,Pump,12.63,74.34,17,30581,
7552,2552,Testing,Coil Oven,95.88,93.27,2,51182,
7553,2553,Testing,Coil Oven,35.99,41.61,13,69260,
7554,2554,Testing,Extruder,6.07,94.61,5,73935,
7555,2555,Testing,Pump,63.79,55.77,7,58008,
7556,2556,Testing,Pump,93.46,59.23,17,65920,
7557,2557,Testing,Extruder,55.16,85.92,3,59468,
7558,2558,Testing,Coil Oven,36.86,53.37,5,37585,
7559,2559,Testing,Extruder,87.49,53.53,11,30013,
7560,2560,Testing,Coil Oven,78.83,41.83,14,53636,
7561,2561,Testing,Gauge Machine,84.87,83.69,13,29593,
7562,2562,Testing,Gauge Machine,68.63,60.24,7,58473,
7563,2563,Testing,Pressure Cutter,92.5,81.67,5,24441,
7564,2564,Testing,Extruder,49.77,64.69,15,53101,
7565,2565,Testing,Pressure Cutter,8.36,57.78,16,78892,
7566,2566,Testing,Pressure Cutter,72.12,91.8,12,38066,
7567,2567,Testing,Pump,82.36,88.05,13,70462,
7568,2568,Testing,Pump,24.33,54.96,5,36569,
7569,2569,Testing,Gauge Machine,22.72,51.23,4,34129,
7570,2570,Testing,Gauge Machine,57.47,75.13,7,49059,
7571,2571,Testing,Pump,38.74,50.5,3,46292,
7572,2572,Testing,Pressure Cutter,29.38,72.16,7,70625,
7573,2573,Testing,Extruder,84.79,72.53,6,25975,
7574,2574,Testing,Coil Oven,72.68,76.74,2,51786,
7575,2575,Testing,Coil Oven,25.4,68.63,8,52585,
7576,2576,Testing,Pressure Cutter,95.66,84.1,5,65892,
7577,2577,Testing,Coil Oven,62.99,72.36,17,72868,
7578,2578,Testing,Pump,19.69,89.47,7,67533,
7579,2579,Testing,Pump,44.11,92.56,13,72057,
7580,2580,Testing,Pump,25.81,49.41,5,59564,
7581,2581,Testing,Pressure Cutter,94.04,39.9,10,51349,
7582,2582,Testing,Pressure Cutter,50.4,71.1,16,36488,
7583,2583,Testing,Gauge Machine,9.86,62.05,8,71049,
7584,2584,Testing,Pressure Cutter,12.77,39.55,11,28744,
7585,2585,Testing,Coil Oven,7.08,94.35,8,72737,
7586,2586,Testing,Gauge Machine,45.83,61.92,16,36049,
7587,2587,Testing,Pressure Cutter,13.36,48.76,9,64115,
7588,2588,Testing,Coil Oven,5.94,64.56,11,24567,
7589,2589,Testing,Pump,8.75,48.98,8,63438,
7590,2590,Testing,Pump,58.78,76.95,5,61787,
7591,2591,Testing,Extruder,50.79,81.2,16,35736,
7592,2592,Testing,Pressure Cutter,49.17,80.08,6,34358,
7593,2593,Testing,Pressure Cutter,60.27,84.92,4,31207,
7594,2594,Testing,Pump,70.96,93.11,2,77597,
7595,2595,Testing,Extruder,70.0,91.65,13,72904,
7596,2596,Testing,Gauge Machine,18.24,61.41,8,56371,
7597,2597,Testing,Pressure Cutter,31.59,81.77,6,45771,
7598,2598,Testing,Pump,18.38,62.82,4,41523,
7599,2599,Testing,Pump,20.73,51.96,13,74680,
7600,2600,Testing,Gauge Machine,12.86,58.79,14,23946,
7601,2601,Testing,Pump,35.05,55.19,14,76802,
7602,2602,Testing,Extruder,11.9,72.39,3,72061,
7603,2603,Testing,Pump,77.86,47.95,14,48588,
7604,2604,Testing,Coil Oven,99.31,47.35,5,70954,
7605,2605,Testing,Coil Oven,8.31,48.72,7,36001,
7606,2606,Testing,Pump,32.72,38.82,7,23592,
7607,2607,Testing,Coil Oven,29.18,76.37,1,46981,
7608,2608,Testing,Extruder,71.55,47.91,14,53278,
7609,2609,Testing,Pump,29.14,45.49,7,58636,
7610,2610,Testing,Pressure Cutter,81.9,88.99,13,33257,
7611,2611,Testing,Gauge Machine,38.36,73.89,12,60039,
7612,2612,Testing,Pump,20.95,42.14,15,28837,
7613,2613,Testing,Gauge Machine,5.3,58.32,6,35723,
7614,2614,Testing,Pressure Cutter,56.9,42.46,15,74063,
7615,2615,Testing,Gauge Machine,59.55,44.67,7,51071,
7616,2616,Testing,Coil Oven,84.73,87.01,14,29491,
7617,2617,Testing,Gauge Machine,37.19,65.97,10,26476,
7618,2618,Testing,Coil Oven,39.12,69.14,7,49409,
7619,2619,Testing,Gauge Machine,71.42,36.99,15,60266,
7620,2620,Testing,Extruder,67.98,83.37,14,62926,
7621,2621,Testing,Coil Oven,69.8,92.38,7,42726,
7622,2622,Testing,Coil Oven,78.49,83.26,12,29086,
7623,2623,Testing,Coil Oven,52.0,77.04,3,43523,
7624,2624,Testing,Pump,55.12,90.78,1,61719,
7625,2625,Testing,Gauge Machine,34.7,86.36,17,59617,
7626,2626,Testing,Pressure Cutter,57.91,44.1,10,70767,
7627,2627,Testing,Pressure Cutter,11.9,70.01,7,31870,
7628,2628,Testing,Pressure Cutter,11.15,90.08,3,38915,
7629,2629,Testing,Pump,49.94,84.51,14,24734,
7630,2630,Testing,Coil Oven,83.0,38.72,14,31205,
7631,2631,Testing,Extruder,39.23,85.67,8,65384,
7632,2632,Testing,Gauge Machine,37.98,47.29,9,54256,
7633,2633,Testing,Pressure Cutter,69.03,45.6,13,53820,
7634,2634,Testing,Gauge Machine,45.39,53.89,14,45244,
7635,2635,Testing,Pressure Cutter,88.17,63.66,16,33612,
7636,2636,Testing,Pressure Cutter,42.56,43.99,2,61017,
7637,2637,Testing,Pump,22.03,61.92,7,55527,
7638,2638,Testing,Gauge Machine,78.95,39.04,11,75602,
7639,2639,Testing,Extruder,21.71,74.4,9,27943,
7640,2640,Testing,Pressure Cutter,32.44,63.38,13,70382,
7641,2641,Testing,Gauge Machine,89.13,80.32,13,25901,
7642,2642,Testing,Pump,70.64,70.8,7,53103,
7643,2643,Testing,Coil Oven,15.08,61.01,8,26673,
7644,2644,Testing,Coil Oven,87.6,49.76,13,24083,
7645,2645,Testing,Extruder,93.95,75.26,14,76050,
7646,2646,Testing,Extruder,56.43,65.76,10,33222,
7647,2647,Testing,Coil Oven,24.62,44.59,3,73802,
7648,2648,Testing,Gauge Machine,71.79,77.64,1,46366,
7649,2649,Testing,Coil Oven,16.56,77.84,11,30978,
7650,2650,Testing,Gauge Machine,26.04,81.56,4,77626,
7651,2651,Testing,Pressure Cutter,11.82,66.79,9,63090,
7652,2652,Testing,Pressure Cutter,13.4,68.16,2,40804,
7653,2653,Testing,Pump,52.08,35.11,7,33929,
7654,2654,Testing,Extruder,14.1,40.3,4,23007,
7655,2655,Testing,Gauge Machine,60.22,63.56,2,79090,
7656,2656,Testing,Gauge Machine,40.48,74.16,11,73260,
7657,2657,Testing,Gauge Machine,12.23,64.61,4,59997,
7658,2658,Testing,Pump,5.83,42.3,4,28462,
7659,2659,Testing,Coil Oven,76.21,90.75,9,52518,
7660,2660,Testing,Coil Oven,57.49,46.24,13,67076,
7661,2661,Testing,Gauge Machine,70.95,72.7,10,43962,
7662,2662,Testing,Gauge Machine,63.38,46.2,8,23364,
7663,2663,Testing,Coil Oven,86.55,50.43,13,64010,
7664,2664,Testing,Extruder,93.52,79.73,11,35137,
7665,2665,Testing,Pump,34.28,41.45,4,69038,
7666,2666,Testing,Pressure Cutter,31.24,72.29,10,52533,
7667,2667,Testing,Extruder,12.36,79.65,3,53415,
7668,2668,Testing,Pump,99.4,47.92,13,24278,
7669,2669,Testing,Coil Oven,51.23,44.21,7,48348,
7670,2670,Testing,Gauge Machine,37.25,54.02,11,26392,
7671,2671,Testing,Extruder,60.86,51.63,3,63179,
7672,2672,Testing,Coil Oven,61.82,85.43,9,46877,
7673,2673,Testing,Extruder,24.91,89.97,8,58780,
7674,2674,Testing,Pressure Cutter,64.81,64.07,15,64022,
7675,2675,Testing,Extruder,81.83,78.05,13,77086,
7676,2676,Testing,Pump,56.77,39.46,11,70305,
7677,2677,Testing,Pump,42.75,52.04,9,59088,
7678,2678,Testing,Gauge Machine,93.04,58.09,7,29016,
7679,2679,Testing,Pump,17.7,63.16,4,41123,
7680,2680,Testing,Gauge Machine,33.45,90.79,11,35926,
7681,2681,Testing,Pump,5.34,53.58,8,51616,
7682,2682,Testing,Gauge Machine,6.79,79.76,13,72490,
7683,2683,Testing,Coil Oven,27.33,38.38,13,31054,
7684,2684,Testing,Extruder,12.01,76.99,9,37910,
7685,2685,Testing,Pump,82.8,81.56,16,64775,
7686,2686,Testing,Pump,40.0,54.6,13,39364,
7687,2687,Testing,Pressure Cutter,34.8,66.86,3,69271,
7688,2688,Testing,Extruder,28.01,39.21,11,32167,
7689,2689,Testing,Gauge Machine,10.02,90.14,3,31827,
7690,2690,Testing,Gauge Machine,23.77,92.42,12,77596,
7691,2691,Testing,Gauge Machine,69.5,86.13,2,35729,
7692,2692,Testing,Gauge Machine,50.33,82.64,15,41710,
7693,2693,Testing,Coil Oven,47.31,77.61,12,43947,
7694,2694,Testing,Pump,84.99,51.61,2,52454,
7695,2695,Testing,Coil Oven,10.84,86.49,1,68689,
7696,2696,Testing,Extruder,18.19,90.63,4,45947,
7697,2697,Testing,Gauge Machine,96.68,93.22,16,37305,
7698,2698,Testing,Coil Oven,68.53,61.88,4,54390,
7699,2699,Testing,Extruder,99.77,88.71,2,74293,
7700,2700,Testing,Pressure Cutter,14.97,69.36,11,29603,
7701,2701,Testing,Gauge Machine,77.35,75.21,17,36061,
7702,2702,Testing,Coil Oven,26.38,45.17,13,73825,
7703,2703,Testing,Pump,93.99,44.24,17,27507,
7704,2704,Testing,Gauge Machine,61.82,89.7,16,73012,
7705,2705,Testing,Pressure Cutter,33.96,57.0,8,71589,
7706,2706,Testing,Extruder,56.07,61.3,14,62944,
7707,2707,Testing,Gauge Machine,13.78,71.55,6,60064,
7708,2708,Testing,Gauge Machine,24.55,84.13,11,38436,
7709,2709,Testing,Gauge Machine,55.57,53.65,5,70779,
7710,2710,Testing,Extruder,28.18,72.25,3,34623,
7711,2711,Testing,Pressure Cutter,43.52,90.81,9,29385,
7712,2712,Testing,Gauge Machine,50.5,68.19,8,75127,
7713,2713,Testing,Gauge Machine,82.65,46.66,8,68300,
7714,2714,Testing,Gauge Machine,12.69,49.14,1,72119,
7715,2715,Testing,Gauge Machine,56.54,79.2,1,23810,
7716,2716,Testing,Pressure Cutter,37.23,59.54,10,35855,
7717,2717,Testing,Gauge Machine,75.98,82.14,3,36681,
7718,2718,Testing,Gauge Machine,44.15,42.13,14,36408,
7719,2719,Testing,Coil Oven,67.79,78.26,16,59103,
7720,2720,Testing,Gauge Machine,32.15,58.23,15,25766,
7721,2721,Testing,Pressure Cutter,22.71,78.7,12,54915,
7722,2722,Testing,Pressure Cutter,39.36,40.54,14,31626,
7723,2723,Testing,Extruder,53.38,61.31,4,42295,
7724,2724,Testing,Gauge Machine,57.43,73.1,8,32329,
7725,2725,Testing,Extruder,35.06,59.72,13,61562,
7726,2726,Testing,Pump,55.83,37.55,12,75403,
7727,2727,Testing,Extruder,37.48,52.81,13,75308,
7728,2728,Testing,Coil Oven,38.99,58.83,13,53723,
7729,2729,Testing,Pump,44.87,55.78,5,49214,
7730,2730,Testing,Pressure Cutter,49.71,38.95,3,26598,
7731,2731,Testing,Pressure Cutter,49.07,92.39,2,58756,
7732,2732,Testing,Coil Oven,83.19,94.79,2,59527,
7733,2733,Testing,Gauge Machine,67.76,69.02,7,48097,
7734,2734,Testing,Pressure Cutter,89.59,62.37,6,35590,
7735,2735,Testing,Pump,56.33,60.25,8,73833,
7736,2736,Testing,Extruder,91.87,82.0,8,52293,
7737,2737,Testing,Gauge Machine,72.7,84.02,15,28609,
7738,2738,Testing,Pump,74.11,79.16,17,57491,
7739,2739,Testing,Gauge Machine,53.85,38.99,13,42570,
7740,2740,Testing,Extruder,79.5,88.37,6,33737,
7741,2741,Testing,Pump,64.66,37.97,2,28190,
7742,2742,Testing,Extruder,18.43,46.68,11,25614,
7743,2743,Testing,Pressure Cutter,86.95,51.67,11,77119,
7744,2744,Testing,Gauge Machine,25.48,69.74,7,66440,
7745,2745,Testing,Pump,59.57,62.36,16,70181,
7746,2746,Testing,Pressure Cutter,10.94,78.24,13,60865,
7747,2747,Testing,Pump,92.98,35.62,16,34751,
7748,2748,Testing,Extruder,21.16,60.0,15,36089,
7749,2749,Testing,Gauge Machine,83.23,44.67,16,59116,
7750,2750,Testing,Extruder,61.66,52.1,3,33215,
7751,2751,Testing,Gauge Machine,66.64,77.92,15,32966,
7752,2752,Testing,Pump,66.84,63.02,13,37761,
7753,2753,Testing,Gauge Machine,78.79,55.73,4,77657,
7754,2754,Testing,Coil Oven,70.75,52.87,14,71955,
7755,2755,Testing,Gauge Machine,26.14,35.23,10,52804,
7756,2756,Testing,Extruder,21.34,54.89,10,64057,
7757,2757,Testing,Pump,82.41,79.05,10,61882,
7758,2758,Testing,Gauge Machine,67.06,40.73,4,74091,
7759,2759,Testing,Pressure Cutter,97.15,47.58,2,53263,
7760,2760,Testing,Extruder,15.04,74.59,4,34613,
7761,2761,Testing,Gauge Machine,56.74,44.97,6,60563,
7762,2762,Testing,Extruder,49.62,76.17,6,23608,
7763,2763,Testing,Extruder,35.66,48.76,16,26546,
7764,2764,Testing,Pressure Cutter,9.86,51.21,1,25074,
7765,2765,Testing,Coil Oven,33.07,36.94,3,37854,
7766,2766,Testing,Extruder,63.39,69.38,14,62934,
7767,2767,Testing,Gauge Machine,92.72,46.2,2,35492,
7768,2768,Testing,Extruder,19.64,58.01,12,44953,
7769,2769,Testing,Coil Oven,93.11,68.91,11,76957,
7770,2770,Testing,Gauge Machine,98.96,44.86,5,43307,
7771,2771,Testing,Gauge Machine,30.8,84.98,10,57573,
7772,2772,Testing,Pump,86.76,71.4,7,38078,
7773,2773,Testing,Pump,54.34,41.95,11,67642,
7774,2774,Testing,Pressure Cutter,12.95,71.66,12,27982,
7775,2775,Testing,Pump,85.89,79.17,13,59069,
7776,2776,Testing,Extruder,33.6,56.32,14,47236,
7777,2777,Testing,Gauge Machine,53.74,90.56,14,57904,
7778,2778,Testing,Coil Oven,30.95,53.28,9,58818,
7779,2779,Testing,Gauge Machine,89.03,67.39,5,47298,
7780,2780,Testing,Extruder,56.84,49.07,6,78912,
7781,2781,Testing,Coil Oven,23.56,63.04,10,61221,
7782,2782,Testing,Gauge Machine,88.87,88.33,14,75380,
7783,2783,Testing,Coil Oven,44.87,63.8,4,67267,
7784,2784,Testing,Pump,57.02,70.91,12,40233,
7785,2785,Testing,Coil Oven,9.66,60.51,8,32170,
7786,2786,Testing,Pump,29.75,92.74,11,63426,
7787,2787,Testing,Pressure Cutter,5.86,81.42,12,27513,
7788,2788,Testing,Coil Oven,21.52,64.48,4,33293,
7789,2789,Testing,Extruder,18.92,36.82,5,74695,
7790,2790,Testing,Extruder,97.21,81.04,2,23665,
7791,2791,Testing,Pressure Cutter,26.44,45.32,10,37811,
7792,2792,Testing,Extruder,59.55,48.21,16,24259,
7793,2793,Testing,Pump,88.21,73.21,12,51194,
7794,2794,Testing,Pump,59.41,36.9,8,71126,
7795,2795,Testing,Gauge Machine,15.19,93.99,8,28404,
7796,2796,Testing,Extruder,62.32,35.63,10,69254,
7797,2797,Testing,Extruder,55.85,36.75,12,58126,
7798,2798,Testing,Coil Oven,44.44,37.75,14,34328,
7799,2799,Testing,Pump,76.37,80.15,11,47651,
7800,2800,Testing,Extruder,54.39,72.07,5,57022,
7801,2801,Testing,Gauge Machine,43.21,72.26,9,25910,
7802,2802,Testing,Pump,40.42,66.72,12,51016,
7803,2803,Testing,Gauge Machine,56.94,43.97,17,42103,
7804,2804,Testing,Extruder,21.88,55.69,16,25028,
7805,2805,Testing,Pump,10.52,52.56,5,55403,
7806,2806,Testing,Extruder,18.66,57.62,16,50032,
7807,2807,Testing,Gauge Machine,61.54,82.66,9,26727,
7808,2808,Testing,Extruder,31.65,90.08,13,30480,
7809,2809,Testing,Gauge Machine,26.48,69.61,10,27950,
7810,2810,Testing,Pressure Cutter,48.97,40.52,12,52835,
7811,2811,Testing,Pump,94.45,83.12,3,59072,
7812,2812,Testing,Coil Oven,33.4,67.36,16,71469,
7813,2813,Testing,Pressure Cutter,62.22,79.94,16,59400,
7814,2814,Testing,Gauge Machine,48.61,63.76,1,28604,
7815,2815,Testing,Pump,12.48,57.41,5,56951,
7816,2816,Testing,Pump,87.15,37.86,6,34286,
7817,2817,Testing,Pump,74.72,52.06,11,74114,
7818,2818,Testing,Coil Oven,77.11,64.64,16,28608,
7819,2819,Testing,Gauge Machine,16.7,49.76,7,72318,
7820,2820,Testing,Pump,34.57,62.99,8,43528,
7821,2821,Testing,Gauge Machine,22.2,57.02,15,69151,
7822,2822,Testing,Pump,79.53,90.11,15,77026,
7823,2823,Testing,Coil Oven,75.77,42.98,8,56623,
7824,2824,Testing,Coil Oven,19.12,39.04,7,43996,
7825,2825,Testing,Gauge Machine,77.83,48.26,2,30260,
7826,2826,Testing,Gauge Machine,44.11,48.33,14,24159,
7827,2827,Testing,Gauge Machine,30.65,40.89,14,24826,
7828,2828,Testing,Pump,79.57,43.1,8,64011,
7829,2829,Testing,Pressure Cutter,19.15,48.6,8,25808,
7830,2830,Testing,Pressure Cutter,77.99,67.23,15,64482,
7831,2831,Testing,Pump,50.53,54.2,7,75842,
7832,2832,Testing,Extruder,57.94,42.24,4,25767,
7833,2833,Testing,Pressure Cutter,74.94,46.73,2,41578,
7834,2834,Testing,Gauge Machine,56.16,66.57,16,27061,
7835,2835,Testing,Pressure Cutter,24.37,87.73,10,51556,
7836,2836,Testing,Coil Oven,77.34,69.32,17,46660,
7837,2837,Testing,Gauge Machine,72.78,90.09,16,73590,
7838,2838,Testing,Pump,54.68,42.48,12,31877,
7839,2839,Testing,Gauge Machine,81.14,41.7,6,76595,
7840,2840,Testing,Extruder,46.02,53.85,11,43498,
7841,2841,Testing,Extruder,82.4,48.52,13,70307,
7842,2842,Testing,Gauge Machine,64.16,65.09,16,24616,
7843,2843,Testing,Pump,86.15,49.72,16,78237,
7844,2844,Testing,Coil Oven,42.69,76.1,3,30976,
7845,2845,Testing,Pump,42.57,41.75,2,77369,
7846,2846,Testing,Pump,27.97,49.68,5,52431,
7847,2847,Testing,Pump,73.5,94.5,10,40059,
7848,2848,Testing,Coil Oven,65.43,80.02,12,77909,
7849,2849,Testing,Extruder,43.17,47.86,17,70815,
7850,2850,Testing,Pressure Cutter,26.71,39.1,6,38784,
7851,2851,Testing,Gauge Machine,58.5,76.55,16,39604,
7852,2852,Testing,Extruder,82.08,53.44,8,67339,
7853,2853,Testing,Pump,89.23,59.64,10,38834,
7854,2854,Testing,Gauge Machine,98.68,81.93,13,54486,
7855,2855,Testing,Pump,84.69,42.02,11,37262,
7856,2856,Testing,Pressure Cutter,60.73,81.22,9,45361,
7857,2857,Testing,Gauge Machine,76.15,58.85,6,64519,
7858,2858,Testing,Pressure Cutter,18.43,55.8,5,51952,
7859,2859,Testing,Gauge Machine,34.79,49.83,6,62357,
7860,2860,Testing,Coil Oven,70.49,40.47,13,43888,
7861,2861,Testing,Coil Oven,77.39,89.88,15,45518,
7862,2862,Testing,Pressure Cutter,36.6,50.1,1,69914,
7863,2863,Testing,Pump,91.79,41.47,3,24879,
7864,2864,Testing,Gauge Machine,22.9,85.79,17,23678,
7865,2865,Testing,Pump,11.14,49.29,8,50470,
7866,2866,Testing,Extruder,15.53,83.72,9,58711,
7867,2867,Testing,Extruder,38.95,47.52,13,31157,
7868,2868,Testing,Extruder,19.34,59.05,8,47503,
7869,2869,Testing,Pressure Cutter,98.26,91.23,4,43826,
7870,2870,Testing,Pressure Cutter,13.32,87.31,3,34277,
7871,2871,Testing,Gauge Machine,79.92,57.97,7,46465,
7872,2872,Testing,Gauge Machine,32.21,61.78,3,76591,
7873,2873,Testing,Extruder,72.23,71.01,13,25019,
7874,2874,Testing,Gauge Machine,67.7,86.8,13,40159,
7875,2875,Testing,Pressure Cutter,65.83,91.33,6,63910,
7876,2876,Testing,Pressure Cutter,13.69,52.03,16,61168,
7877,2877,Testing,Gauge Machine,93.27,35.34,4,71310,
7878,2878,Testing,Pump,53.38,51.01,10,68668,
7879,2879,Testing,Pressure Cutter,98.94,91.51,9,25389,
7880,2880,Testing,Pressure Cutter,14.44,42.98,7,36163,
7881,2881,Testing,Extruder,95.62,48.31,15,79850,
7882,2882,Testing,Pressure Cutter,46.37,45.09,10,65224,
7883,2883,Testing,Pressure Cutter,79.95,47.95,7,71558,
7884,2884,Testing,Pressure Cutter,93.44,80.66,2,36630,
7885,2885,Testing,Extruder,39.79,56.81,2,40922,
7886,2886,Testing,Coil Oven,97.24,36.28,14,53802,
7887,2887,Testing,Coil Oven,51.06,93.3,14,73460,
7888,2888,Testing,Pump,41.69,56.46,14,59195,
7889,2889,Testing,Pressure Cutter,37.48,76.22,16,61544,
7890,2890,Testing,Gauge Machine,44.79,64.67,4,72377,
7891,2891,Testing,Gauge Machine,88.89,89.85,7,69357,
7892,2892,Testing,Pressure Cutter,5.78,45.35,13,78715,
7893,2893,Testing,Coil Oven,17.97,48.43,13,25787,
7894,2894,Testing,Coil Oven,69.4,53.44,7,24398,
7895,2895,Testing,Pressure Cutter,29.18,39.84,12,66369,
7896,2896,Testing,Pump,39.47,50.76,14,32699,
7897,2897,Testing,Pump,17.2,66.47,6,75439,
7898,2898,Testing,Extruder,43.39,66.84,9,59460,
7899,2899,Testing,Pressure Cutter,18.06,77.42,15,37921,
7900,2900,Testing,Pressure Cutter,58.67,79.22,10,61276,
7901,2901,Testing,Pressure Cutter,80.7,93.0,8,46718,
7902,2902,Testing,Coil Oven,43.19,73.82,14,45845,
7903,2903,Testing,Pump,34.65,67.94,13,41237,
7904,2904,Testing,Pressure Cutter,24.94,88.83,17,58217,
7905,2905,Testing,Pressure Cutter,37.0,85.17,8,68725,
7906,2906,Testing,Gauge Machine,65.04,61.43,16,39833,
7907,2907,Testing,Pump,12.67,51.68,4,29809,
7908,2908,Testing,Pump,99.85,52.6,2,55085,
7909,2909,Testing,Pressure Cutter,40.41,47.64,14,59783,
7910,2910,Testing,Gauge Machine,56.79,66.06,12,57879,
7911,2911,Testing,Gauge Machine,91.19,54.76,9,23010,
7912,2912,Testing,Extruder,13.57,63.27,13,69019,
7913,2913,Testing,Pressure Cutter,92.75,83.34,15,23154,
7914,2914,Testing,Pressure Cutter,12.63,55.49,2,56765,
7915,2915,Testing,Pressure Cutter,43.4,82.54,16,25026,
7916,2916,Testing,Coil Oven,22.84,62.07,10,48528,
7917,2917,Testing,Pressure Cutter,38.92,43.08,3,73591,
7918,2918,Testing,Pump,25.08,54.67,5,60378,
7919,2919,Testing,Extruder,92.98,79.1,4,38252,
7920,2920,Testing,Pressure Cutter,63.1,55.13,9,77971,
7921,2921,Testing,Pressure Cutter,97.41,72.36,9,59614,
7922,2922,Testing,Pump,25.84,74.85,6,39083,
7923,2923,Testing,Pressure Cutter,27.43,88.51,11,52054,
7924,2924,Testing,Extruder,66.65,79.91,4,65437,
7925,2925,Testing,Pump,50.11,65.29,4,61050,
7926,2926,Testing,Extruder,80.32,47.81,7,64610,
7927,2927,Testing,Extruder,88.4,79.19,5,30207,
7928,2928,Testing,Extruder,9.97,81.99,17,47550,
7929,2929,Testing,Gauge Machine,27.01,55.04,15,79508,
7930,2930,Testing,Gauge Machine,15.46,58.01,8,67606,
7931,2931,Testing,Coil Oven,95.97,52.88,6,60622,
7932,2932,Testing,Extruder,86.7,92.49,9,52699,
7933,2933,Testing,Gauge Machine,23.54,43.18,1,30449,
7934,2934,Testing,Extruder,72.18,79.7,6,67390,
7935,2935,Testing,Gauge Machine,31.9,65.8,2,79260,
7936,2936,Testing,Pump,51.36,87.52,5,61940,
7937,2937,Testing,Extruder,18.34,86.33,14,44635,
7938,2938,Testing,Pressure Cutter,98.72,40.34,5,63076,
7939,2939,Testing,Pump,83.96,76.66,8,30999,
7940,2940,Testing,Pump,75.7,59.97,10,58668,
7941,2941,Testing,Gauge Machine,69.18,74.18,3,64249,
7942,2942,Testing,Pressure Cutter,17.28,66.48,12,42548,
7943,2943,Testing,Pressure Cutter,74.63,47.72,2,44610,
7944,2944,Testing,Gauge Machine,55.8,83.52,15,40432,
7945,2945,Testing,Gauge Machine,92.09,55.04,7,25161,
7946,2946,Testing,Gauge Machine,21.75,65.91,7,30388,
7947,2947,Testing,Gauge Machine,69.24,72.26,16,51605,
7948,2948,Testing,Pressure Cutter,87.93,41.55,6,66797,
7949,2949,Testing,Pump,44.23,49.47,12,60498,
7950,2950,Testing,Extruder,83.12,83.58,17,53788,
7951,2951,Testing,Pump,19.37,71.92,13,35199,
7952,2952,Testing,Pump,64.79,42.15,8,34173,
7953,2953,Testing,Pressure Cutter,98.61,51.89,11,36425,
7954,2954,Testing,Extruder,15.08,77.55,2,61045,
7955,2955,Testing,Pressure Cutter,31.31,86.44,13,42676,
7956,2956,Testing,Extruder,37.85,41.97,12,76984,
7957,2957,Testing,Extruder,7.54,59.59,5,79198,
7958,2958,Testing,Pressure Cutter,65.06,82.24,14,78005,
7959,2959,Testing,Extruder,93.55,77.27,3,32427,
7960,2960,Testing,Coil Oven,83.99,73.27,12,30371,
7961,2961,Testing,Pump,70.64,48.26,10,28377,
7962,2962,Testing,Pressure Cutter,57.33,91.02,13,79515,
7963,2963,Testing,Pressure Cutter,99.62,86.91,15,77432,
7964,2964,Testing,Extruder,37.95,58.03,9,68488,
7965,2965,Testing,Gauge Machine,37.81,80.52,16,51751,
7966,2966,Testing,Coil Oven,25.16,71.76,3,72577,
7967,2967,Testing,Pump,10.77,52.42,8,56037,
7968,2968,Testing,Extruder,24.21,40.88,14,26305,
7969,2969,Testing,Pump,94.6,45.23,10,73627,
7970,2970,Testing,Coil Oven,67.04,90.15,14,48621,
7971,2971,Testing,Pump,19.94,62.0,3,40284,
7972,2972,Testing,Coil Oven,73.9,86.95,9,72435,
7973,2973,Testing,Pump,94.2,70.69,15,30609,
7974,2974,Testing,Pump,38.17,42.08,17,30027,
7975,2975,Testing,Pump,88.86,71.93,5,56415,
7976,2976,Testing,Pump,12.53,47.3,3,73774,
7977,2977,Testing,Gauge Machine,91.82,71.13,13,38754,
7978,2978,Testing,Extruder,34.47,88.84,10,55433,
7979,2979,Testing,Gauge Machine,31.47,89.97,13,30333,
7980,2980,Testing,Pump,12.63,82.71,13,43689,
7981,2981,Testing,Pressure Cutter,31.69,92.48,7,47201,
7982,2982,Testing,Extruder,47.14,57.87,17,55899,
7983,2983,Testing,Gauge Machine,8.94,63.83,5,48159,
7984,2984,Testing,Pump,19.69,82.59,8,60716,
7985,2985,Testing,Gauge Machine,47.46,62.08,16,40542,
7986,2986,Testing,Pressure Cutter,81.42,78.3,10,56253,
7987,2987,Testing,Gauge Machine,82.55,71.12,16,27070,
7988,2988,Testing,Pressure Cutter,18.01,82.44,15,33626,
7989,2989,Testing,Pump,94.15,72.31,10,66817,
7990,2990,Testing,Pump,34.3,66.78,5,26096,
7991,2991,Testing,Extruder,99.52,36.95,15,73351,
7992,2992,Testing,Extruder,20.34,41.78,10,41320,
7993,2993,Testing,Pressure Cutter,57.06,64.07,6,48831,
7994,2994,Testing,Pump,72.33,80.98,13,26002,
7995,2995,Testing,Pump,15.01,36.7,11,29166,
7996,2996,Testing,Pressure Cutter,11.49,41.8,15,24589,
7997,2997,Testing,Coil Oven,78.85,49.07,15,30908,
7998,2998,Testing,Pump,84.16,58.2,15,46301,
7999,2999,Testing,Extruder,50.49,79.93,16,73812,
8000,3000,Testing,Extruder,86.08,70.94,8,65441,
8001,3001,Testing,Pump,94.43,74.97,10,76980,
8002,3002,Testing,Extruder,87.01,70.11,17,33465,
8003,3003,Testing,Gauge Machine,94.04,91.6,15,30325,
8004,3004,Testing,Coil Oven,85.05,37.96,1,68029,
8005,3005,Testing,Pressure Cutter,39.85,90.97,16,25746,
8006,3006,Testing,Gauge Machine,68.11,60.7,10,51140,
8007,3007,Testing,Pressure Cutter,36.88,54.07,14,49250,
8008,3008,Testing,Coil Oven,76.65,50.18,17,33468,
8009,3009,Testing,Coil Oven,48.8,94.38,12,50349,
8010,3010,Testing,Gauge Machine,77.99,82.36,9,35243,
8011,3011,Testing,Pump,49.79,40.58,7,45965,
8012,3012,Testing,Pressure Cutter,10.33,63.16,16,40252,
8013,3013,Testing,Pressure Cutter,26.99,51.01,10,40342,
8014,3014,Testing,Pump,80.64,80.44,8,35669,
8015,3015,Testing,Pump,73.04,69.66,9,39910,
8016,3016,Testing,Coil Oven,72.1,39.0,13,50161,
8017,3017,Testing,Pressure Cutter,64.4,89.53,10,34610,
8018,3018,Testing,Gauge Machine,42.46,86.6,4,48917,
8019,3019,Testing,Gauge Machine,49.13,94.68,6,34846,
8020,3020,Testing,Coil Oven,88.25,83.06,16,29799,
8021,3021,Testing,Pressure Cutter,93.14,35.15,14,69981,
8022,3022,Testing,Coil Oven,18.08,69.84,11,78106,
8023,3023,Testing,Extruder,41.43,49.75,10,47219,
8024,3024,Testing,Extruder,80.97,35.03,6,65242,
8025,3025,Testing,Coil Oven,39.44,51.17,17,54474,
8026,3026,Testing,Coil Oven,69.68,67.03,4,23263,
8027,3027,Testing,Pump,95.81,90.84,15,56226,
8028,3028,Testing,Coil Oven,95.21,38.04,15,79515,
8029,3029,Testing,Gauge Machine,75.36,92.15,8,78415,
8030,3030,Testing,Pump,97.81,51.83,10,42277,
8031,3031,Testing,Pressure Cutter,47.42,50.12,8,28734,
8032,3032,Testing,Pump,55.2,79.41,13,64917,
8033,3033,Testing,Coil Oven,77.21,75.63,7,39791,
8034,3034,Testing,Extruder,48.85,80.18,15,59866,
8035,3035,Testing,Pump,46.82,58.82,15,60832,
8036,3036,Testing,Gauge Machine,56.28,63.57,2,33341,
8037,3037,Testing,Pump,47.03,89.6,2,76180,
8038,3038,Testing,Coil Oven,33.21,62.53,10,23437,
8039,3039,Testing,Pump,37.37,93.81,4,39179,
8040,3040,Testing,Coil Oven,51.23,40.71,7,66121,
8041,3041,Testing,Gauge Machine,57.94,37.76,4,76863,
8042,3042,Testing,Gauge Machine,40.62,84.37,16,58874,
8043,3043,Testing,Extruder,87.73,83.4,9,32596,
8044,3044,Testing,Pump,51.62,65.17,2,37881,
8045,3045,Testing,Pressure Cutter,39.02,76.87,1,50762,
8046,3046,Testing,Pressure Cutter,91.35,74.65,16,41091,
8047,3047,Testing,Extruder,80.54,61.24,15,60196,
8048,3048,Testing,Gauge Machine,13.54,93.39,6,28289,
8049,3049,Testing,Pump,94.65,77.71,11,71000,
8050,3050,Testing,Gauge Machine,25.75,61.62,4,63525,
8051,3051,Testing,Coil Oven,19.94,57.94,7,43448,
8052,3052,Testing,Pressure Cutter,44.36,60.18,13,45206,
8053,3053,Testing,Pressure Cutter,52.05,54.8,9,72930,
8054,3054,Testing,Pump,89.01,60.06,4,46004,
8055,3055,Testing,Coil Oven,71.03,91.75,15,62468,
8056,3056,Testing,Pressure Cutter,5.54,92.25,11,43477,
8057,3057,Testing,Coil Oven,32.52,73.88,5,71670,
8058,3058,Testing,Pump,78.71,76.2,4,37193,
8059,3059,Testing,Pump,21.03,38.58,4,71882,
8060,3060,Testing,Extruder,49.26,94.46,11,52692,
8061,3061,Testing,Extruder,33.17,40.04,12,31924,
8062,3062,Testing,Extruder,37.6,58.07,6,38817,
8063,3063,Testing,Coil Oven,21.81,90.56,9,76464,
8064,3064,Testing,Pressure Cutter,23.7,59.89,14,47344,
8065,3065,Testing,Extruder,81.91,64.07,15,56317,
8066,3066,Testing,Pump,76.79,53.88,3,67297,
8067,3067,Testing,Gauge Machine,73.46,56.27,5,46927,
8068,3068,Testing,Pump,82.13,74.8,11,69536,
8069,3069,Testing,Extruder,79.9,57.97,4,54532,
8070,3070,Testing,Coil Oven,95.74,74.59,10,62773,
8071,3071,Testing,Gauge Machine,21.8,44.89,11,57527,
8072,3072,Testing,Pump,15.82,70.6,8,35813,
8073,3073,Testing,Extruder,60.87,71.48,3,42796,
8074,3074,Testing,Coil Oven,13.46,56.93,13,35868,
8075,3075,Testing,Pressure Cutter,12.85,44.16,13,58298,
8076,3076,Testing,Pump,79.09,62.3,14,52225,
8077,3077,Testing,Extruder,74.02,42.96,14,29947,
8078,3078,Testing,Pump,93.54,42.6,8,33533,
8079,3079,Testing,Extruder,12.03,42.68,4,31360,
8080,3080,Testing,Pressure Cutter,96.21,73.53,13,35551,
8081,3081,Testing,Pressure Cutter,46.82,65.39,4,78166,
8082,3082,Testing,Coil Oven,26.59,62.15,13,64919,
8083,3083,Testing,Pump,87.03,61.22,16,63334,
8084,3084,Testing,Gauge Machine,53.33,73.22,16,54633,
8085,3085,Testing,Extruder,80.23,59.4,13,59864,
8086,3086,Testing,Coil Oven,57.26,90.23,8,52188,
8087,3087,Testing,Extruder,93.86,63.8,14,48682,
8088,3088,Testing,Extruder,19.0,71.8,15,53777,
8089,3089,Testing,Coil Oven,79.73,90.18,6,23221,
8090,3090,Testing,Extruder,13.01,36.18,5,74915,
8091,3091,Testing,Coil Oven,37.28,85.99,4,31838,
8092,3092,Testing,Gauge Machine,44.25,42.04,8,65173,
8093,3093,Testing,Pressure Cutter,52.61,89.35,4,68968,
8094,3094,Testing,Pressure Cutter,19.06,87.2,15,59547,
8095,3095,Testing,Pump,68.8,56.86,16,45800,
8096,3096,Testing,Pump,78.17,59.99,11,35660,
8097,3097,Testing,Pressure Cutter,55.71,72.63,4,70116,
8098,3098,Testing,Pressure Cutter,67.53,65.05,12,35719,
8099,3099,Testing,Extruder,30.6,44.88,14,68949,
8100,3100,Testing,Coil Oven,51.0,71.58,8,47198,
8101,3101,Testing,Pump,71.34,46.12,13,45805,
8102,3102,Testing,Pump,14.11,50.96,5,43955,
8103,3103,Testing,Pressure Cutter,71.53,46.07,11,78059,
8104,3104,Testing,Pressure Cutter,55.09,91.06,8,42002,
8105,3105,Testing,Pump,62.31,80.71,5,53057,
8106,3106,Testing,Gauge Machine,39.52,84.96,2,44928,
8107,3107,Testing,Coil Oven,59.24,73.6,1,49212,
8108,3108,Testing,Extruder,69.09,49.77,3,73591,
8109,3109,Testing,Pump,74.29,86.65,11,26254,
8110,3110,Testing,Pump,49.25,75.68,14,61756,
8111,3111,Testing,Coil Oven,14.51,60.97,11,61815,
8112,3112,Testing,Gauge Machine,75.61,94.48,12,77642,
8113,3113,Testing,Pump,24.95,51.55,4,49420,
8114,3114,Testing,Gauge Machine,23.93,82.73,1,30218,
8115,3115,Testing,Coil Oven,54.75,64.68,15,77495,
8116,3116,Testing,Pressure Cutter,91.99,84.14,2,60501,
8117,3117,Testing,Gauge Machine,39.79,76.63,7,65374,
8118,3118,Testing,Gauge Machine,52.28,94.81,15,50863,
8119,3119,Testing,Pressure Cutter,52.67,48.79,4,52250,
8120,3120,Testing,Pressure Cutter,82.38,62.42,16,70911,
8121,3121,Testing,Pump,75.88,76.13,5,38496,
8122,3122,Testing,Pump,70.24,52.58,13,44486,
8123,3123,Testing,Extruder,79.58,39.96,13,42013,
8124,3124,Testing,Pump,39.97,58.85,5,72510,
8125,3125,Testing,Extruder,81.03,87.73,5,69496,
8126,3126,Testing,Pressure Cutter,37.41,78.12,16,71130,
8127,3127,Testing,Pump,80.2,42.92,12,27674,
8128,3128,Testing,Gauge Machine,94.02,89.31,2,52464,
8129,3129,Testing,Pump,65.68,75.43,13,34941,
8130,3130,Testing,Pressure Cutter,85.56,69.72,2,32029,
8131,3131,Testing,Pressure Cutter,65.32,66.74,5,40429,
8132,3132,Testing,Pump,45.35,75.16,16,69638,
8133,3133,Testing,Extruder,32.1,94.44,11,78681,
8134,3134,Testing,Pressure Cutter,82.46,76.45,12,49485,
8135,3135,Testing,Gauge Machine,36.81,84.89,8,67161,
8136,3136,Testing,Extruder,5.86,38.45,9,65839,
8137,3137,Testing,Extruder,61.26,72.86,9,58585,
8138,3138,Testing,Pump,43.12,82.33,16,59287,
8139,3139,Testing,Pressure Cutter,98.94,94.3,7,66105,
8140,3140,Testing,Gauge Machine,13.89,37.86,8,50977,
8141,3141,Testing,Extruder,52.84,86.96,14,27945,
8142,3142,Testing,Coil Oven,28.35,40.11,6,75559,
8143,3143,Testing,Pressure Cutter,41.05,36.46,5,26078,
8144,3144,Testing,Pressure Cutter,67.01,92.71,8,50832,
8145,3145,Testing,Pump,6.64,53.93,7,42698,
8146,3146,Testing,Coil Oven,83.88,51.1,8,57274,
8147,3147,Testing,Coil Oven,51.78,39.92,13,70584,
8148,3148,Testing,Pressure Cutter,95.39,80.69,13,72783,
8149,3149,Testing,Extruder,7.27,83.71,8,45960,
8150,3150,Testing,Extruder,77.15,91.91,12,32574,
8151,3151,Testing,Pump,94.73,38.64,4,45573,
8152,3152,Testing,Gauge Machine,22.85,60.18,2,64409,
8153,3153,Testing,Coil Oven,59.67,81.74,8,38409,
8154,3154,Testing,Gauge Machine,14.33,66.94,11,33441,
8155,3155,Testing,Pump,44.09,40.71,2,53737,
8156,3156,Testing,Pump,90.71,54.02,15,70503,
8157,3157,Testing,Pressure Cutter,42.86,72.02,6,38821,
8158,3158,Testing,Pressure Cutter,95.14,81.57,15,59470,
8159,3159,Testing,Pressure Cutter,26.56,65.99,7,75048,
8160,3160,Testing,Pump,23.02,80.35,11,42725,
8161,3161,Testing,Coil Oven,34.09,41.86,16,44469,
8162,3162,Testing,Coil Oven,6.19,90.11,6,28644,
8163,3163,Testing,Extruder,12.69,88.26,5,71983,
8164,3164,Testing,Extruder,73.83,70.19,11,59528,
8165,3165,Testing,Extruder,14.3,78.06,16,49582,
8166,3166,Testing,Coil Oven,49.19,79.95,15,36236,
8167,3167,Testing,Pump,17.12,75.79,17,57073,
8168,3168,Testing,Gauge Machine,99.62,94.93,7,46457,
8169,3169,Testing,Coil Oven,6.11,91.63,9,54992,
8170,3170,Testing,Pressure Cutter,99.8,51.07,16,47180,
8171,3171,Testing,Pump,63.3,75.08,4,66961,
8172,3172,Testing,Pump,65.91,64.84,5,43062,
8173,3173,Testing,Gauge Machine,37.35,60.83,5,44460,
8174,3174,Testing,Extruder,80.99,72.35,5,51384,
8175,3175,Testing,Gauge Machine,11.78,82.0,8,24663,
8176,3176,Testing,Gauge Machine,67.89,56.73,3,46536,
8177,3177,Testing,Extruder,96.86,62.7,9,66038,
8178,3178,Testing,Gauge Machine,66.99,60.12,3,53975,
8179,3179,Testing,Gauge Machine,72.58,48.91,1,27737,
8180,3180,Testing,Extruder,6.24,78.79,10,75718,
8181,3181,Testing,Pressure Cutter,93.15,88.23,10,29804,
8182,3182,Testing,Pump,97.25,49.26,12,27452,
8183,3183,Testing,Pressure Cutter,61.7,59.39,4,53944,
8184,3184,Testing,Pump,73.59,64.81,7,76029,
8185,3185,Testing,Coil Oven,16.08,56.92,15,75658,
8186,3186,Testing,Gauge Machine,7.07,64.39,7,52052,
8187,3187,Testing,Gauge Machine,35.08,50.34,8,58650,
8188,3188,Testing,Pressure Cutter,58.64,74.26,4,70419,
8189,3189,Testing,Gauge Machine,58.29,51.39,11,49787,
8190,3190,Testing,Gauge Machine,17.15,80.13,13,74998,
8191,3191,Testing,Extruder,55.97,43.41,2,52125,
8192,3192,Testing,Gauge Machine,26.34,37.74,9,60020,
8193,3193,Testing,Coil Oven,23.25,90.35,15,39978,
8194,3194,Testing,Pressure Cutter,67.64,92.45,7,26870,
8195,3195,Testing,Pump,90.18,52.47,13,44626,
8196,3196,Testing,Extruder,48.37,63.3,6,28979,
8197,3197,Testing,Coil Oven,50.0,91.83,13,60056,
8198,3198,Testing,Gauge Machine,81.11,55.49,8,66973,
8199,3199,Testing,Extruder,35.18,41.85,7,44894,
8200,3200,Testing,Pressure Cutter,7.48,41.36,17,39274,
8201,3201,Testing,Pump,85.46,83.99,9,32390,
8202,3202,Testing,Pressure Cutter,69.99,77.79,15,75963,
8203,3203,Testing,Extruder,81.51,67.14,9,28649,
8204,3204,Testing,Coil Oven,61.0,50.59,5,74510,
8205,3205,Testing,Coil Oven,52.63,83.7,3,47515,
8206,3206,Testing,Pressure Cutter,16.78,79.06,1,24534,
8207,3207,Testing,Pressure Cutter,83.76,94.94,8,41546,
8208,3208,Testing,Pump,66.27,89.66,6,31908,
8209,3209,Testing,Coil Oven,40.69,64.83,8,23508,
8210,3210,Testing,Pressure Cutter,15.01,69.49,1,25876,
8211,3211,Testing,Gauge Machine,98.14,52.71,12,79566,
8212,3212,Testing,Coil Oven,61.37,48.8,8,44942,
8213,3213,Testing,Pressure Cutter,97.46,93.33,4,77710,
8214,3214,Testing,Pressure Cutter,80.37,58.01,16,32094,
8215,3215,Testing,Pressure Cutter,75.97,86.35,4,52955,
8216,3216,Testing,Gauge Machine,81.59,79.58,8,55939,
8217,3217,Testing,Pump,68.57,58.88,6,55825,
8218,3218,Testing,Pressure Cutter,6.05,85.92,17,72485,
8219,3219,Testing,Pressure Cutter,18.63,68.49,6,50657,
8220,3220,Testing,Coil Oven,33.54,80.84,3,28032,
8221,3221,Testing,Gauge Machine,10.35,55.35,8,29945,
8222,3222,Testing,Gauge Machine,14.83,58.36,15,55435,
8223,3223,Testing,Extruder,12.65,80.6,8,38512,
8224,3224,Testing,Coil Oven,13.81,53.4,13,23428,
8225,3225,Testing,Pump,70.69,87.05,8,65689,
8226,3226,Testing,Extruder,41.15,51.05,9,27728,
8227,3227,Testing,Extruder,73.58,62.45,9,63052,
8228,3228,Testing,Gauge Machine,79.43,46.14,6,54978,
8229,3229,Testing,Pump,53.7,41.64,2,63715,
8230,3230,Testing,Coil Oven,43.0,77.9,4,64849,
8231,3231,Testing,Coil Oven,91.67,74.73,3,55223,
8232,3232,Testing,Pressure Cutter,37.13,57.14,4,33045,
8233,3233,Testing,Coil Oven,28.26,64.86,17,64734,
8234,3234,Testing,Pump,90.31,78.01,11,45930,
8235,3235,Testing,Pressure Cutter,68.85,76.1,14,29313,
8236,3236,Testing,Pressure Cutter,94.88,86.86,3,36944,
8237,3237,Testing,Extruder,51.03,49.69,7,47463,
8238,3238,Testing,Extruder,48.79,37.99,3,29065,
8239,3239,Testing,Extruder,49.97,62.54,11,31148,
8240,3240,Testing,Coil Oven,38.23,90.3,8,58090,
8241,3241,Testing,Extruder,9.48,61.44,6,33917,
8242,3242,Testing,Gauge Machine,9.46,50.62,5,61329,
8243,3243,Testing,Gauge Machine,22.36,78.48,12,31896,
8244,3244,Testing,Pressure Cutter,34.58,37.24,17,65916,
8245,3245,Testing,Coil Oven,53.51,82.56,15,63404,
8246,3246,Testing,Gauge Machine,7.24,44.14,5,52536,
8247,3247,Testing,Pressure Cutter,28.94,77.5,17,39707,
8248,3248,Testing,Pump,27.07,66.63,5,29237,
8249,3249,Testing,Pressure Cutter,78.15,36.2,6,41603,
8250,3250,Testing,Extruder,40.56,91.07,10,61117,
8251,3251,Testing,Extruder,86.56,75.44,15,28440,
8252,3252,Testing,Pressure Cutter,13.54,49.56,5,42843,
8253,3253,Testing,Coil Oven,84.89,67.4,2,23621,
8254,3254,Testing,Coil Oven,24.75,41.89,5,26273,
8255,3255,Testing,Pressure Cutter,74.36,45.39,8,66392,
8256,3256,Testing,Pressure Cutter,86.24,46.57,9,37401,
8257,3257,Testing,Pressure Cutter,59.58,82.37,12,53599,
8258,3258,Testing,Gauge Machine,55.18,93.07,15,64755,
8259,3259,Testing,Gauge Machine,59.15,54.24,16,72685,
8260,3260,Testing,Gauge Machine,54.92,73.9,10,55051,
8261,3261,Testing,Extruder,72.76,49.46,5,38715,
8262,3262,Testing,Extruder,57.53,55.64,15,62839,
8263,3263,Testing,Gauge Machine,43.94,43.13,4,49576,
8264,3264,Testing,Coil Oven,50.42,56.43,14,31657,
8265,3265,Testing,Coil Oven,88.35,77.1,7,62145,
8266,3266,Testing,Gauge Machine,11.68,88.91,12,53454,
8267,3267,Testing,Gauge Machine,72.38,65.48,8,55901,
8268,3268,Testing,Gauge Machine,94.39,87.2,4,63952,
8269,3269,Testing,Coil Oven,57.91,38.45,2,35559,
8270,3270,Testing,Coil Oven,70.36,69.72,3,67415,
8271,3271,Testing,Gauge Machine,88.9,62.95,3,50220,
8272,3272,Testing,Gauge Machine,85.72,47.17,9,46487,
8273,3273,Testing,Pump,26.94,37.71,2,31575,
8274,3274,Testing,Pressure Cutter,78.92,44.67,13,34674,
8275,3275,Testing,Pressure Cutter,98.57,63.86,10,48798,
8276,3276,Testing,Gauge Machine,13.06,71.96,11,58193,
8277,3277,Testing,Coil Oven,53.47,88.53,4,54030,
8278,3278,Testing,Extruder,18.04,76.15,17,43903,
8279,3279,Testing,Pump,48.01,53.02,5,51268,
8280,3280,Testing,Pressure Cutter,9.66,71.77,3,71770,
8281,3281,Testing,Coil Oven,64.16,74.95,13,73268,
8282,3282,Testing,Pressure Cutter,21.59,55.41,5,79943,
8283,3283,Testing,Extruder,40.57,40.35,11,55368,
8284,3284,Testing,Pump,94.53,79.57,8,38549,
8285,3285,Testing,Pressure Cutter,45.7,92.55,4,50134,
8286,3286,Testing,Pressure Cutter,71.5,64.42,3,42010,
8287,3287,Testing,Gauge Machine,68.56,70.63,12,33495,
8288,3288,Testing,Gauge Machine,8.05,39.91,14,41232,
8289,3289,Testing,Pump,8.4,50.36,17,26837,
8290,3290,Testing,Gauge Machine,49.84,90.38,5,26840,
8291,3291,Testing,Extruder,97.88,80.37,14,28460,
8292,3292,Testing,Pressure Cutter,71.64,66.42,11,75847,
8293,3293,Testing,Pressure Cutter,5.57,81.66,10,39455,
8294,3294,Testing,Gauge Machine,85.61,94.45,3,35227,
8295,3295,Testing,Extruder,9.92,46.81,11,60264,
8296,3296,Testing,Extruder,66.52,62.47,2,69776,
8297,3297,Testing,Pressure Cutter,67.37,60.97,7,77408,
8298,3298,Testing,Extruder,62.38,72.09,3,54794,
8299,3299,Testing,Coil Oven,93.76,58.8,2,53701,
8300,3300,Testing,Extruder,18.66,90.14,15,60805,
8301,3301,Testing,Coil Oven,79.72,94.98,14,41298,
8302,3302,Testing,Gauge Machine,48.44,94.04,9,62231,
8303,3303,Testing,Pressure Cutter,86.2,47.07,16,47298,
8304,3304,Testing,Extruder,73.52,38.07,6,42419,
8305,3305,Testing,Gauge Machine,59.83,46.19,4,25525,
8306,3306,Testing,Gauge Machine,87.51,37.81,15,31580,
8307,3307,Testing,Extruder,42.41,86.61,3,71125,
8308,3308,Testing,Coil Oven,82.53,35.79,14,50096,
8309,3309,Testing,Extruder,74.9,80.51,6,42622,
8310,3310,Testing,Pump,43.26,37.94,12,65008,
8311,3311,Testing,Pressure Cutter,47.7,64.96,10,51359,
8312,3312,Testing,Coil Oven,29.2,81.0,12,79905,
8313,3313,Testing,Pump,14.06,84.32,8,41225,
8314,3314,Testing,Coil Oven,81.85,58.51,14,62991,
8315,3315,Testing,Pump,89.04,62.89,4,64694,
8316,3316,Testing,Coil Oven,31.74,55.04,11,45647,
8317,3317,Testing,Pressure Cutter,50.22,50.38,6,39896,
8318,3318,Testing,Pressure Cutter,86.39,76.22,1,66114,
8319,3319,Testing,Pump,57.91,49.46,10,70393,
8320,3320,Testing,Gauge Machine,86.04,92.37,1,62861,
8321,3321,Testing,Extruder,74.29,93.48,11,76032,
8322,3322,Testing,Extruder,91.7,74.02,10,78863,
8323,3323,Testing,Coil Oven,30.21,84.57,9,66383,
8324,3324,Testing,Pump,94.07,90.38,13,35785,
8325,3325,Testing,Extruder,60.85,92.5,7,36853,
8326,3326,Testing,Gauge Machine,81.09,43.18,3,51187,
8327,3327,Testing,Gauge Machine,28.07,74.75,14,73521,
8328,3328,Testing,Pressure Cutter,43.97,72.9,16,49616,
8329,3329,Testing,Pressure Cutter,41.64,72.55,9,31643,
8330,3330,Testing,Gauge Machine,52.22,56.88,11,49971,
8331,3331,Testing,Pump,7.34,53.85,2,24479,
8332,3332,Testing,Coil Oven,23.57,86.61,13,38534,
8333,3333,Testing,Extruder,49.35,42.99,16,48662,
8334,3334,Testing,Coil Oven,15.9,52.67,11,63415,
8335,3335,Testing,Extruder,56.98,69.61,5,56300,
8336,3336,Testing,Gauge Machine,64.87,90.78,10,27123,
8337,3337,Testing,Gauge Machine,29.31,83.79,16,65225,
8338,3338,Testing,Extruder,62.71,64.01,7,53136,
8339,3339,Testing,Gauge Machine,77.98,78.45,15,39307,
8340,3340,Testing,Extruder,93.48,41.28,2,51380,
8341,3341,Testing,Gauge Machine,22.22,48.98,7,74473,
8342,3342,Testing,Pump,34.42,84.78,17,58856,
8343,3343,Testing,Gauge Machine,10.65,91.32,9,51035,
8344,3344,Testing,Coil Oven,70.08,55.47,7,42393,
8345,3345,Testing,Extruder,86.89,53.99,4,58897,
8346,3346,Testing,Gauge Machine,7.21,45.42,11,45885,
8347,3347,Testing,Extruder,28.8,46.17,10,70879,
8348,3348,Testing,Coil Oven,93.74,38.68,15,65445,
8349,3349,Testing,Coil Oven,91.69,74.05,6,31881,
8350,3350,Testing,Coil Oven,61.58,84.78,16,55913,
8351,3351,Testing,Coil Oven,5.13,91.83,12,34006,
8352,3352,Testing,Extruder,87.37,45.6,10,39492,
8353,3353,Testing,Pressure Cutter,71.76,79.18,11,31493,
8354,3354,Testing,Coil Oven,36.36,55.0,3,39336,
8355,3355,Testing,Pump,81.79,75.62,16,53561,
8356,3356,Testing,Coil Oven,44.98,87.71,12,71059,
8357,3357,Testing,Gauge Machine,45.56,46.96,13,27340,
8358,3358,Testing,Extruder,54.31,54.17,14,67644,
8359,3359,Testing,Gauge Machine,8.51,58.2,13,41834,
8360,3360,Testing,Coil Oven,55.58,42.94,8,72380,
8361,3361,Testing,Extruder,25.81,82.24,15,30695,
8362,3362,Testing,Extruder,20.31,59.46,11,68606,
8363,3363,Testing,Extruder,5.01,89.47,15,55106,
8364,3364,Testing,Gauge Machine,19.35,93.12,15,50898,
8365,3365,Testing,Coil Oven,63.49,58.89,11,34761,
8366,3366,Testing,Extruder,98.69,89.91,13,48289,
8367,3367,Testing,Pump,49.42,85.57,9,62208,
8368,3368,Testing,Extruder,23.99,64.06,4,75284,
8369,3369,Testing,Extruder,22.54,80.48,12,64413,
8370,3370,Testing,Pressure Cutter,99.61,65.75,7,35251,
8371,3371,Testing,Extruder,12.33,87.44,5,79610,
8372,3372,Testing,Extruder,40.01,65.2,12,32740,
8373,3373,Testing,Extruder,52.46,90.8,13,39775,
8374,3374,Testing,Coil Oven,24.03,76.38,5,35418,
8375,3375,Testing,Gauge Machine,44.16,82.93,4,64927,
8376,3376,Testing,Gauge Machine,19.73,63.62,9,39753,
8377,3377,Testing,Pressure Cutter,65.36,76.77,16,68611,
8378,3378,Testing,Pump,65.96,41.49,17,27439,
8379,3379,Testing,Pump,11.32,74.88,10,59147,
8380,3380,Testing,Pump,84.67,63.19,10,75656,
8381,3381,Testing,Pressure Cutter,31.72,78.23,5,79946,
8382,3382,Testing,Coil Oven,45.99,50.33,14,41715,
8383,3383,Testing,Pressure Cutter,89.12,85.75,2,63376,
8384,3384,Testing,Coil Oven,43.28,70.4,8,51291,
8385,3385,Testing,Extruder,61.18,61.47,15,36854,
8386,3386,Testing,Gauge Machine,42.39,69.92,16,38976,
8387,3387,Testing,Gauge Machine,43.19,66.83,12,71979,
8388,3388,Testing,Pressure Cutter,12.73,51.52,9,30010,
8389,3389,Testing,Gauge Machine,92.93,41.69,7,46712,
8390,3390,Testing,Gauge Machine,98.56,89.01,13,77186,
8391,3391,Testing,Pump,17.59,49.15,16,77973,
8392,3392,Testing,Coil Oven,52.6,51.3,7,40231,
8393,3393,Testing,Pressure Cutter,83.59,88.31,11,56976,
8394,3394,Testing,Extruder,95.24,47.94,9,38833,
8395,3395,Testing,Gauge Machine,39.43,43.19,3,33269,
8396,3396,Testing,Coil Oven,30.67,70.66,9,36009,
8397,3397,Testing,Coil Oven,99.53,44.18,14,41376,
8398,3398,Testing,Pump,79.45,78.32,9,31686,
8399,3399,Testing,Pump,72.15,85.75,16,47902,
8400,3400,Testing,Extruder,30.24,70.5,10,54981,
8401,3401,Testing,Pump,54.89,53.59,7,78774,
8402,3402,Testing,Pressure Cutter,59.84,63.02,13,72602,
8403,3403,Testing,Pump,91.58,92.1,17,68419,
8404,3404,Testing,Extruder,55.18,76.72,10,28670,
8405,3405,Testing,Pressure Cutter,22.95,87.62,11,68971,
8406,3406,Testing,Pump,87.26,48.06,15,74831,
8407,3407,Testing,Extruder,73.6,36.27,2,52091,
8408,3408,Testing,Coil Oven,84.42,84.12,9,41637,
8409,3409,Testing,Pump,41.28,47.38,17,45899,
8410,3410,Testing,Gauge Machine,85.01,60.77,3,78801,
8411,3411,Testing,Pump,5.85,38.37,4,41737,
8412,3412,Testing,Coil Oven,61.47,77.11,9,76439,
8413,3413,Testing,Extruder,18.07,37.01,4,48817,
8414,3414,Testing,Gauge Machine,30.68,76.73,16,75024,
8415,3415,Testing,Gauge Machine,28.98,49.43,14,39367,
8416,3416,Testing,Coil Oven,70.32,94.86,11,74633,
8417,3417,Testing,Pump,8.76,89.46,2,38223,
8418,3418,Testing,Gauge Machine,48.16,78.0,9,26219,
8419,3419,Testing,Pump,38.0,63.53,11,76586,
8420,3420,Testing,Extruder,72.31,65.44,1,52635,
8421,3421,Testing,Pump,53.51,68.76,7,40573,
8422,3422,Testing,Gauge Machine,81.4,74.0,8,65496,
8423,3423,Testing,Coil Oven,65.89,67.86,13,30217,
8424,3424,Testing,Extruder,50.87,94.28,7,68455,
8425,3425,Testing,Gauge Machine,47.17,60.55,2,29198,
8426,3426,Testing,Pressure Cutter,98.0,88.26,4,61751,
8427,3427,Testing,Pressure Cutter,27.11,68.92,8,51576,
8428,3428,Testing,Pressure Cutter,38.28,52.66,15,57117,
8429,3429,Testing,Extruder,6.01,38.11,15,63745,
8430,3430,Testing,Pressure Cutter,35.29,58.44,13,51750,
8431,3431,Testing,Pump,96.14,74.98,4,32314,
8432,3432,Testing,Pump,56.01,91.85,6,55971,
8433,3433,Testing,Extruder,5.58,56.62,16,62839,
8434,3434,Testing,Pump,94.01,71.65,11,60627,
8435,3435,Testing,Extruder,77.15,54.48,15,57381,
8436,3436,Testing,Extruder,85.32,82.77,3,27656,
8437,3437,Testing,Pressure Cutter,18.52,73.01,14,47657,
8438,3438,Testing,Pump,69.65,49.83,16,61724,
8439,3439,Testing,Coil Oven,70.48,77.27,16,46964,
8440,3440,Testing,Pump,13.13,62.62,14,33834,
8441,3441,Testing,Coil Oven,76.58,91.19,13,49999,
8442,3442,Testing,Pressure Cutter,24.89,74.3,4,60998,
8443,3443,Testing,Pump,38.85,42.01,10,58643,
8444,3444,Testing,Pressure Cutter,99.37,36.2,4,72014,
8445,3445,Testing,Pump,50.4,76.6,11,34799,
8446,3446,Testing,Extruder,86.9,90.42,4,24763,
8447,3447,Testing,Pressure Cutter,68.38,83.31,17,44186,
8448,3448,Testing,Pressure Cutter,88.65,65.9,16,39059,
8449,3449,Testing,Coil Oven,37.72,81.02,15,48434,
8450,3450,Testing,Pressure Cutter,56.44,65.39,15,58250,
8451,3451,Testing,Coil Oven,80.86,81.6,6,54123,
8452,3452,Testing,Coil Oven,24.26,46.51,5,65642,
8453,3453,Testing,Pressure Cutter,55.97,58.04,14,47289,
8454,3454,Testing,Pump,72.95,67.63,2,31833,
8455,3455,Testing,Pressure Cutter,34.05,77.17,5,68986,
8456,3456,Testing,Pump,49.95,71.86,4,62969,
8457,3457,Testing,Coil Oven,38.09,92.96,13,54303,
8458,3458,Testing,Gauge Machine,33.66,82.73,10,35689,
8459,3459,Testing,Extruder,51.6,53.24,16,57975,
8460,3460,Testing,Coil Oven,88.57,85.84,4,23235,
8461,3461,Testing,Coil Oven,80.71,54.73,5,59499,
8462,3462,Testing,Pressure Cutter,32.01,67.62,10,51008,
8463,3463,Testing,Pressure Cutter,9.93,37.3,11,43310,
8464,3464,Testing,Pump,76.72,75.56,6,32308,
8465,3465,Testing,Pressure Cutter,38.32,50.34,15,63899,
8466,3466,Testing,Extruder,51.89,82.48,6,63221,
8467,3467,Testing,Extruder,95.43,54.35,3,63035,
8468,3468,Testing,Pressure Cutter,97.43,48.87,5,53048,
8469,3469,Testing,Extruder,6.87,54.05,2,79412,
8470,3470,Testing,Pump,74.15,80.49,9,56540,
8471,3471,Testing,Pump,88.83,37.19,13,42965,
8472,3472,Testing,Pump,78.58,48.31,10,65223,
8473,3473,Testing,Pressure Cutter,83.94,68.46,9,35495,
8474,3474,Testing,Gauge Machine,59.13,46.54,9,75290,
8475,3475,Testing,Coil Oven,38.77,48.91,17,45236,
8476,3476,Testing,Pump,72.46,90.13,12,47292,
8477,3477,Testing,Gauge Machine,72.96,66.93,14,71608,
8478,3478,Testing,Pressure Cutter,9.99,38.53,6,36817,
8479,3479,Testing,Gauge Machine,67.64,45.46,8,52048,
8480,3480,Testing,Gauge Machine,14.82,49.3,13,42846,
8481,3481,Testing,Gauge Machine,52.24,53.1,16,23513,
8482,3482,Testing,Pressure Cutter,68.92,83.72,9,34871,
8483,3483,Testing,Pressure Cutter,97.13,89.46,4,33830,
8484,3484,Testing,Pressure Cutter,71.54,94.62,6,26257,
8485,3485,Testing,Pressure Cutter,7.89,70.68,6,58626,
8486,3486,Testing,Gauge Machine,83.16,76.44,16,43415,
8487,3487,Testing,Pump,92.03,40.42,15,47442,
8488,3488,Testing,Extruder,28.66,53.16,13,39194,
8489,3489,Testing,Coil Oven,22.1,41.39,7,40207,
8490,3490,Testing,Pressure Cutter,22.63,52.61,1,68710,
8491,3491,Testing,Pressure Cutter,40.57,44.21,4,27887,
8492,3492,Testing,Extruder,36.15,59.11,3,26902,
8493,3493,Testing,Extruder,63.66,46.94,3,58849,
8494,3494,Testing,Gauge Machine,93.21,67.76,16,38701,
8495,3495,Testing,Gauge Machine,39.53,49.95,13,53274,
8496,3496,Testing,Pressure Cutter,66.6,71.15,11,63990,
8497,3497,Testing,Coil Oven,84.57,68.1,11,74115,
8498,3498,Testing,Gauge Machine,66.78,72.96,3,63184,
8499,3499,Testing,Coil Oven,49.13,78.63,9,71879,
8500,3500,Testing,Gauge Machine,62.04,90.45,8,53265,
8501,3501,Testing,Extruder,41.13,49.56,5,53531,
8502,3502,Testing,Pump,43.19,88.39,13,79412,
8503,3503,Testing,Pressure Cutter,40.8,49.74,16,50358,
8504,3504,Testing,Coil Oven,45.84,83.3,8,77336,
8505,3505,Testing,Gauge Machine,12.46,83.9,11,54509,
8506,3506,Testing,Coil Oven,61.19,38.74,3,69020,
8507,3507,Testing,Extruder,91.16,66.04,13,65616,
8508,3508,Testing,Gauge Machine,23.55,39.3,12,44661,
8509,3509,Testing,Gauge Machine,30.45,68.86,9,53290,
8510,3510,Testing,Coil Oven,47.18,81.83,7,43863,
8511,3511,Testing,Pump,75.3,70.28,10,25818,
8512,3512,Testing,Coil Oven,5.43,87.92,9,76854,
8513,3513,Testing,Pressure Cutter,22.03,69.45,4,49374,
8514,3514,Testing,Coil Oven,95.38,46.94,7,43250,
8515,3515,Testing,Pressure Cutter,55.69,38.58,14,28950,
8516,3516,Testing,Coil Oven,44.97,38.86,12,38047,
8517,3517,Testing,Pump,32.4,43.07,1,69464,
8518,3518,Testing,Pressure Cutter,68.65,64.5,15,53589,
8519,3519,Testing,Extruder,15.04,58.44,10,49441,
8520,3520,Testing,Coil Oven,97.87,68.9,5,74599,
8521,3521,Testing,Gauge Machine,40.98,58.75,16,43890,
8522,3522,Testing,Extruder,51.75,47.29,13,67987,
8523,3523,Testing,Gauge Machine,85.18,70.85,1,75607,
8524,3524,Testing,Coil Oven,38.14,52.91,12,59040,
8525,3525,Testing,Pump,40.8,35.1,4,61527,
8526,3526,Testing,Extruder,90.63,66.84,8,30328,
8527,3527,Testing,Extruder,79.76,36.36,3,67764,
8528,3528,Testing,Pressure Cutter,28.83,75.03,8,55778,
8529,3529,Testing,Coil Oven,37.68,50.67,4,67504,
8530,3530,Testing,Coil Oven,36.1,89.33,7,38502,
8531,3531,Testing,Pump,66.16,83.7,6,64934,
8532,3532,Testing,Pressure Cutter,68.46,58.14,10,36989,
8533,3533,Testing,Pump,76.92,61.81,14,58462,
8534,3534,Testing,Extruder,20.98,90.5,11,43412,
8535,3535,Testing,Gauge Machine,93.09,89.85,15,77059,
8536,3536,Testing,Pressure Cutter,83.95,60.59,14,59687,
8537,3537,Testing,Pump,71.57,77.73,9,44053,
8538,3538,Testing,Extruder,45.24,73.33,2,56277,
8539,3539,Testing,Coil Oven,83.16,37.92,10,42097,
8540,3540,Testing,Gauge Machine,68.32,75.44,4,73074,
8541,3541,Testing,Pump,27.39,55.03,13,25321,
8542,3542,Testing,Pressure Cutter,26.65,49.1,13,42870,
8543,3543,Testing,Gauge Machine,65.17,48.45,6,48816,
8544,3544,Testing,Coil Oven,87.0,66.2,6,35466,
8545,3545,Testing,Coil Oven,5.91,68.09,14,78392,
8546,3546,Testing,Pressure Cutter,85.29,72.74,2,48093,
8547,3547,Testing,Coil Oven,19.24,46.95,8,52825,
8548,3548,Testing,Coil Oven,16.48,43.92,11,57220,
8549,3549,Testing,Pump,29.76,48.79,3,77896,
8550,3550,Testing,Pump,99.85,49.75,4,47402,
8551,3551,Testing,Pressure Cutter,38.21,77.1,16,46140,
8552,3552,Testing,Extruder,6.39,41.04,16,72233,
8553,3553,Testing,Pump,62.42,56.21,6,26784,
8554,3554,Testing,Pump,91.5,82.46,9,33472,
8555,3555,Testing,Pump,72.03,48.45,16,33361,
8556,3556,Testing,Pressure Cutter,13.54,54.4,2,77610,
8557,3557,Testing,Gauge Machine,48.78,60.3,6,35256,
8558,3558,Testing,Coil Oven,7.16,44.69,3,76297,
8559,3559,Testing,Gauge Machine,89.25,72.07,15,58157,
8560,3560,Testing,Pressure Cutter,13.6,63.24,4,54914,
8561,3561,Testing,Pump,17.99,70.55,4,31420,
8562,3562,Testing,Extruder,37.11,91.29,13,72175,
8563,3563,Testing,Coil Oven,41.42,56.15,15,68175,
8564,3564,Testing,Coil Oven,97.99,56.53,4,76299,
8565,3565,Testing,Gauge Machine,90.2,87.04,10,70954,
8566,3566,Testing,Extruder,24.11,73.94,5,72473,
8567,3567,Testing,Extruder,46.63,67.85,12,29549,
8568,3568,Testing,Coil Oven,81.07,64.05,16,52216,
8569,3569,Testing,Coil Oven,5.59,45.3,5,60320,
8570,3570,Testing,Extruder,12.57,49.05,9,28803,
8571,3571,Testing,Pump,72.07,63.97,12,33239,
8572,3572,Testing,Coil Oven,85.65,83.69,2,55028,
8573,3573,Testing,Coil Oven,64.64,48.83,8,39216,
8574,3574,Testing,Extruder,57.36,88.87,7,27452,
8575,3575,Testing,Extruder,18.18,78.67,2,73150,
8576,3576,Testing,Coil Oven,8.83,38.82,2,63715,
8577,3577,Testing,Extruder,41.84,44.07,17,31565,
8578,3578,Testing,Gauge Machine,90.88,43.05,12,31104,
8579,3579,Testing,Coil Oven,6.99,78.27,10,50628,
8580,3580,Testing,Coil Oven,78.25,85.58,6,41427,
8581,3581,Testing,Extruder,98.2,46.17,16,32798,
8582,3582,Testing,Coil Oven,36.11,51.16,16,38528,
8583,3583,Testing,Pump,54.09,81.26,1,30570,
8584,3584,Testing,Extruder,40.15,43.2,16,68528,
8585,3585,Testing,Gauge Machine,26.67,92.3,16,41161,
8586,3586,Testing,Coil Oven,9.19,51.06,9,74924,
8587,3587,Testing,Extruder,5.74,93.58,7,37860,
8588,3588,Testing,Pressure Cutter,55.78,65.33,9,34483,
8589,3589,Testing,Pressure Cutter,30.36,36.88,3,52229,
8590,3590,Testing,Pump,94.25,38.7,14,39584,
8591,3591,Testing,Pump,8.44,77.52,8,28962,
8592,3592,Testing,Pump,29.73,68.18,15,50382,
8593,3593,Testing,Extruder,20.9,49.97,9,26363,
8594,3594,Testing,Pressure Cutter,49.93,74.97,7,70858,
8595,3595,Testing,Extruder,42.05,36.97,12,49043,
8596,3596,Testing,Gauge Machine,89.73,48.73,6,56718,
8597,3597,Testing,Extruder,70.92,66.35,7,26905,
8598,3598,Testing,Gauge Machine,77.41,39.87,3,33533,
8599,3599,Testing,Pump,28.81,57.69,8,25407,
8600,3600,Testing,Extruder,74.07,51.45,8,75415,
8601,3601,Testing,Extruder,81.92,87.1,12,79179,
8602,3602,Testing,Extruder,43.27,75.57,8,23340,
8603,3603,Testing,Pump,19.09,94.69,2,26428,
8604,3604,Testing,Coil Oven,66.34,53.01,2,40022,
8605,3605,Testing,Pump,20.08,36.26,10,47270,
8606,3606,Testing,Pressure Cutter,88.7,63.63,6,78113,
8607,3607,Testing,Extruder,61.72,65.26,7,48301,
8608,3608,Testing,Pressure Cutter,76.53,60.32,6,52127,
8609,3609,Testing,Pressure Cutter,43.02,39.97,10,26544,
8610,3610,Testing,Gauge Machine,6.13,49.43,14,67904,
8611,3611,Testing,Gauge Machine,73.56,53.18,6,35316,
8612,3612,Testing,Pressure Cutter,43.23,72.48,9,60805,
8613,3613,Testing,Gauge Machine,81.7,72.14,11,78339,
8614,3614,Testing,Gauge Machine,27.47,55.58,11,79543,
8615,3615,Testing,Pressure Cutter,83.85,90.3,15,63532,
8616,3616,Testing,Pressure Cutter,44.41,37.85,14,62646,
8617,3617,Testing,Pressure Cutter,81.53,53.26,8,58806,
8618,3618,Testing,Extruder,18.97,63.14,8,47210,
8619,3619,Testing,Extruder,77.95,71.19,14,58856,
8620,3620,Testing,Pressure Cutter,28.65,81.28,17,43818,
8621,3621,Testing,Pump,77.1,77.91,12,26464,
8622,3622,Testing,Gauge Machine,91.96,39.99,5,63821,
8623,3623,Testing,Extruder,7.7,36.16,4,59713,
8624,3624,Testing,Extruder,31.66,46.88,11,67168,
8625,3625,Testing,Gauge Machine,18.08,83.74,10,47663,
8626,3626,Testing,Extruder,93.52,61.57,3,54635,
8627,3627,Testing,Coil Oven,56.27,53.12,6,37112,
8628,3628,Testing,Gauge Machine,79.4,70.15,14,79315,
8629,3629,Testing,Coil Oven,66.93,49.6,5,23042,
8630,3630,Testing,Gauge Machine,80.0,80.7,7,63169,
8631,3631,Testing,Pump,20.21,36.08,6,67607,
8632,3632,Testing,Pressure Cutter,36.73,82.84,3,71155,
8633,3633,Testing,Pressure Cutter,81.65,83.66,7,23196,
8634,3634,Testing,Gauge Machine,43.43,76.01,15,26436,
8635,3635,Testing,Gauge Machine,27.97,89.96,17,55471,
8636,3636,Testing,Gauge Machine,82.74,68.69,16,63240,
8637,3637,Testing,Pressure Cutter,76.05,39.56,10,49375,
8638,3638,Testing,Gauge Machine,44.71,43.23,4,78188,
8639,3639,Testing,Pressure Cutter,9.23,41.63,1,27445,
8640,3640,Testing,Pump,67.08,90.44,4,53018,
8641,3641,Testing,Pump,24.05,71.85,16,74134,
8642,3642,Testing,Pump,82.44,52.76,3,69232,
8643,3643,Testing,Gauge Machine,15.28,62.05,16,48118,
8644,3644,Testing,Extruder,74.73,47.16,14,60806,
8645,3645,Testing,Coil Oven,18.73,62.62,4,59631,
8646,3646,Testing,Pressure Cutter,48.62,63.11,16,52615,
8647,3647,Testing,Gauge Machine,73.79,65.62,12,60083,
8648,3648,Testing,Pump,83.06,35.41,15,25859,
8649,3649,Testing,Pressure Cutter,82.63,53.11,17,43270,
8650,3650,Testing,Pump,75.86,80.85,15,62536,
8651,3651,Testing,Pump,43.53,93.28,12,59786,
8652,3652,Testing,Gauge Machine,85.62,47.57,8,59024,
8653,3653,Testing,Pump,85.0,35.84,1,40049,
8654,3654,Testing,Coil Oven,66.86,91.9,13,37899,
8655,3655,Testing,Pressure Cutter,55.08,51.64,11,60810,
8656,3656,Testing,Extruder,36.18,86.81,8,29662,
8657,3657,Testing,Extruder,87.21,82.48,16,27260,
8658,3658,Testing,Pressure Cutter,50.14,44.39,15,38516,
8659,3659,Testing,Extruder,12.92,82.96,16,41770,
8660,3660,Testing,Pump,98.76,79.58,6,30193,
8661,3661,Testing,Extruder,78.07,76.77,17,75912,
8662,3662,Testing,Extruder,29.42,37.12,3,75636,
8663,3663,Testing,Coil Oven,96.71,50.3,15,52029,
8664,3664,Testing,Pump,95.51,61.61,12,25153,
8665,3665,Testing,Gauge Machine,57.51,35.48,15,75834,
8666,3666,Testing,Gauge Machine,93.02,68.67,14,38138,
8667,3667,Testing,Gauge Machine,42.11,42.4,11,78043,
8668,3668,Testing,Pressure Cutter,42.19,82.46,17,40395,
8669,3669,Testing,Pump,80.16,57.33,3,33117,
8670,3670,Testing,Pump,99.0,77.65,10,51327,
8671,3671,Testing,Coil Oven,61.34,42.84,1,37046,
8672,3672,Testing,Extruder,11.27,78.31,11,31711,
8673,3673,Testing,Gauge Machine,86.55,84.8,7,71729,
8674,3674,Testing,Pressure Cutter,58.44,45.57,16,79669,
8675,3675,Testing,Extruder,69.03,52.13,12,48996,
8676,3676,Testing,Coil Oven,63.06,70.25,6,58188,
8677,3677,Testing,Coil Oven,73.26,37.78,6,27584,
8678,3678,Testing,Pump,53.81,74.44,9,58231,
8679,3679,Testing,Coil Oven,87.25,68.01,4,59900,
8680,3680,Testing,Gauge Machine,51.06,74.47,5,26135,
8681,3681,Testing,Pump,38.32,91.45,3,35504,
8682,3682,Testing,Coil Oven,20.32,74.84,11,27857,
8683,3683,Testing,Gauge Machine,86.41,87.86,15,69198,
8684,3684,Testing,Gauge Machine,90.28,91.49,15,35130,
8685,3685,Testing,Pressure Cutter,22.35,65.34,15,44114,
8686,3686,Testing,Coil Oven,93.52,65.92,10,39329,
8687,3687,Testing,Extruder,89.78,46.66,15,40233,
8688,3688,Testing,Pump,46.62,91.56,2,41585,
8689,3689,Testing,Gauge Machine,7.37,88.87,10,72948,
8690,3690,Testing,Pump,12.64,41.3,5,73986,
8691,3691,Testing,Gauge Machine,69.5,79.78,11,35403,
8692,3692,Testing,Extruder,69.1,71.87,11,75677,
8693,3693,Testing,Gauge Machine,14.35,63.0,13,77455,
8694,3694,Testing,Gauge Machine,15.94,93.18,4,64051,
8695,3695,Testing,Pressure Cutter,69.61,49.92,3,64281,
8696,3696,Testing,Extruder,71.97,40.73,2,51749,
8697,3697,Testing,Pump,21.41,84.67,6,43272,
8698,3698,Testing,Coil Oven,93.63,77.38,15,39362,
8699,3699,Testing,Extruder,38.19,54.13,16,47159,
8700,3700,Testing,Pump,17.89,55.12,2,78786,
8701,3701,Testing,Extruder,88.04,56.22,5,58597,
8702,3702,Testing,Coil Oven,96.8,40.8,1,25296,
8703,3703,Testing,Gauge Machine,57.05,41.48,3,74805,
8704,3704,Testing,Coil Oven,65.97,78.39,3,33167,
8705,3705,Testing,Pressure Cutter,86.45,56.12,14,50897,
8706,3706,Testing,Gauge Machine,97.16,36.68,2,39454,
8707,3707,Testing,Pump,63.71,44.39,1,43475,
8708,3708,Testing,Gauge Machine,42.83,66.7,1,58530,
8709,3709,Testing,Coil Oven,37.02,80.56,5,63271,
8710,3710,Testing,Extruder,55.72,84.99,10,36248,
8711,3711,Testing,Coil Oven,55.33,69.07,5,53128,
8712,3712,Testing,Pump,45.58,75.89,8,50835,
8713,3713,Testing,Pump,76.98,59.99,5,72873,
8714,3714,Testing,Coil Oven,14.45,42.36,16,62600,
8715,3715,Testing,Pressure Cutter,96.31,85.98,11,66544,
8716,3716,Testing,Pump,55.06,86.17,11,65786,
8717,3717,Testing,Extruder,12.25,82.57,16,49553,
8718,3718,Testing,Pump,38.55,75.97,11,62706,
8719,3719,Testing,Gauge Machine,12.94,54.14,6,54872,
8720,3720,Testing,Pump,43.3,56.88,6,34195,
8721,3721,Testing,Pump,74.4,84.31,14,32595,
8722,3722,Testing,Coil Oven,31.65,49.99,7,43409,
8723,3723,Testing,Gauge Machine,79.62,81.11,6,64049,
8724,3724,Testing,Pressure Cutter,27.79,84.62,6,57643,
8725,3725,Testing,Pressure Cutter,67.73,72.66,2,52401,
8726,3726,Testing,Coil Oven,50.39,54.65,13,56927,
8727,3727,Testing,Pump,30.35,84.01,14,37701,
8728,3728,Testing,Extruder,26.79,67.85,12,71165,
8729,3729,Testing,Gauge Machine,50.98,46.96,7,44635,
8730,3730,Testing,Coil Oven,71.91,91.08,15,78602,
8731,3731,Testing,Pump,73.87,58.48,7,32863,
8732,3732,Testing,Coil Oven,68.83,45.07,8,47372,
8733,3733,Testing,Gauge Machine,56.52,91.16,11,32162,
8734,3734,Testing,Coil Oven,21.2,60.77,15,38656,
8735,3735,Testing,Pump,51.56,35.15,1,72179,
8736,3736,Testing,Coil Oven,27.66,91.0,2,34242,
8737,3737,Testing,Extruder,55.91,81.65,7,78089,
8738,3738,Testing,Gauge Machine,22.91,51.79,8,63247,
8739,3739,Testing,Pump,42.66,78.8,8,46797,
8740,3740,Testing,Extruder,92.75,60.44,10,74613,
8741,3741,Testing,Pump,87.76,85.33,6,45785,
8742,3742,Testing,Pressure Cutter,94.25,70.92,10,74055,
8743,3743,Testing,Gauge Machine,86.06,46.26,10,43001,
8744,3744,Testing,Pressure Cutter,67.99,78.78,12,32787,
8745,3745,Testing,Pump,91.49,74.55,1,69149,
8746,3746,Testing,Pump,61.55,50.77,11,63900,
8747,3747,Testing,Pressure Cutter,15.81,82.01,11,37667,
8748,3748,Testing,Gauge Machine,87.96,69.88,16,71603,
8749,3749,Testing,Coil Oven,56.46,51.5,14,46187,
8750,3750,Testing,Gauge Machine,97.35,76.93,4,72560,
8751,3751,Testing,Pump,28.05,56.05,12,72111,
8752,3752,Testing,Pressure Cutter,73.14,77.02,12,66695,
8753,3753,Testing,Pressure Cutter,85.55,54.81,12,79875,
8754,3754,Testing,Extruder,37.77,55.52,9,73631,
8755,3755,Testing,Pump,84.01,87.4,2,55741,
8756,3756,Testing,Extruder,17.9,89.92,15,41843,
8757,3757,Testing,Gauge Machine,75.14,71.3,7,69130,
8758,3758,Testing,Coil Oven,29.71,62.87,9,41752,
8759,3759,Testing,Pressure Cutter,66.49,79.67,3,56061,
8760,3760,Testing,Gauge Machine,49.41,86.87,6,29507,
8761,3761,Testing,Gauge Machine,82.43,63.25,11,35166,
8762,3762,Testing,Coil Oven,30.66,59.58,16,49134,
8763,3763,Testing,Gauge Machine,24.6,47.09,7,75828,
8764,3764,Testing,Pressure Cutter,75.64,47.81,12,50579,
8765,3765,Testing,Gauge Machine,14.47,66.14,6,73210,
8766,3766,Testing,Gauge Machine,37.95,92.81,2,64774,
8767,3767,Testing,Pressure Cutter,58.88,60.73,5,43882,
8768,3768,Testing,Pump,94.76,83.46,15,56529,
8769,3769,Testing,Pressure Cutter,17.84,60.93,2,57291,
8770,3770,Testing,Pump,33.22,51.9,2,31696,
8771,3771,Testing,Pump,98.71,79.8,13,28720,
8772,3772,Testing,Coil Oven,14.46,83.63,4,32469,
8773,3773,Testing,Pressure Cutter,55.02,75.1,17,30763,
8774,3774,Testing,Extruder,35.84,73.96,4,66018,
8775,3775,Testing,Extruder,77.81,51.65,16,71775,
8776,3776,Testing,Gauge Machine,39.03,68.33,15,63026,
8777,3777,Testing,Coil Oven,55.26,57.02,9,44381,
8778,3778,Testing,Gauge Machine,70.08,80.65,10,28396,
8779,3779,Testing,Coil Oven,33.51,78.79,14,58465,
8780,3780,Testing,Pump,50.36,45.19,6,28641,
8781,3781,Testing,Coil Oven,68.12,55.85,16,28015,
8782,3782,Testing,Pump,74.72,81.69,5,42412,
8783,3783,Testing,Pressure Cutter,80.09,85.14,10,52952,
8784,3784,Testing,Pressure Cutter,67.14,43.06,13,27087,
8785,3785,Testing,Pump,92.89,80.45,12,27267,
8786,3786,Testing,Extruder,23.44,63.19,10,59811,
8787,3787,Testing,Gauge Machine,73.1,46.7,17,63140,
8788,3788,Testing,Pump,52.11,64.74,9,37731,
8789,3789,Testing,Pump,55.98,82.4,10,54596,
8790,3790,Testing,Pump,43.56,64.66,11,44739,
8791,3791,Testing,Extruder,76.43,72.86,2,41026,
8792,3792,Testing,Extruder,91.29,49.46,10,56400,
8793,3793,Testing,Coil Oven,67.81,69.76,10,24282,
8794,3794,Testing,Coil Oven,95.21,93.53,10,48846,
8795,3795,Testing,Pressure Cutter,36.74,80.38,2,30619,
8796,3796,Testing,Pressure Cutter,22.76,48.6,17,52477,
8797,3797,Testing,Pump,84.01,48.89,2,78025,
8798,3798,Testing,Extruder,50.9,82.31,5,72403,
8799,3799,Testing,Pump,83.39,48.51,16,68032,
8800,3800,Testing,Pump,20.28,94.94,17,56419,
8801,3801,Testing,Pump,47.01,41.13,13,72171,
8802,3802,Testing,Pressure Cutter,26.35,56.45,10,28058,
8803,3803,Testing,Gauge Machine,56.48,83.85,7,51918,
8804,3804,Testing,Gauge Machine,47.22,49.41,5,34662,
8805,3805,Testing,Extruder,60.28,92.64,12,54471,
8806,3806,Testing,Pump,65.29,47.57,9,48477,
8807,3807,Testing,Pump,36.95,76.84,12,38055,
8808,3808,Testing,Pump,65.49,64.22,6,31567,
8809,3809,Testing,Pressure Cutter,57.17,83.82,13,71679,
8810,3810,Testing,Gauge Machine,37.58,41.11,5,60660,
8811,3811,Testing,Gauge Machine,78.37,38.18,7,63374,
8812,3812,Testing,Coil Oven,18.99,69.77,4,75632,
8813,3813,Testing,Pressure Cutter,42.74,47.96,16,32143,
8814,3814,Testing,Gauge Machine,22.67,43.03,2,72980,
8815,3815,Testing,Gauge Machine,46.12,57.44,9,75340,
8816,3816,Testing,Pump,81.57,94.33,12,48585,
8817,3817,Testing,Coil Oven,75.04,39.37,3,37247,
8818,3818,Testing,Pump,58.19,86.37,5,57678,
8819,3819,Testing,Coil Oven,76.31,79.33,15,62340,
8820,3820,Testing,Pressure Cutter,86.88,81.46,13,56934,
8821,3821,Testing,Gauge Machine,69.02,39.25,6,30628,
8822,3822,Testing,Gauge Machine,31.28,43.05,12,39938,
8823,3823,Testing,Pressure Cutter,30.62,89.87,5,74544,
8824,3824,Testing,Coil Oven,16.14,72.87,9,31194,
8825,3825,Testing,Coil Oven,82.53,91.84,2,66001,
8826,3826,Testing,Extruder,52.42,44.77,14,48915,
8827,3827,Testing,Pressure Cutter,54.46,76.05,15,59137,
8828,3828,Testing,Pressure Cutter,61.44,60.14,6,23633,
8829,3829,Testing,Pressure Cutter,89.58,76.22,7,66247,
8830,3830,Testing,Extruder,49.86,84.3,16,58477,
8831,3831,Testing,Pump,48.33,89.3,12,58785,
8832,3832,Testing,Extruder,62.42,67.41,9,65900,
8833,3833,Testing,Coil Oven,91.19,49.39,15,49941,
8834,3834,Testing,Pump,72.47,72.76,16,64164,
8835,3835,Testing,Coil Oven,13.57,69.4,6,71077,
8836,3836,Testing,Pump,61.54,43.09,4,51402,
8837,3837,Testing,Pump,75.68,54.67,15,53724,
8838,3838,Testing,Gauge Machine,22.08,74.92,3,62049,
8839,3839,Testing,Extruder,45.1,65.55,7,43041,
8840,3840,Testing,Pressure Cutter,67.84,53.63,15,23690,
8841,3841,Testing,Gauge Machine,50.13,94.01,5,66035,
8842,3842,Testing,Extruder,83.91,72.13,6,55438,
8843,3843,Testing,Gauge Machine,32.33,40.94,2,28151,
8844,3844,Testing,Extruder,49.82,63.15,4,44104,
8845,3845,Testing,Coil Oven,5.76,39.64,15,63509,
8846,3846,Testing,Pump,23.83,67.86,15,40617,
8847,3847,Testing,Pressure Cutter,93.9,63.65,13,29369,
8848,3848,Testing,Coil Oven,94.13,68.96,15,72172,
8849,3849,Testing,Extruder,54.61,78.37,8,53775,
8850,3850,Testing,Pump,77.99,42.9,5,49528,
8851,3851,Testing,Gauge Machine,90.28,88.25,6,33048,
8852,3852,Testing,Gauge Machine,41.1,63.67,11,48035,
8853,3853,Testing,Coil Oven,33.75,38.76,11,63027,
8854,3854,Testing,Extruder,51.98,41.5,13,25800,
8855,3855,Testing,Pressure Cutter,44.95,58.44,7,59297,
8856,3856,Testing,Gauge Machine,50.89,42.77,13,24693,
8857,3857,Testing,Pressure Cutter,38.42,52.1,9,25771,
8858,3858,Testing,Gauge Machine,78.92,74.82,11,26677,
8859,3859,Testing,Pump,7.12,93.28,15,48905,
8860,3860,Testing,Pressure Cutter,71.75,55.31,11,59047,
8861,3861,Testing,Pressure Cutter,23.45,76.54,4,31621,
8862,3862,Testing,Gauge Machine,45.99,75.07,6,58523,
8863,3863,Testing,Coil Oven,7.79,37.53,17,71528,
8864,3864,Testing,Extruder,20.41,82.19,11,44721,
8865,3865,Testing,Pressure Cutter,49.47,59.25,4,34447,
8866,3866,Testing,Pump,80.32,72.25,3,75765,
8867,3867,Testing,Extruder,98.04,44.92,14,60940,
8868,3868,Testing,Pressure Cutter,35.53,47.28,2,27901,
8869,3869,Testing,Gauge Machine,9.04,57.85,15,30631,
8870,3870,Testing,Gauge Machine,44.64,83.15,11,44333,
8871,3871,Testing,Gauge Machine,56.86,76.51,15,24347,
8872,3872,Testing,Extruder,57.0,85.72,8,50197,
8873,3873,Testing,Extruder,8.07,70.04,5,24279,
8874,3874,Testing,Gauge Machine,43.16,80.76,11,58816,
8875,3875,Testing,Extruder,93.16,85.55,4,56507,
8876,3876,Testing,Gauge Machine,66.22,47.77,13,45571,
8877,3877,Testing,Gauge Machine,75.44,67.15,17,62489,
8878,3878,Testing,Gauge Machine,47.01,74.98,13,23929,
8879,3879,Testing,Gauge Machine,33.87,51.0,14,51795,
8880,3880,Testing,Pump,48.05,88.09,16,76962,
8881,3881,Testing,Pump,80.17,87.0,8,67766,
8882,3882,Testing,Pressure Cutter,94.03,46.3,12,73237,
8883,3883,Testing,Pump,88.61,94.83,5,46279,
8884,3884,Testing,Coil Oven,97.26,47.62,14,45957,
8885,3885,Testing,Pressure Cutter,75.11,92.12,2,65563,
8886,3886,Testing,Coil Oven,28.74,59.52,13,28481,
8887,3887,Testing,Pressure Cutter,11.97,82.17,9,50404,
8888,3888,Testing,Gauge Machine,19.19,63.21,16,55537,
8889,3889,Testing,Pump,80.38,54.02,17,42484,
8890,3890,Testing,Pump,61.6,49.94,13,29588,
8891,3891,Testing,Pump,57.55,41.32,13,66897,
8892,3892,Testing,Gauge Machine,48.38,59.05,9,34082,
8893,3893,Testing,Gauge Machine,79.93,48.2,9,53134,
8894,3894,Testing,Pump,65.22,63.71,16,56058,
8895,3895,Testing,Coil Oven,48.27,37.51,15,68308,
8896,3896,Testing,Pump,76.97,48.29,11,63903,
8897,3897,Testing,Extruder,65.01,83.12,5,66609,
8898,3898,Testing,Extruder,19.34,68.53,5,71972,
8899,3899,Testing,Pressure Cutter,32.98,68.88,2,64276,
8900,3900,Testing,Pressure Cutter,20.82,88.44,9,61232,
8901,3901,Testing,Coil Oven,27.42,75.19,2,24981,
8902,3902,Testing,Pump,65.15,74.52,12,64750,
8903,3903,Testing,Pump,78.52,49.53,8,40674,
8904,3904,Testing,Coil Oven,29.27,75.13,6,47640,
8905,3905,Testing,Pump,41.7,69.28,10,72001,
8906,3906,Testing,Extruder,7.79,72.51,1,58372,
8907,3907,Testing,Gauge Machine,79.4,46.04,13,56700,
8908,3908,Testing,Extruder,76.29,60.19,15,54157,
8909,3909,Testing,Pump,74.38,67.97,5,26225,
8910,3910,Testing,Extruder,44.07,71.5,10,64231,
8911,3911,Testing,Pump,62.9,85.09,11,39994,
8912,3912,Testing,Pressure Cutter,28.84,73.18,15,30198,
8913,3913,Testing,Coil Oven,75.44,42.68,11,69566,
8914,3914,Testing,Coil Oven,81.3,93.5,10,60366,
8915,3915,Testing,Pump,60.69,42.8,11,28481,
8916,3916,Testing,Coil Oven,11.3,51.07,16,36585,
8917,3917,Testing,Pump,51.62,43.0,12,61379,
8918,3918,Testing,Pressure Cutter,31.22,38.95,2,32593,
8919,3919,Testing,Gauge Machine,91.16,80.11,12,40042,
8920,3920,Testing,Pump,90.97,35.84,6,59630,
8921,3921,Testing,Coil Oven,97.1,60.28,3,50103,
8922,3922,Testing,Pressure Cutter,29.37,93.3,3,49675,
8923,3923,Testing,Pressure Cutter,7.37,70.96,10,35313,
8924,3924,Testing,Extruder,71.81,94.54,9,40155,
8925,3925,Testing,Coil Oven,28.3,75.37,2,55315,
8926,3926,Testing,Pressure Cutter,11.37,59.46,3,66516,
8927,3927,Testing,Gauge Machine,63.34,76.19,3,42024,
8928,3928,Testing,Pump,57.56,72.4,6,40014,
8929,3929,Testing,Pressure Cutter,84.28,75.99,5,41898,
8930,3930,Testing,Pressure Cutter,54.09,59.4,14,35444,
8931,3931,Testing,Pressure Cutter,18.51,73.31,3,69270,
8932,3932,Testing,Extruder,63.91,57.33,16,60260,
8933,3933,Testing,Coil Oven,22.33,36.29,10,71651,
8934,3934,Testing,Extruder,45.14,56.83,4,23077,
8935,3935,Testing,Coil Oven,92.54,77.11,5,35589,
8936,3936,Testing,Extruder,89.4,74.0,6,33663,
8937,3937,Testing,Gauge Machine,49.52,69.01,16,57542,
8938,3938,Testing,Coil Oven,76.51,72.72,11,79113,
8939,3939,Testing,Gauge Machine,67.68,84.89,12,70558,
8940,3940,Testing,Pump,68.91,76.52,3,72667,
8941,3941,Testing,Coil Oven,91.52,76.2,6,49483,
8942,3942,Testing,Extruder,53.79,45.58,8,74144,
8943,3943,Testing,Pump,41.25,74.88,8,59947,
8944,3944,Testing,Pressure Cutter,33.65,46.3,15,67736,
8945,3945,Testing,Pressure Cutter,24.69,71.37,15,75208,
8946,3946,Testing,Pump,49.25,76.08,17,51048,
8947,3947,Testing,Pressure Cutter,36.6,78.75,6,78299,
8948,3948,Testing,Coil Oven,95.25,77.33,7,66609,
8949,3949,Testing,Pressure Cutter,63.99,47.42,9,68707,
8950,3950,Testing,Pump,14.16,59.69,3,49254,
8951,3951,Testing,Extruder,79.02,50.28,17,43155,
8952,3952,Testing,Extruder,56.52,63.46,3,56240,
8953,3953,Testing,Coil Oven,23.84,86.62,9,56915,
8954,3954,Testing,Pump,57.75,74.22,11,73404,
8955,3955,Testing,Pressure Cutter,42.35,59.7,15,36200,
8956,3956,Testing,Extruder,56.08,44.37,12,38887,
8957,3957,Testing,Pump,88.0,93.07,8,28848,
8958,3958,Testing,Extruder,78.01,37.89,3,74216,
8959,3959,Testing,Pressure Cutter,81.91,83.36,16,71462,
8960,3960,Testing,Extruder,72.87,35.25,5,33485,
8961,3961,Testing,Gauge Machine,79.74,42.05,5,67193,
8962,3962,Testing,Extruder,70.05,80.75,2,60017,
8963,3963,Testing,Gauge Machine,44.65,88.05,15,59945,
8964,3964,Testing,Pressure Cutter,37.21,51.5,1,57449,
8965,3965,Testing,Pressure Cutter,35.81,70.48,3,39430,
8966,3966,Testing,Pressure Cutter,67.47,90.17,14,23412,
8967,3967,Testing,Coil Oven,64.46,62.52,4,79797,
8968,3968,Testing,Pump,92.52,65.12,8,44387,
8969,3969,Testing,Pressure Cutter,88.48,81.13,3,54503,
8970,3970,Testing,Pressure Cutter,72.22,75.07,4,75405,
8971,3971,Testing,Coil Oven,95.89,43.79,12,77287,
8972,3972,Testing,Gauge Machine,31.25,69.13,10,57045,
8973,3973,Testing,Extruder,34.05,41.46,17,37729,
8974,3974,Testing,Pressure Cutter,42.9,84.57,12,57147,
8975,3975,Testing,Coil Oven,72.9,70.65,9,55060,
8976,3976,Testing,Extruder,47.89,62.68,13,72111,
8977,3977,Testing,Pump,45.36,90.57,14,69455,
8978,3978,Testing,Gauge Machine,84.8,50.1,4,75987,
8979,3979,Testing,Extruder,48.56,74.17,7,65550,
8980,3980,Testing,Gauge Machine,14.02,56.15,6,78687,
8981,3981,Testing,Pump,65.66,94.41,14,50266,
8982,3982,Testing,Coil Oven,55.68,79.46,8,52822,
8983,3983,Testing,Pressure Cutter,10.5,36.79,2,43586,
8984,3984,Testing,Pressure Cutter,47.77,58.73,15,61182,
8985,3985,Testing,Gauge Machine,79.04,71.0,10,57938,
8986,3986,Testing,Extruder,30.93,42.19,7,47580,
8987,3987,Testing,Extruder,21.32,61.54,11,44827,
8988,3988,Testing,Coil Oven,96.53,57.79,6,74727,
8989,3989,Testing,Pressure Cutter,99.77,86.03,10,78555,
8990,3990,Testing,Gauge Machine,31.43,67.11,12,62501,
8991,3991,Testing,Pump,80.2,76.35,7,68528,
8992,3992,Testing,Pressure Cutter,25.39,54.68,14,58069,
8993,3993,Testing,Gauge Machine,73.35,68.43,13,24440,
8994,3994,Testing,Pressure Cutter,84.4,64.71,9,45049,
8995,3995,Testing,Pump,30.57,87.02,10,40615,
8996,3996,Testing,Coil Oven,5.09,48.85,8,65984,
8997,3997,Testing,Coil Oven,12.08,47.97,3,43456,
8998,3998,Testing,Pressure Cutter,94.7,94.51,15,58763,
8999,3999,Testing,Pressure Cutter,47.02,79.56,17,69253,
9000,4000,Testing,Gauge Machine,12.25,49.29,6,36662,
9001,4001,Testing,Pressure Cutter,62.39,88.81,16,36509,
9002,4002,Testing,Coil Oven,17.15,54.67,17,50305,
9003,4003,Testing,Pump,76.45,56.54,8,31351,
9004,4004,Testing,Gauge Machine,25.95,73.94,1,49501,
9005,4005,Testing,Coil Oven,62.88,94.1,10,34298,
9006,4006,Testing,Extruder,7.86,92.57,11,48134,
9007,4007,Testing,Pressure Cutter,13.91,70.44,8,47837,
9008,4008,Testing,Extruder,68.37,72.41,4,75860,
9009,4009,Testing,Gauge Machine,60.3,47.47,12,31703,
9010,4010,Testing,Pump,82.09,47.24,1,71604,
9011,4011,Testing,Gauge Machine,56.29,86.81,13,63276,
9012,4012,Testing,Gauge Machine,38.44,86.88,9,45331,
9013,4013,Testing,Pump,8.22,81.65,8,29496,
9014,4014,Testing,Pump,70.08,78.26,15,52494,
9015,4015,Testing,Gauge Machine,29.62,85.47,15,72619,
9016,4016,Testing,Gauge Machine,36.93,38.94,2,48139,
9017,4017,Testing,Coil Oven,66.93,91.68,14,72087,
9018,4018,Testing,Extruder,23.51,66.4,16,26664,
9019,4019,Testing,Pump,49.24,92.64,6,33252,
9020,4020,Testing,Extruder,12.29,77.54,2,71643,
9021,4021,Testing,Coil Oven,79.47,67.01,5,31353,
9022,4022,Testing,Pressure Cutter,24.91,88.15,16,39305,
9023,4023,Testing,Pressure Cutter,87.28,65.07,8,74524,
9024,4024,Testing,Pump,45.61,36.38,9,33461,
9025,4025,Testing,Extruder,87.7,51.72,2,47362,
9026,4026,Testing,Coil Oven,91.23,36.46,11,33065,
9027,4027,Testing,Pump,84.31,56.84,14,58191,
9028,4028,Testing,Gauge Machine,11.83,62.03,3,38502,
9029,4029,Testing,Gauge Machine,84.24,42.64,5,61516,
9030,4030,Testing,Gauge Machine,61.93,55.63,6,65029,
9031,4031,Testing,Pressure Cutter,19.85,52.14,9,77138,
9032,4032,Testing,Coil Oven,66.32,67.73,16,43834,
9033,4033,Testing,Extruder,69.5,74.44,10,51053,
9034,4034,Testing,Extruder,27.52,83.21,2,34852,
9035,4035,Testing,Coil Oven,17.24,86.75,2,34458,
9036,4036,Testing,Pump,53.22,69.57,2,61633,
9037,4037,Testing,Gauge Machine,61.88,43.62,11,30973,
9038,4038,Testing,Pressure Cutter,60.8,35.98,14,31674,
9039,4039,Testing,Pump,6.36,47.95,14,37365,
9040,4040,Testing,Pressure Cutter,28.8,79.78,6,54742,
9041,4041,Testing,Coil Oven,90.53,56.75,11,40444,
9042,4042,Testing,Coil Oven,65.25,35.53,12,42899,
9043,4043,Testing,Gauge Machine,38.83,94.1,14,51155,
9044,4044,Testing,Gauge Machine,14.25,48.01,10,60060,
9045,4045,Testing,Extruder,77.15,46.63,15,74159,
9046,4046,Testing,Pump,81.32,61.63,16,51552,
9047,4047,Testing,Pressure Cutter,27.37,73.25,15,48423,
9048,4048,Testing,Coil Oven,43.31,90.32,16,59867,
9049,4049,Testing,Pump,73.64,40.39,1,47116,
9050,4050,Testing,Extruder,84.74,48.33,15,59023,
9051,4051,Testing,Pressure Cutter,36.91,87.77,2,27465,
9052,4052,Testing,Pump,35.92,88.28,13,26806,
9053,4053,Testing,Pump,50.58,55.31,10,49652,
9054,4054,Testing,Pressure Cutter,42.4,47.06,11,57367,
9055,4055,Testing,Coil Oven,37.16,39.32,13,35555,
9056,4056,Testing,Pump,12.88,72.79,10,30496,
9057,4057,Testing,Pressure Cutter,6.78,80.75,5,47412,
9058,4058,Testing,Pump,60.19,67.47,15,77292,
9059,4059,Testing,Coil Oven,62.3,70.28,4,38956,
9060,4060,Testing,Pressure Cutter,69.3,70.53,3,62176,
9061,4061,Testing,Gauge Machine,53.95,59.96,8,50792,
9062,4062,Testing,Extruder,31.96,62.3,12,24260,
9063,4063,Testing,Pump,94.7,36.42,2,39822,
9064,4064,Testing,Extruder,89.95,84.53,5,72913,
9065,4065,Testing,Coil Oven,18.44,89.16,7,71865,
9066,4066,Testing,Extruder,73.16,40.02,8,30942,
9067,4067,Testing,Extruder,17.84,48.63,6,77389,
9068,4068,Testing,Gauge Machine,48.17,43.6,15,23913,
9069,4069,Testing,Coil Oven,11.76,61.9,15,56825,
9070,4070,Testing,Pressure Cutter,67.25,58.16,8,77411,
9071,4071,Testing,Gauge Machine,75.02,87.33,10,38601,
9072,4072,Testing,Extruder,74.15,82.81,6,63617,
9073,4073,Testing,Gauge Machine,8.77,81.89,2,70873,
9074,4074,Testing,Pressure Cutter,70.95,66.22,10,34194,
9075,4075,Testing,Gauge Machine,26.26,40.18,15,50472,
9076,4076,Testing,Pressure Cutter,99.42,73.45,7,49662,
9077,4077,Testing,Coil Oven,42.31,92.84,16,52984,
9078,4078,Testing,Coil Oven,36.24,50.94,6,37001,
9079,4079,Testing,Extruder,25.98,74.31,15,32135,
9080,4080,Testing,Extruder,46.59,69.21,2,30828,
9081,4081,Testing,Gauge Machine,84.55,92.49,7,65081,
9082,4082,Testing,Pump,57.13,62.27,4,33502,
9083,4083,Testing,Pressure Cutter,57.25,83.43,15,32575,
9084,4084,Testing,Extruder,74.62,87.68,16,48890,
9085,4085,Testing,Gauge Machine,44.71,58.04,10,72011,
9086,4086,Testing,Pump,67.23,87.55,7,27281,
9087,4087,Testing,Pressure Cutter,64.44,51.53,12,61713,
9088,4088,Testing,Extruder,62.28,49.96,15,49359,
9089,4089,Testing,Extruder,35.61,54.26,2,44667,
9090,4090,Testing,Pump,59.25,51.53,16,64125,
9091,4091,Testing,Extruder,85.57,51.37,13,52842,
9092,4092,Testing,Extruder,43.01,44.88,10,78283,
9093,4093,Testing,Extruder,61.47,86.6,8,32482,
9094,4094,Testing,Pressure Cutter,97.41,35.58,15,63922,
9095,4095,Testing,Gauge Machine,21.7,54.01,15,57634,
9096,4096,Testing,Extruder,23.99,72.76,8,51624,
9097,4097,Testing,Pressure Cutter,60.18,39.26,12,67950,
9098,4098,Testing,Extruder,52.02,45.18,4,65790,
9099,4099,Testing,Pump,66.57,52.34,2,48292,
9100,4100,Testing,Extruder,98.16,67.81,1,37590,
9101,4101,Testing,Coil Oven,68.27,70.35,4,23293,
9102,4102,Testing,Coil Oven,82.06,61.65,15,62684,
9103,4103,Testing,Extruder,9.52,94.6,11,36902,
9104,4104,Testing,Pump,15.67,57.99,3,44104,
9105,4105,Testing,Extruder,84.73,58.31,11,38349,
9106,4106,Testing,Pressure Cutter,13.27,75.61,2,31342,
9107,4107,Testing,Coil Oven,6.71,49.83,16,45656,
9108,4108,Testing,Gauge Machine,54.49,85.89,11,78907,
9109,4109,Testing,Coil Oven,24.33,57.68,17,61385,
9110,4110,Testing,Gauge Machine,51.73,68.08,9,68973,
9111,4111,Testing,Coil Oven,98.45,35.34,7,70269,
9112,4112,Testing,Pressure Cutter,60.98,39.52,12,51214,
9113,4113,Testing,Gauge Machine,66.59,72.28,16,27266,
9114,4114,Testing,Pressure Cutter,57.18,65.38,4,43887,
9115,4115,Testing,Coil Oven,15.27,55.17,4,51309,
9116,4116,Testing,Coil Oven,82.0,57.59,9,42221,
9117,4117,Testing,Extruder,26.8,66.33,17,67398,
9118,4118,Testing,Pressure Cutter,83.88,83.13,12,39648,
9119,4119,Testing,Gauge Machine,48.32,38.86,15,24010,
9120,4120,Testing,Pressure Cutter,66.91,82.95,10,44112,
9121,4121,Testing,Extruder,53.24,37.5,1,76984,
9122,4122,Testing,Coil Oven,73.22,82.24,11,23274,
9123,4123,Testing,Pressure Cutter,57.28,56.37,12,72139,
9124,4124,Testing,Coil Oven,66.87,54.79,4,62907,
9125,4125,Testing,Pump,11.35,51.95,8,34356,
9126,4126,Testing,Pressure Cutter,39.49,67.75,4,74186,
9127,4127,Testing,Coil Oven,71.32,43.44,9,67831,
9128,4128,Testing,Gauge Machine,52.18,64.72,1,67091,
9129,4129,Testing,Pump,37.91,70.39,7,42580,
9130,4130,Testing,Gauge Machine,88.2,49.25,17,71826,
9131,4131,Testing,Pressure Cutter,82.22,77.8,2,33452,
9132,4132,Testing,Pump,68.48,56.7,11,76399,
9133,4133,Testing,Extruder,13.82,74.29,9,32438,
9134,4134,Testing,Extruder,79.5,61.08,4,67344,
9135,4135,Testing,Pump,9.43,70.21,14,36173,
9136,4136,Testing,Extruder,97.35,86.14,10,51241,
9137,4137,Testing,Pump,67.11,88.02,7,68623,
9138,4138,Testing,Extruder,84.46,92.42,14,42904,
9139,4139,Testing,Pressure Cutter,24.52,50.03,15,52362,
9140,4140,Testing,Pressure Cutter,18.53,42.3,6,78156,
9141,4141,Testing,Extruder,99.32,44.68,10,74940,
9142,4142,Testing,Pump,39.87,40.09,16,70358,
9143,4143,Testing,Pressure Cutter,36.35,89.27,13,58852,
9144,4144,Testing,Pump,88.12,48.39,12,66834,
9145,4145,Testing,Gauge Machine,89.84,86.84,12,57908,
9146,4146,Testing,Extruder,75.24,85.11,7,28415,
9147,4147,Testing,Pressure Cutter,31.91,49.86,10,65192,
9148,4148,Testing,Extruder,18.18,38.17,6,43951,
9149,4149,Testing,Pressure Cutter,49.15,69.09,12,47745,
9150,4150,Testing,Coil Oven,61.42,61.09,15,68539,
9151,4151,Testing,Pressure Cutter,79.44,94.06,4,69504,
9152,4152,Testing,Pump,57.8,71.58,2,31283,
9153,4153,Testing,Coil Oven,95.32,86.57,9,52032,
9154,4154,Testing,Gauge Machine,48.55,89.51,1,32753,
9155,4155,Testing,Pressure Cutter,87.54,86.78,10,28156,
9156,4156,Testing,Coil Oven,81.43,67.57,13,27452,
9157,4157,Testing,Coil Oven,97.23,69.52,11,54374,
9158,4158,Testing,Extruder,88.69,78.62,5,38945,
9159,4159,Testing,Pressure Cutter,97.54,37.79,15,47524,
9160,4160,Testing,Coil Oven,19.8,53.01,10,24006,
9161,4161,Testing,Pressure Cutter,90.97,90.99,4,79820,
9162,4162,Testing,Extruder,67.53,76.14,10,75806,
9163,4163,Testing,Extruder,37.43,36.96,5,23477,
9164,4164,Testing,Coil Oven,23.93,47.78,5,48140,
9165,4165,Testing,Pump,21.02,39.92,17,25330,
9166,4166,Testing,Pump,98.66,73.43,16,32853,
9167,4167,Testing,Pump,81.58,41.9,1,24574,
9168,4168,Testing,Pump,67.37,86.96,8,76935,
9169,4169,Testing,Coil Oven,55.7,55.18,3,45394,
9170,4170,Testing,Gauge Machine,67.15,57.57,11,23806,
9171,4171,Testing,Extruder,61.91,73.1,9,64963,
9172,4172,Testing,Coil Oven,35.43,35.51,15,51923,
9173,4173,Testing,Extruder,46.6,91.67,14,27662,
9174,4174,Testing,Coil Oven,61.8,79.12,13,41957,
9175,4175,Testing,Pressure Cutter,11.22,88.61,11,23765,
9176,4176,Testing,Extruder,65.59,68.34,3,36103,
9177,4177,Testing,Pump,79.89,93.2,11,27185,
9178,4178,Testing,Pump,67.32,53.42,14,49257,
9179,4179,Testing,Pressure Cutter,24.66,48.43,11,66660,
9180,4180,Testing,Extruder,86.6,60.84,14,27617,
9181,4181,Testing,Coil Oven,19.89,40.07,11,51964,
9182,4182,Testing,Pressure Cutter,20.73,51.43,5,59336,
9183,4183,Testing,Extruder,58.01,87.54,6,25678,
9184,4184,Testing,Pump,88.73,69.94,5,40675,
9185,4185,Testing,Extruder,80.76,92.49,3,67123,
9186,4186,Testing,Coil Oven,53.51,56.85,14,35691,
9187,4187,Testing,Pump,75.13,59.18,5,72202,
9188,4188,Testing,Pump,54.82,94.76,3,50279,
9189,4189,Testing,Pressure Cutter,21.24,49.01,8,28870,
9190,4190,Testing,Pump,32.81,83.66,1,50608,
9191,4191,Testing,Extruder,51.99,76.3,8,49002,
9192,4192,Testing,Coil Oven,48.87,78.48,6,47714,
9193,4193,Testing,Coil Oven,35.61,46.46,8,68666,
9194,4194,Testing,Coil Oven,54.98,59.32,7,39856,
9195,4195,Testing,Pump,23.84,65.15,6,25922,
9196,4196,Testing,Coil Oven,35.36,54.47,17,70348,
9197,4197,Testing,Extruder,38.36,76.22,6,34251,
9198,4198,Testing,Extruder,52.26,54.96,10,62148,
9199,4199,Testing,Pump,65.97,93.9,5,68437,
9200,4200,Testing,Pump,50.23,90.39,3,53029,
9201,4201,Testing,Coil Oven,40.97,38.5,9,58373,
9202,4202,Testing,Extruder,90.04,61.71,5,43414,
9203,4203,Testing,Extruder,59.33,58.85,10,35279,
9204,4204,Testing,Coil Oven,6.18,52.01,17,75457,
9205,4205,Testing,Coil Oven,62.79,76.73,4,31493,
9206,4206,Testing,Coil Oven,82.14,89.79,11,29922,
9207,4207,Testing,Pump,27.63,50.96,5,28068,
9208,4208,Testing,Pressure Cutter,42.36,63.19,7,66292,
9209,4209,Testing,Coil Oven,68.05,35.75,4,49718,
9210,4210,Testing,Pressure Cutter,76.43,37.56,4,38513,
9211,4211,Testing,Pump,74.28,91.31,14,25744,
9212,4212,Testing,Pressure Cutter,44.65,55.59,16,55724,
9213,4213,Testing,Extruder,62.5,36.28,5,57596,
9214,4214,Testing,Extruder,41.39,68.33,15,49965,
9215,4215,Testing,Extruder,89.19,80.55,13,29975,
9216,4216,Testing,Coil Oven,22.96,42.18,2,73114,
9217,4217,Testing,Gauge Machine,50.58,44.2,8,66120,
9218,4218,Testing,Gauge Machine,6.65,53.48,6,54445,
9219,4219,Testing,Pressure Cutter,19.61,47.03,6,58621,
9220,4220,Testing,Pressure Cutter,9.48,71.49,2,69689,
9221,4221,Testing,Pressure Cutter,27.36,71.25,12,35318,
9222,4222,Testing,Extruder,12.95,70.08,13,76904,
9223,4223,Testing,Pressure Cutter,43.22,44.97,11,39756,
9224,4224,Testing,Gauge Machine,94.18,63.51,8,79553,
9225,4225,Testing,Extruder,19.54,58.18,16,78472,
9226,4226,Testing,Pump,21.01,59.68,6,74785,
9227,4227,Testing,Coil Oven,92.21,79.7,5,54920,
9228,4228,Testing,Coil Oven,32.94,86.97,11,37306,
9229,4229,Testing,Pump,39.21,60.75,16,30172,
9230,4230,Testing,Pump,65.02,35.65,2,51637,
9231,4231,Testing,Pressure Cutter,51.81,54.74,6,72320,
9232,4232,Testing,Pressure Cutter,12.19,50.45,8,42174,
9233,4233,Testing,Extruder,76.61,41.96,4,38920,
9234,4234,Testing,Pump,16.03,85.44,3,31103,
9235,4235,Testing,Extruder,36.11,84.02,16,26467,
9236,4236,Testing,Coil Oven,77.7,37.01,10,64191,
9237,4237,Testing,Gauge Machine,72.79,73.96,16,66915,
9238,4238,Testing,Pump,70.99,93.42,1,63525,
9239,4239,Testing,Pressure Cutter,7.57,46.65,10,29603,
9240,4240,Testing,Extruder,64.47,57.12,4,49507,
9241,4241,Testing,Extruder,50.51,43.21,5,69654,
9242,4242,Testing,Coil Oven,45.48,58.98,16,78939,
9243,4243,Testing,Pressure Cutter,26.61,62.91,12,33661,
9244,4244,Testing,Pump,76.51,63.59,15,69226,
9245,4245,Testing,Pump,38.24,61.29,8,64651,
9246,4246,Testing,Pressure Cutter,19.88,72.86,5,70982,
9247,4247,Testing,Coil Oven,21.83,51.88,6,33815,
9248,4248,Testing,Gauge Machine,46.79,85.11,15,63983,
9249,4249,Testing,Pressure Cutter,31.83,57.85,6,63474,
9250,4250,Testing,Coil Oven,58.63,89.75,7,64322,
9251,4251,Testing,Coil Oven,53.88,36.27,16,32245,
9252,4252,Testing,Coil Oven,73.17,92.83,6,42111,
9253,4253,Testing,Coil Oven,33.15,59.12,7,57157,
9254,4254,Testing,Gauge Machine,19.38,67.83,4,79240,
9255,4255,Testing,Extruder,9.08,46.48,17,52609,
9256,4256,Testing,Gauge Machine,81.7,75.9,12,36888,
9257,4257,Testing,Pump,22.85,79.25,4,65045,
9258,4258,Testing,Gauge Machine,16.62,70.4,7,55080,
9259,4259,Testing,Pressure Cutter,60.78,36.57,10,50729,
9260,4260,Testing,Gauge Machine,76.23,83.15,9,69937,
9261,4261,Testing,Gauge Machine,21.38,87.69,14,40839,
9262,4262,Testing,Pressure Cutter,12.9,61.51,8,41395,
9263,4263,Testing,Pump,84.89,87.99,13,78530,
9264,4264,Testing,Pump,76.44,70.88,9,72399,
9265,4265,Testing,Extruder,99.82,88.42,15,25155,
9266,4266,Testing,Pump,87.61,45.84,14,68683,
9267,4267,Testing,Gauge Machine,90.6,80.03,8,35203,
9268,4268,Testing,Coil Oven,96.39,44.0,14,70765,
9269,4269,Testing,Extruder,60.61,75.09,2,58200,
9270,4270,Testing,Pump,6.77,84.96,4,74835,
9271,4271,Testing,Gauge Machine,68.47,62.04,6,52388,
9272,4272,Testing,Pump,37.94,47.95,4,78502,
9273,4273,Testing,Pump,52.03,86.74,5,31135,
9274,4274,Testing,Pump,23.1,55.81,8,73322,
9275,4275,Testing,Coil Oven,82.74,81.39,7,43330,
9276,4276,Testing,Pump,75.88,88.97,16,26529,
9277,4277,Testing,Pump,84.15,63.95,8,23727,
9278,4278,Testing,Gauge Machine,49.29,79.89,15,56919,
9279,4279,Testing,Pressure Cutter,75.52,60.58,9,77003,
9280,4280,Testing,Gauge Machine,30.36,63.6,8,63007,
9281,4281,Testing,Pressure Cutter,59.88,77.14,6,29658,
9282,4282,Testing,Pump,9.99,46.31,10,73009,
9283,4283,Testing,Pump,13.91,70.79,2,38137,
9284,4284,Testing,Extruder,56.02,44.41,6,37567,
9285,4285,Testing,Extruder,43.53,64.03,15,54807,
9286,4286,Testing,Pressure Cutter,40.83,36.06,5,47303,
9287,4287,Testing,Pump,57.15,65.39,3,50446,
9288,4288,Testing,Coil Oven,7.31,59.0,17,36675,
9289,4289,Testing,Extruder,58.25,52.68,8,48704,
9290,4290,Testing,Pressure Cutter,10.44,38.66,8,76082,
9291,4291,Testing,Pump,43.1,76.33,2,43701,
9292,4292,Testing,Extruder,75.17,57.54,7,72186,
9293,4293,Testing,Coil Oven,31.82,61.96,6,64017,
9294,4294,Testing,Extruder,96.95,81.39,8,34727,
9295,4295,Testing,Pressure Cutter,76.69,51.53,5,48655,
9296,4296,Testing,Gauge Machine,82.88,44.79,4,37734,
9297,4297,Testing,Gauge Machine,81.83,84.85,11,51136,
9298,4298,Testing,Pump,87.98,55.05,8,77228,
9299,4299,Testing,Gauge Machine,23.46,88.28,11,78725,
9300,4300,Testing,Extruder,96.45,53.04,14,53960,
9301,4301,Testing,Coil Oven,22.68,69.15,11,69873,
9302,4302,Testing,Pressure Cutter,34.71,66.35,8,44477,
9303,4303,Testing,Coil Oven,72.41,40.97,15,71493,
9304,4304,Testing,Coil Oven,19.53,91.77,4,30201,
9305,4305,Testing,Extruder,20.98,63.23,4,25378,
9306,4306,Testing,Pressure Cutter,83.98,78.22,3,24459,
9307,4307,Testing,Coil Oven,73.9,81.24,8,29495,
9308,4308,Testing,Extruder,46.22,65.67,10,27500,
9309,4309,Testing,Pressure Cutter,6.94,45.71,13,23269,
9310,4310,Testing,Pump,78.65,52.51,13,56660,
9311,4311,Testing,Coil Oven,49.3,68.22,10,71241,
9312,4312,Testing,Gauge Machine,30.53,59.12,8,38431,
9313,4313,Testing,Extruder,53.05,81.23,12,71220,
9314,4314,Testing,Pressure Cutter,65.21,62.51,4,66644,
9315,4315,Testing,Pressure Cutter,24.68,85.43,12,42286,
9316,4316,Testing,Coil Oven,61.11,38.93,17,33966,
9317,4317,Testing,Extruder,76.77,59.12,17,71011,
9318,4318,Testing,Gauge Machine,62.97,40.68,3,43559,
9319,4319,Testing,Pump,57.16,40.69,8,53939,
9320,4320,Testing,Gauge Machine,15.07,88.96,15,39237,
9321,4321,Testing,Pump,22.4,54.02,5,46561,
9322,4322,Testing,Extruder,9.76,53.64,13,68967,
9323,4323,Testing,Gauge Machine,81.79,94.96,12,77990,
9324,4324,Testing,Coil Oven,31.27,50.68,9,37398,
9325,4325,Testing,Gauge Machine,92.59,87.16,7,24067,
9326,4326,Testing,Pump,65.34,66.04,14,66614,
9327,4327,Testing,Gauge Machine,11.84,51.71,14,51828,
9328,4328,Testing,Pressure Cutter,32.82,64.4,10,57044,
9329,4329,Testing,Extruder,99.03,88.08,1,41434,
9330,4330,Testing,Pressure Cutter,49.24,81.86,4,28395,
9331,4331,Testing,Extruder,41.47,89.66,11,33067,
9332,4332,Testing,Pump,39.9,77.22,17,73722,
9333,4333,Testing,Gauge Machine,79.71,72.59,15,28668,
9334,4334,Testing,Pump,75.72,66.99,7,47011,
9335,4335,Testing,Pressure Cutter,56.03,84.7,9,77887,
9336,4336,Testing,Gauge Machine,14.5,77.16,12,44312,
9337,4337,Testing,Gauge Machine,30.86,37.73,15,52380,
9338,4338,Testing,Extruder,86.52,88.68,6,52196,
9339,4339,Testing,Pump,51.76,39.05,10,43203,
9340,4340,Testing,Pressure Cutter,98.65,66.98,13,29592,
9341,4341,Testing,Pressure Cutter,6.9,48.82,3,79039,
9342,4342,Testing,Pressure Cutter,76.15,54.42,8,55544,
9343,4343,Testing,Coil Oven,84.03,75.0,12,76480,
9344,4344,Testing,Gauge Machine,64.05,60.04,1,27294,
9345,4345,Testing,Pressure Cutter,88.98,47.39,2,76192,
9346,4346,Testing,Pump,94.83,91.5,9,47524,
9347,4347,Testing,Coil Oven,81.35,55.43,3,68975,
9348,4348,Testing,Gauge Machine,43.83,44.01,12,36705,
9349,4349,Testing,Coil Oven,38.87,56.55,7,53240,
9350,4350,Testing,Gauge Machine,46.49,60.33,4,75818,
9351,4351,Testing,Extruder,75.51,42.4,8,65824,
9352,4352,Testing,Gauge Machine,25.45,65.62,2,38508,
9353,4353,Testing,Pressure Cutter,16.57,92.36,12,75533,
9354,4354,Testing,Pressure Cutter,93.23,54.87,10,72728,
9355,4355,Testing,Pressure Cutter,82.73,94.11,4,75636,
9356,4356,Testing,Pressure Cutter,61.27,48.69,7,61248,
9357,4357,Testing,Coil Oven,76.57,43.38,6,37318,
9358,4358,Testing,Pressure Cutter,30.45,68.0,12,56245,
9359,4359,Testing,Coil Oven,94.31,42.39,12,49082,
9360,4360,Testing,Gauge Machine,31.74,73.71,17,69962,
9361,4361,Testing,Extruder,87.67,82.1,9,79127,
9362,4362,Testing,Pressure Cutter,48.37,62.73,8,79529,
9363,4363,Testing,Pump,77.03,82.09,10,45204,
9364,4364,Testing,Extruder,88.95,45.06,15,46154,
9365,4365,Testing,Pump,30.57,67.16,17,33578,
9366,4366,Testing,Pressure Cutter,42.88,61.94,10,45424,
9367,4367,Testing,Gauge Machine,37.61,48.58,7,28451,
9368,4368,Testing,Coil Oven,15.15,65.96,5,51318,
9369,4369,Testing,Gauge Machine,45.86,70.77,9,39313,
9370,4370,Testing,Pressure Cutter,67.31,43.9,8,54534,
9371,4371,Testing,Gauge Machine,35.26,84.37,10,68047,
9372,4372,Testing,Extruder,26.96,49.96,7,74777,
9373,4373,Testing,Extruder,56.07,93.09,10,29603,
9374,4374,Testing,Pump,87.72,73.44,3,32084,
9375,4375,Testing,Extruder,60.52,60.44,9,30834,
9376,4376,Testing,Coil Oven,62.71,84.79,11,79532,
9377,4377,Testing,Pump,59.14,88.41,10,65780,
9378,4378,Testing,Extruder,27.91,47.32,1,50209,
9379,4379,Testing,Pump,53.6,78.11,8,70206,
9380,4380,Testing,Pressure Cutter,48.11,94.36,7,78649,
9381,4381,Testing,Extruder,8.25,46.21,3,70497,
9382,4382,Testing,Extruder,97.92,36.31,2,46058,
9383,4383,Testing,Coil Oven,16.28,66.21,4,28633,
9384,4384,Testing,Extruder,7.28,82.89,11,63198,
9385,4385,Testing,Gauge Machine,25.15,67.5,2,26055,
9386,4386,Testing,Extruder,36.39,88.13,14,48345,
9387,4387,Testing,Coil Oven,96.51,72.72,10,33690,
9388,4388,Testing,Pressure Cutter,89.24,58.74,8,30918,
9389,4389,Testing,Pressure Cutter,5.93,70.55,9,54446,
9390,4390,Testing,Gauge Machine,82.88,63.84,2,57298,
9391,4391,Testing,Pressure Cutter,33.88,86.47,1,66900,
9392,4392,Testing,Gauge Machine,29.12,74.34,14,27322,
9393,4393,Testing,Gauge Machine,67.09,41.13,14,65277,
9394,4394,Testing,Gauge Machine,13.21,71.19,14,26856,
9395,4395,Testing,Gauge Machine,17.4,70.72,11,26999,
9396,4396,Testing,Pump,81.81,89.8,16,36245,
9397,4397,Testing,Gauge Machine,91.76,40.79,1,26910,
9398,4398,Testing,Extruder,33.01,43.71,13,56017,
9399,4399,Testing,Coil Oven,79.57,86.38,7,46935,
9400,4400,Testing,Coil Oven,75.78,55.72,8,59391,
9401,4401,Testing,Gauge Machine,95.26,83.87,12,36158,
9402,4402,Testing,Pressure Cutter,83.29,35.42,4,72962,
9403,4403,Testing,Pressure Cutter,69.56,88.54,12,46520,
9404,4404,Testing,Pressure Cutter,79.14,92.34,12,55679,
9405,4405,Testing,Pump,6.32,88.16,3,32500,
9406,4406,Testing,Pump,73.78,51.76,10,69161,
9407,4407,Testing,Coil Oven,8.81,47.42,13,47455,
9408,4408,Testing,Pump,18.3,51.53,14,26640,
9409,4409,Testing,Extruder,9.77,94.51,3,77656,
9410,4410,Testing,Gauge Machine,10.14,85.84,4,66794,
9411,4411,Testing,Coil Oven,37.75,54.84,8,36497,
9412,4412,Testing,Extruder,5.04,38.56,4,24654,
9413,4413,Testing,Extruder,5.14,81.23,13,77140,
9414,4414,Testing,Extruder,38.41,71.57,3,72182,
9415,4415,Testing,Extruder,93.48,88.01,6,33396,
9416,4416,Testing,Pressure Cutter,10.83,47.89,8,60153,
9417,4417,Testing,Gauge Machine,21.39,76.07,4,47186,
9418,4418,Testing,Pressure Cutter,39.5,44.96,8,77857,
9419,4419,Testing,Extruder,66.38,77.55,14,71563,
9420,4420,Testing,Gauge Machine,96.02,51.86,10,40697,
9421,4421,Testing,Extruder,99.17,89.24,16,77054,
9422,4422,Testing,Coil Oven,52.52,91.87,15,77480,
9423,4423,Testing,Gauge Machine,20.58,94.54,4,77167,
9424,4424,Testing,Gauge Machine,34.5,74.14,9,79440,
9425,4425,Testing,Coil Oven,12.61,68.64,7,53744,
9426,4426,Testing,Pressure Cutter,77.41,36.76,15,52348,
9427,4427,Testing,Extruder,37.44,59.86,8,27043,
9428,4428,Testing,Coil Oven,56.97,43.59,6,48033,
9429,4429,Testing,Pressure Cutter,73.36,89.47,7,24364,
9430,4430,Testing,Extruder,80.65,62.2,14,58830,
9431,4431,Testing,Pump,78.03,49.75,3,55863,
9432,4432,Testing,Coil Oven,26.37,76.66,17,56900,
9433,4433,Testing,Extruder,29.78,89.34,4,24930,
9434,4434,Testing,Extruder,46.07,44.24,1,28251,
9435,4435,Testing,Gauge Machine,29.54,38.57,10,68066,
9436,4436,Testing,Coil Oven,45.33,84.6,10,63997,
9437,4437,Testing,Pressure Cutter,53.44,37.84,3,28704,
9438,4438,Testing,Gauge Machine,58.01,53.14,2,46636,
9439,4439,Testing,Coil Oven,37.75,94.59,8,59093,
9440,4440,Testing,Coil Oven,96.76,77.97,2,64241,
9441,4441,Testing,Gauge Machine,87.67,83.25,13,67208,
9442,4442,Testing,Pump,82.03,40.33,16,72548,
9443,4443,Testing,Extruder,21.99,49.15,2,74670,
9444,4444,Testing,Coil Oven,8.02,38.34,11,77151,
9445,4445,Testing,Pump,30.32,55.12,11,59530,
9446,4446,Testing,Pump,29.74,86.12,15,70617,
9447,4447,Testing,Coil Oven,6.29,47.64,7,66012,
9448,4448,Testing,Extruder,7.92,80.52,8,64880,
9449,4449,Testing,Gauge Machine,13.73,49.87,10,23334,
9450,4450,Testing,Coil Oven,7.99,77.38,5,63340,
9451,4451,Testing,Pump,15.58,55.52,3,34823,
9452,4452,Testing,Pressure Cutter,62.05,45.97,15,45023,
9453,4453,Testing,Pump,26.65,67.33,6,61205,
9454,4454,Testing,Pressure Cutter,12.78,90.97,14,27479,
9455,4455,Testing,Gauge Machine,68.95,62.54,10,56409,
9456,4456,Testing,Gauge Machine,70.58,62.29,15,74889,
9457,4457,Testing,Pressure Cutter,6.39,72.54,10,47817,
9458,4458,Testing,Gauge Machine,95.49,80.72,2,68917,
9459,4459,Testing,Extruder,49.56,86.52,1,43287,
9460,4460,Testing,Pressure Cutter,10.95,58.48,5,38001,
9461,4461,Testing,Pressure Cutter,37.39,44.61,12,36982,
9462,4462,Testing,Extruder,10.21,84.17,17,57337,
9463,4463,Testing,Extruder,44.05,36.49,9,54101,
9464,4464,Testing,Coil Oven,86.41,85.46,8,63919,
9465,4465,Testing,Pump,37.0,55.15,6,34189,
9466,4466,Testing,Gauge Machine,90.74,71.14,4,35043,
9467,4467,Testing,Pump,25.68,40.09,10,45174,
9468,4468,Testing,Coil Oven,70.78,86.27,13,52009,
9469,4469,Testing,Gauge Machine,44.86,40.64,2,33388,
9470,4470,Testing,Pump,67.87,50.04,15,49642,
9471,4471,Testing,Gauge Machine,18.13,84.32,15,66627,
9472,4472,Testing,Extruder,85.18,66.81,16,48612,
9473,4473,Testing,Pump,85.6,75.16,13,31046,
9474,4474,Testing,Pressure Cutter,82.2,50.69,10,49570,
9475,4475,Testing,Coil Oven,92.13,40.2,3,36044,
9476,4476,Testing,Pressure Cutter,95.01,36.62,4,74556,
9477,4477,Testing,Pump,76.68,54.23,5,66171,
9478,4478,Testing,Pressure Cutter,26.76,56.22,14,24436,
9479,4479,Testing,Gauge Machine,24.76,69.85,15,78037,
9480,4480,Testing,Pump,86.73,53.35,3,30975,
9481,4481,Testing,Pressure Cutter,83.99,42.26,6,32940,
9482,4482,Testing,Pump,85.84,56.75,13,53523,
9483,4483,Testing,Gauge Machine,46.33,56.52,16,38299,
9484,4484,Testing,Extruder,66.8,64.05,15,72107,
9485,4485,Testing,Pump,44.27,87.3,13,76225,
9486,4486,Testing,Extruder,28.63,77.72,2,74175,
9487,4487,Testing,Extruder,73.69,46.83,17,71036,
9488,4488,Testing,Coil Oven,70.72,52.91,9,37939,
9489,4489,Testing,Pump,22.9,57.25,7,53309,
9490,4490,Testing,Pressure Cutter,25.33,38.09,17,77427,
9491,4491,Testing,Pump,41.92,92.06,3,30033,
9492,4492,Testing,Gauge Machine,39.24,41.65,7,73416,
9493,4493,Testing,Pump,32.32,90.5,16,54326,
9494,4494,Testing,Pressure Cutter,66.92,52.38,13,58093,
9495,4495,Testing,Pressure Cutter,55.47,93.37,15,38716,
9496,4496,Testing,Coil Oven,89.0,68.58,14,75889,
9497,4497,Testing,Coil Oven,95.71,45.17,10,62319,
9498,4498,Testing,Coil Oven,87.45,66.09,8,65148,
9499,4499,Testing,Gauge Machine,88.63,37.37,2,78535,
9500,4500,Testing,Pump,15.0,46.88,1,60807,
9501,4501,Testing,Coil Oven,59.28,87.88,14,34911,
9502,4502,Testing,Pressure Cutter,32.85,35.76,12,60593,
9503,4503,Testing,Extruder,56.0,50.07,2,26432,
9504,4504,Testing,Extruder,29.49,74.76,6,78833,
9505,4505,Testing,Pressure Cutter,81.93,86.53,8,49483,
9506,4506,Testing,Pressure Cutter,48.54,46.96,12,73278,
9507,4507,Testing,Coil Oven,75.19,46.66,2,61006,
9508,4508,Testing,Coil Oven,71.15,69.03,11,43552,
9509,4509,Testing,Gauge Machine,79.34,49.91,3,40370,
9510,4510,Testing,Gauge Machine,90.95,58.11,11,68184,
9511,4511,Testing,Pump,34.63,51.73,2,57052,
9512,4512,Testing,Coil Oven,11.34,63.37,3,49721,
9513,4513,Testing,Pressure Cutter,45.94,85.79,5,54942,
9514,4514,Testing,Coil Oven,75.92,61.8,15,56330,
9515,4515,Testing,Extruder,89.83,39.94,10,75416,
9516,4516,Testing,Pressure Cutter,77.64,64.55,12,61060,
9517,4517,Testing,Extruder,51.45,53.23,14,52862,
9518,4518,Testing,Extruder,62.72,76.62,15,64383,
9519,4519,Testing,Gauge Machine,30.24,67.17,5,64807,
9520,4520,Testing,Coil Oven,51.11,52.72,7,50745,
9521,4521,Testing,Coil Oven,59.37,62.28,7,23639,
9522,4522,Testing,Coil Oven,19.23,81.66,4,28250,
9523,4523,Testing,Pressure Cutter,25.61,89.25,5,40708,
9524,4524,Testing,Coil Oven,8.8,76.5,14,56046,
9525,4525,Testing,Extruder,23.07,66.23,5,68781,
9526,4526,Testing,Pump,94.53,37.94,6,51535,
9527,4527,Testing,Gauge Machine,75.63,74.94,5,27736,
9528,4528,Testing,Gauge Machine,16.1,73.74,4,43974,
9529,4529,Testing,Extruder,75.76,78.19,2,50291,
9530,4530,Testing,Gauge Machine,79.88,49.76,14,53196,
9531,4531,Testing,Pressure Cutter,56.2,70.17,14,31347,
9532,4532,Testing,Pressure Cutter,43.22,72.58,3,74299,
9533,4533,Testing,Extruder,13.0,91.39,9,76515,
9534,4534,Testing,Pump,46.66,66.2,5,76853,
9535,4535,Testing,Pressure Cutter,67.38,70.88,10,32247,
9536,4536,Testing,Gauge Machine,16.2,65.24,3,37979,
9537,4537,Testing,Pump,19.12,64.69,2,40967,
9538,4538,Testing,Extruder,41.06,54.1,8,53828,
9539,4539,Testing,Coil Oven,73.52,48.56,11,26041,
9540,4540,Testing,Pump,94.49,51.61,10,35113,
9541,4541,Testing,Pump,33.42,69.65,10,76631,
9542,4542,Testing,Coil Oven,86.21,64.92,15,45494,
9543,4543,Testing,Extruder,97.07,41.92,15,45292,
9544,4544,Testing,Coil Oven,12.86,61.54,15,33008,
9545,4545,Testing,Gauge Machine,59.5,63.55,15,65769,
9546,4546,Testing,Coil Oven,48.67,50.96,6,32320,
9547,4547,Testing,Pressure Cutter,11.58,53.34,1,23028,
9548,4548,Testing,Pressure Cutter,80.72,57.27,12,45306,
9549,4549,Testing,Gauge Machine,75.07,74.8,6,52128,
9550,4550,Testing,Extruder,74.32,86.11,1,53563,
9551,4551,Testing,Coil Oven,10.07,44.17,8,27074,
9552,4552,Testing,Pump,33.23,81.57,4,53888,
9553,4553,Testing,Gauge Machine,41.38,75.27,17,24798,
9554,4554,Testing,Gauge Machine,8.75,37.52,8,31966,
9555,4555,Testing,Pump,18.76,61.01,7,75343,
9556,4556,Testing,Gauge Machine,38.38,83.51,12,46205,
9557,4557,Testing,Pressure Cutter,24.11,93.23,5,26014,
9558,4558,Testing,Coil Oven,94.88,47.75,6,59651,
9559,4559,Testing,Coil Oven,71.87,89.94,3,61582,
9560,4560,Testing,Extruder,34.19,85.09,13,79887,
9561,4561,Testing,Coil Oven,88.43,54.65,6,28357,
9562,4562,Testing,Coil Oven,91.87,44.41,8,65486,
9563,4563,Testing,Pump,79.61,83.46,14,32266,
9564,4564,Testing,Gauge Machine,26.88,56.7,10,57241,
9565,4565,Testing,Gauge Machine,63.76,68.86,17,64519,
9566,4566,Testing,Pressure Cutter,90.52,45.37,16,45234,
9567,4567,Testing,Pump,64.67,47.0,12,79995,
9568,4568,Testing,Pressure Cutter,87.94,63.28,3,74702,
9569,4569,Testing,Extruder,78.24,52.75,14,24752,
9570,4570,Testing,Coil Oven,39.91,64.13,4,35550,
9571,4571,Testing,Pressure Cutter,14.68,59.3,7,67725,
9572,4572,Testing,Pump,64.76,91.26,7,57396,
9573,4573,Testing,Pump,22.13,59.61,6,71757,
9574,4574,Testing,Coil Oven,79.46,94.4,8,58333,
9575,4575,Testing,Pressure Cutter,85.84,59.98,2,70991,
9576,4576,Testing,Extruder,27.9,73.79,2,30138,
9577,4577,Testing,Gauge Machine,78.69,94.66,4,50391,
9578,4578,Testing,Pressure Cutter,15.42,72.23,3,36174,
9579,4579,Testing,Pressure Cutter,24.0,69.64,3,79802,
9580,4580,Testing,Extruder,14.45,38.85,8,32986,
9581,4581,Testing,Extruder,33.37,53.23,3,64866,
9582,4582,Testing,Coil Oven,38.37,37.52,14,59712,
9583,4583,Testing,Pump,50.08,71.81,9,27912,
9584,4584,Testing,Coil Oven,27.58,77.33,12,30331,
9585,4585,Testing,Extruder,30.34,63.09,10,66894,
9586,4586,Testing,Coil Oven,64.01,54.26,1,35813,
9587,4587,Testing,Pump,52.25,75.52,7,25886,
9588,4588,Testing,Pump,80.53,37.59,2,72628,
9589,4589,Testing,Pressure Cutter,66.81,39.99,2,64293,
9590,4590,Testing,Pressure Cutter,91.41,56.6,7,23201,
9591,4591,Testing,Coil Oven,61.15,52.95,16,76786,
9592,4592,Testing,Pressure Cutter,48.77,90.44,16,31550,
9593,4593,Testing,Coil Oven,17.56,78.18,2,24839,
9594,4594,Testing,Pressure Cutter,73.6,53.89,15,70381,
9595,4595,Testing,Coil Oven,93.26,82.58,15,77000,
9596,4596,Testing,Coil Oven,77.37,53.25,8,44833,
9597,4597,Testing,Pressure Cutter,15.38,43.9,9,66284,
9598,4598,Testing,Gauge Machine,79.37,66.35,16,48090,
9599,4599,Testing,Coil Oven,86.08,67.21,4,64105,
9600,4600,Testing,Gauge Machine,60.76,64.15,10,58806,
9601,4601,Testing,Pump,19.0,44.23,1,43692,
9602,4602,Testing,Pressure Cutter,29.87,83.23,15,42706,
9603,4603,Testing,Coil Oven,37.15,79.11,15,24188,
9604,4604,Testing,Extruder,37.18,39.01,12,31006,
9605,4605,Testing,Coil Oven,61.38,80.85,15,54396,
9606,4606,Testing,Pump,14.4,81.45,10,77480,
9607,4607,Testing,Extruder,73.47,55.49,12,74777,
9608,4608,Testing,Extruder,92.76,55.02,4,51703,
9609,4609,Testing,Pump,74.0,37.7,8,54584,
9610,4610,Testing,Gauge Machine,7.62,46.53,2,74724,
9611,4611,Testing,Extruder,72.46,44.23,2,67276,
9612,4612,Testing,Gauge Machine,37.14,93.03,7,36045,
9613,4613,Testing,Pressure Cutter,11.48,85.96,11,67482,
9614,4614,Testing,Pump,89.72,51.57,4,71731,
9615,4615,Testing,Coil Oven,24.89,94.17,12,52088,
9616,4616,Testing,Pressure Cutter,80.97,53.5,7,31594,
9617,4617,Testing,Pressure Cutter,82.58,72.74,8,27634,
9618,4618,Testing,Pressure Cutter,65.48,58.74,11,73098,
9619,4619,Testing,Pump,8.67,86.91,12,37450,
9620,4620,Testing,Pressure Cutter,49.31,70.65,4,53742,
9621,4621,Testing,Extruder,67.49,45.19,4,32119,
9622,4622,Testing,Pressure Cutter,27.62,65.16,6,70136,
9623,4623,Testing,Extruder,92.16,43.35,4,44107,
9624,4624,Testing,Extruder,21.26,45.23,7,27548,
9625,4625,Testing,Pressure Cutter,60.37,60.17,13,65309,
9626,4626,Testing,Pump,60.47,78.43,12,77944,
9627,4627,Testing,Gauge Machine,21.6,41.16,2,50844,
9628,4628,Testing,Extruder,13.23,38.86,6,73453,
9629,4629,Testing,Coil Oven,98.76,72.88,4,26619,
9630,4630,Testing,Extruder,78.55,68.67,2,68601,
9631,4631,Testing,Pump,5.18,47.01,2,38219,
9632,4632,Testing,Pump,31.11,39.71,11,56756,
9633,4633,Testing,Pump,70.92,76.55,10,47177,
9634,4634,Testing,Pump,71.82,56.69,17,62868,
9635,4635,Testing,Coil Oven,81.79,76.01,11,75624,
9636,4636,Testing,Pressure Cutter,9.31,47.49,4,28325,
9637,4637,Testing,Gauge Machine,29.23,71.86,16,42513,
9638,4638,Testing,Extruder,9.88,42.28,13,41922,
9639,4639,Testing,Gauge Machine,95.52,74.63,9,35538,
9640,4640,Testing,Pump,43.28,88.18,6,26800,
9641,4641,Testing,Pressure Cutter,81.89,36.26,5,23270,
9642,4642,Testing,Extruder,74.46,50.24,14,62533,
9643,4643,Testing,Extruder,87.61,58.92,12,69347,
9644,4644,Testing,Gauge Machine,20.61,75.23,12,30097,
9645,4645,Testing,Extruder,74.97,51.24,6,24712,
9646,4646,Testing,Coil Oven,29.4,72.99,13,78550,
9647,4647,Testing,Extruder,25.7,44.1,3,53385,
9648,4648,Testing,Pump,7.84,47.42,4,58824,
9649,4649,Testing,Coil Oven,97.09,73.53,8,73916,
9650,4650,Testing,Gauge Machine,63.72,48.54,17,50027,
9651,4651,Testing,Extruder,43.22,93.73,6,75752,
9652,4652,Testing,Gauge Machine,84.73,51.24,5,58196,
9653,4653,Testing,Extruder,52.49,76.34,13,29038,
9654,4654,Testing,Coil Oven,25.8,86.7,5,32484,
9655,4655,Testing,Extruder,10.99,88.05,7,43247,
9656,4656,Testing,Pump,19.33,51.11,14,31921,
9657,4657,Testing,Gauge Machine,43.99,66.17,11,31035,
9658,4658,Testing,Gauge Machine,61.11,81.39,7,74075,
9659,4659,Testing,Extruder,74.87,54.58,11,69807,
9660,4660,Testing,Gauge Machine,41.35,47.64,9,70497,
9661,4661,Testing,Pump,31.27,47.66,14,66909,
9662,4662,Testing,Extruder,64.73,69.08,4,53585,
9663,4663,Testing,Gauge Machine,52.22,52.37,1,55844,
9664,4664,Testing,Extruder,59.53,79.86,12,79133,
9665,4665,Testing,Extruder,9.7,56.08,13,50852,
9666,4666,Testing,Pump,9.41,52.62,6,31119,
9667,4667,Testing,Pressure Cutter,78.21,59.52,16,79721,
9668,4668,Testing,Extruder,40.18,76.63,6,35060,
9669,4669,Testing,Extruder,22.94,65.25,2,36922,
9670,4670,Testing,Gauge Machine,85.44,38.62,4,36436,
9671,4671,Testing,Extruder,98.18,78.84,2,27922,
9672,4672,Testing,Gauge Machine,97.95,37.03,1,79553,
9673,4673,Testing,Pressure Cutter,42.86,79.93,8,46470,
9674,4674,Testing,Pressure Cutter,66.96,93.12,9,65598,
9675,4675,Testing,Gauge Machine,27.8,38.06,5,63541,
9676,4676,Testing,Pressure Cutter,75.95,58.88,13,55217,
9677,4677,Testing,Gauge Machine,19.93,91.26,2,74089,
9678,4678,Testing,Pressure Cutter,91.39,50.89,12,39356,
9679,4679,Testing,Extruder,90.73,66.09,1,57773,
9680,4680,Testing,Gauge Machine,23.99,49.91,2,55601,
9681,4681,Testing,Pressure Cutter,58.67,68.63,11,43754,
9682,4682,Testing,Pressure Cutter,42.72,35.55,11,30053,
9683,4683,Testing,Pressure Cutter,11.36,76.59,2,35993,
9684,4684,Testing,Pump,27.05,76.33,14,48621,
9685,4685,Testing,Gauge Machine,94.27,53.58,6,78023,
9686,4686,Testing,Pump,13.52,65.11,10,30778,
9687,4687,Testing,Pump,15.01,82.52,1,33428,
9688,4688,Testing,Pressure Cutter,68.95,68.4,17,66149,
9689,4689,Testing,Coil Oven,94.13,65.24,6,30535,
9690,4690,Testing,Pump,80.72,87.44,8,47031,
9691,4691,Testing,Extruder,86.3,49.35,9,51929,
9692,4692,Testing,Gauge Machine,66.46,87.6,2,67581,
9693,4693,Testing,Pump,58.53,73.71,8,63836,
9694,4694,Testing,Gauge Machine,95.61,80.07,13,47078,
9695,4695,Testing,Extruder,52.27,90.83,16,74556,
9696,4696,Testing,Pressure Cutter,20.67,49.04,16,61075,
9697,4697,Testing,Coil Oven,16.66,71.41,15,66286,
9698,4698,Testing,Pump,55.15,91.23,2,35910,
9699,4699,Testing,Coil Oven,98.19,41.37,13,25444,
9700,4700,Testing,Extruder,88.01,79.17,16,78698,
9701,4701,Testing,Extruder,38.4,85.72,5,46622,
9702,4702,Testing,Gauge Machine,93.65,39.73,12,47343,
9703,4703,Testing,Gauge Machine,34.53,36.43,3,63956,
9704,4704,Testing,Extruder,60.27,63.56,14,64315,
9705,4705,Testing,Pump,26.7,92.73,8,66892,
9706,4706,Testing,Coil Oven,59.94,60.5,12,71260,
9707,4707,Testing,Gauge Machine,87.47,84.35,15,75674,
9708,4708,Testing,Gauge Machine,21.73,78.57,7,36408,
9709,4709,Testing,Gauge Machine,33.63,57.97,9,53586,
9710,4710,Testing,Extruder,46.14,36.21,2,30322,
9711,4711,Testing,Pressure Cutter,9.85,74.81,6,35264,
9712,4712,Testing,Gauge Machine,10.31,35.45,16,70620,
9713,4713,Testing,Pressure Cutter,75.79,39.6,6,50663,
9714,4714,Testing,Coil Oven,5.58,69.69,10,24038,
9715,4715,Testing,Pressure Cutter,7.13,62.91,13,66609,
9716,4716,Testing,Pressure Cutter,60.99,91.0,2,45198,
9717,4717,Testing,Coil Oven,79.45,74.72,10,24194,
9718,4718,Testing,Pressure Cutter,94.8,50.12,5,66685,
9719,4719,Testing,Extruder,85.28,85.03,10,67507,
9720,4720,Testing,Pressure Cutter,10.94,88.46,9,60748,
9721,4721,Testing,Coil Oven,88.75,62.22,8,45152,
9722,4722,Testing,Pump,14.63,91.5,6,39239,
9723,4723,Testing,Coil Oven,64.4,59.53,16,60845,
9724,4724,Testing,Pressure Cutter,82.69,65.34,4,73587,
9725,4725,Testing,Pump,13.4,57.17,14,77654,
9726,4726,Testing,Pressure Cutter,91.12,69.31,12,35899,
9727,4727,Testing,Pump,85.6,53.7,17,65284,
9728,4728,Testing,Gauge Machine,78.81,73.64,2,77579,
9729,4729,Testing,Gauge Machine,72.24,63.62,1,53743,
9730,4730,Testing,Coil Oven,58.69,56.39,13,66877,
9731,4731,Testing,Pump,16.73,73.99,4,47679,
9732,4732,Testing,Extruder,61.61,37.39,12,29041,
9733,4733,Testing,Pressure Cutter,79.8,55.4,9,43228,
9734,4734,Testing,Pressure Cutter,67.77,57.39,3,68466,
9735,4735,Testing,Pressure Cutter,69.98,40.53,7,27232,
9736,4736,Testing,Pump,46.47,92.98,10,76146,
9737,4737,Testing,Gauge Machine,53.25,74.15,8,41969,
9738,4738,Testing,Extruder,19.22,46.02,3,35224,
9739,4739,Testing,Coil Oven,91.22,83.25,12,77433,
9740,4740,Testing,Pressure Cutter,43.42,64.23,17,67343,
9741,4741,Testing,Pump,73.71,46.16,9,61402,
9742,4742,Testing,Gauge Machine,77.0,85.87,7,38936,
9743,4743,Testing,Pump,88.89,35.36,16,55592,
9744,4744,Testing,Pressure Cutter,9.17,80.26,8,61087,
9745,4745,Testing,Extruder,74.23,79.95,1,47741,
9746,4746,Testing,Pump,18.64,60.42,13,75487,
9747,4747,Testing,Pressure Cutter,21.06,87.79,11,58811,
9748,4748,Testing,Extruder,97.09,62.69,15,43323,
9749,4749,Testing,Extruder,67.38,55.12,14,39085,
9750,4750,Testing,Coil Oven,23.16,60.04,4,65382,
9751,4751,Testing,Extruder,64.61,36.58,6,29682,
9752,4752,Testing,Pump,81.86,81.35,15,63244,
9753,4753,Testing,Gauge Machine,98.33,36.69,14,77832,
9754,4754,Testing,Gauge Machine,70.61,88.75,15,68921,
9755,4755,Testing,Pump,22.72,63.64,1,32617,
9756,4756,Testing,Pressure Cutter,11.54,51.39,16,50773,
9757,4757,Testing,Pressure Cutter,11.06,79.83,8,46753,
9758,4758,Testing,Extruder,24.37,41.58,8,76496,
9759,4759,Testing,Coil Oven,39.57,68.87,13,52357,
9760,4760,Testing,Pressure Cutter,54.42,90.14,12,28139,
9761,4761,Testing,Pump,21.75,60.0,9,63385,
9762,4762,Testing,Coil Oven,25.78,74.28,1,38697,
9763,4763,Testing,Coil Oven,7.93,83.71,7,43435,
9764,4764,Testing,Pressure Cutter,16.44,94.75,2,76258,
9765,4765,Testing,Gauge Machine,19.54,82.15,12,35686,
9766,4766,Testing,Pressure Cutter,96.8,69.59,15,67924,
9767,4767,Testing,Coil Oven,51.82,89.48,13,64678,
9768,4768,Testing,Pump,15.48,39.84,11,36733,
9769,4769,Testing,Pump,13.76,79.28,16,67173,
9770,4770,Testing,Coil Oven,60.91,48.86,3,48136,
9771,4771,Testing,Pump,21.14,44.26,15,75481,
9772,4772,Testing,Pressure Cutter,33.11,90.51,1,72659,
9773,4773,Testing,Coil Oven,50.99,89.23,2,64468,
9774,4774,Testing,Pump,42.08,76.49,14,69929,
9775,4775,Testing,Pump,62.36,60.48,15,27898,
9776,4776,Testing,Extruder,80.74,91.66,5,53588,
9777,4777,Testing,Coil Oven,91.81,70.28,14,51639,
9778,4778,Testing,Coil Oven,53.03,82.57,17,25205,
9779,4779,Testing,Extruder,44.68,38.62,10,69301,
9780,4780,Testing,Gauge Machine,92.87,76.07,13,76406,
9781,4781,Testing,Pressure Cutter,65.46,57.84,6,36035,
9782,4782,Testing,Extruder,29.13,40.07,1,25634,
9783,4783,Testing,Coil Oven,89.88,46.47,6,77446,
9784,4784,Testing,Coil Oven,93.86,78.67,15,70726,
9785,4785,Testing,Coil Oven,91.63,35.68,12,44631,
9786,4786,Testing,Extruder,80.29,57.09,10,64164,
9787,4787,Testing,Pressure Cutter,62.04,43.09,8,28981,
9788,4788,Testing,Gauge Machine,61.35,72.37,6,78592,
9789,4789,Testing,Extruder,40.76,81.91,2,69197,
9790,4790,Testing,Pressure Cutter,82.26,46.17,5,78772,
9791,4791,Testing,Coil Oven,22.54,61.92,10,25614,
9792,4792,Testing,Extruder,58.96,44.61,7,43018,
9793,4793,Testing,Pump,30.58,81.51,1,49483,
9794,4794,Testing,Pump,7.38,86.05,3,65463,
9795,4795,Testing,Gauge Machine,83.78,47.62,14,65663,
9796,4796,Testing,Gauge Machine,84.1,58.09,14,45517,
9797,4797,Testing,Extruder,24.12,69.67,5,69207,
9798,4798,Testing,Extruder,24.74,51.66,2,53348,
9799,4799,Testing,Pump,93.52,77.57,13,71615,
9800,4800,Testing,Coil Oven,7.64,80.34,15,71349,
9801,4801,Testing,Coil Oven,97.71,85.73,17,24606,
9802,4802,Testing,Gauge Machine,81.33,50.79,8,25163,
9803,4803,Testing,Extruder,26.35,51.71,15,43526,
9804,4804,Testing,Pump,76.82,36.03,12,62294,
9805,4805,Testing,Pump,69.01,61.54,8,55963,
9806,4806,Testing,Extruder,13.92,57.84,16,32240,
9807,4807,Testing,Extruder,64.81,76.58,6,61095,
9808,4808,Testing,Gauge Machine,26.52,64.14,8,42698,
9809,4809,Testing,Coil Oven,30.52,48.34,11,58316,
9810,4810,Testing,Coil Oven,39.69,45.85,2,39105,
9811,4811,Testing,Pump,95.33,65.69,11,29796,
9812,4812,Testing,Coil Oven,27.8,52.99,11,71646,
9813,4813,Testing,Pressure Cutter,57.43,47.74,10,68006,
9814,4814,Testing,Gauge Machine,35.67,51.86,4,28672,
9815,4815,Testing,Gauge Machine,22.97,93.15,5,54240,
9816,4816,Testing,Pressure Cutter,42.52,54.88,16,39190,
9817,4817,Testing,Pressure Cutter,17.5,61.15,6,66743,
9818,4818,Testing,Pump,55.75,88.3,5,29571,
9819,4819,Testing,Extruder,58.89,89.45,1,49027,
9820,4820,Testing,Pump,98.44,38.0,4,23094,
9821,4821,Testing,Gauge Machine,89.41,77.96,10,40579,
9822,4822,Testing,Extruder,96.18,66.06,9,26998,
9823,4823,Testing,Gauge Machine,41.86,94.27,5,24692,
9824,4824,Testing,Coil Oven,50.72,48.67,8,45281,
9825,4825,Testing,Pump,25.29,49.59,14,61027,
9826,4826,Testing,Pump,77.69,84.75,4,24285,
9827,4827,Testing,Coil Oven,31.36,41.2,1,29824,
9828,4828,Testing,Pressure Cutter,32.44,63.69,10,51157,
9829,4829,Testing,Extruder,39.17,36.36,8,52910,
9830,4830,Testing,Extruder,55.55,45.9,9,62486,
9831,4831,Testing,Gauge Machine,60.51,79.0,12,39182,
9832,4832,Testing,Pressure Cutter,25.44,61.07,8,34180,
9833,4833,Testing,Gauge Machine,36.25,69.37,7,39936,
9834,4834,Testing,Coil Oven,8.61,63.16,10,49971,
9835,4835,Testing,Extruder,35.76,49.4,2,37888,
9836,4836,Testing,Pump,90.19,94.39,11,29670,
9837,4837,Testing,Pump,56.31,58.9,11,46628,
9838,4838,Testing,Extruder,89.26,35.73,13,79287,
9839,4839,Testing,Gauge Machine,22.87,54.83,10,70494,
9840,4840,Testing,Gauge Machine,29.16,65.51,6,65900,
9841,4841,Testing,Coil Oven,80.03,41.21,14,33212,
9842,4842,Testing,Gauge Machine,14.32,44.06,14,35225,
9843,4843,Testing,Coil Oven,68.93,53.22,15,53200,
9844,4844,Testing,Extruder,34.96,48.77,8,71544,
9845,4845,Testing,Coil Oven,57.53,94.35,14,78432,
9846,4846,Testing,Pressure Cutter,33.68,68.97,9,30892,
9847,4847,Testing,Pressure Cutter,31.78,58.87,14,74345,
9848,4848,Testing,Extruder,28.72,61.0,4,40173,
9849,4849,Testing,Gauge Machine,92.38,53.99,16,59767,
9850,4850,Testing,Gauge Machine,64.45,82.59,13,59725,
9851,4851,Testing,Coil Oven,95.26,58.36,16,54245,
9852,4852,Testing,Extruder,97.53,41.55,9,50622,
9853,4853,Testing,Pump,32.77,64.9,13,42996,
9854,4854,Testing,Coil Oven,73.19,66.52,13,32718,
9855,4855,Testing,Pressure Cutter,71.83,77.7,9,72392,
9856,4856,Testing,Extruder,64.5,59.54,10,30674,
9857,4857,Testing,Pump,41.47,73.82,12,40589,
9858,4858,Testing,Gauge Machine,19.28,89.57,14,63454,
9859,4859,Testing,Pressure Cutter,96.29,44.74,8,74920,
9860,4860,Testing,Coil Oven,94.97,63.31,3,42022,
9861,4861,Testing,Coil Oven,74.07,59.21,13,59332,
9862,4862,Testing,Coil Oven,24.34,75.95,12,24921,
9863,4863,Testing,Coil Oven,58.33,60.55,9,53920,
9864,4864,Testing,Coil Oven,65.14,46.92,9,58778,
9865,4865,Testing,Gauge Machine,55.67,76.94,9,73585,
9866,4866,Testing,Pressure Cutter,23.7,67.52,15,59535,
9867,4867,Testing,Gauge Machine,14.35,39.26,7,26282,
9868,4868,Testing,Extruder,18.74,77.59,10,60197,
9869,4869,Testing,Pump,87.18,37.83,14,55427,
9870,4870,Testing,Gauge Machine,31.64,55.31,12,64891,
9871,4871,Testing,Gauge Machine,75.07,82.55,5,64185,
9872,4872,Testing,Extruder,82.84,94.79,7,38532,
9873,4873,Testing,Pressure Cutter,17.79,40.85,10,79481,
9874,4874,Testing,Gauge Machine,92.8,80.04,15,63294,
9875,4875,Testing,Coil Oven,97.61,70.94,14,45587,
9876,4876,Testing,Pressure Cutter,44.06,36.52,13,52431,
9877,4877,Testing,Gauge Machine,8.31,89.97,2,56376,
9878,4878,Testing,Coil Oven,40.56,93.29,8,45058,
9879,4879,Testing,Gauge Machine,96.63,87.56,5,41292,
9880,4880,Testing,Pump,56.98,84.59,7,38472,
9881,4881,Testing,Coil Oven,16.02,49.62,6,52307,
9882,4882,Testing,Extruder,38.39,45.38,8,70101,
9883,4883,Testing,Coil Oven,9.14,66.38,5,43533,
9884,4884,Testing,Pump,56.26,81.72,13,45416,
9885,4885,Testing,Pressure Cutter,14.56,75.91,11,24704,
9886,4886,Testing,Pump,63.82,38.87,8,39810,
9887,4887,Testing,Coil Oven,18.22,39.2,10,58728,
9888,4888,Testing,Coil Oven,30.77,59.91,6,24219,
9889,4889,Testing,Pressure Cutter,71.42,86.44,5,55134,
9890,4890,Testing,Pump,88.27,37.56,3,64868,
9891,4891,Testing,Pump,80.22,37.73,9,34418,
9892,4892,Testing,Pressure Cutter,27.65,74.97,14,59701,
9893,4893,Testing,Pump,41.68,75.23,9,37931,
9894,4894,Testing,Gauge Machine,5.92,77.17,16,28561,
9895,4895,Testing,Pump,24.99,62.71,15,75839,
9896,4896,Testing,Pressure Cutter,59.89,39.97,3,72091,
9897,4897,Testing,Coil Oven,29.58,76.25,15,25528,
9898,4898,Testing,Extruder,35.67,39.49,10,43421,
9899,4899,Testing,Extruder,84.81,94.76,12,77351,
9900,4900,Testing,Extruder,71.37,79.61,4,73037,
9901,4901,Testing,Pump,64.86,57.12,14,63069,
9902,4902,Testing,Pump,12.79,49.82,5,23354,
9903,4903,Testing,Gauge Machine,5.61,67.3,4,24664,
9904,4904,Testing,Pump,34.98,81.61,4,46987,
9905,4905,Testing,Extruder,99.09,46.74,11,76625,
9906,4906,Testing,Pressure Cutter,36.06,87.05,3,43948,
9907,4907,Testing,Pump,42.58,41.44,4,50779,
9908,4908,Testing,Gauge Machine,70.02,74.54,3,43761,
9909,4909,Testing,Pressure Cutter,26.31,67.65,12,31605,
9910,4910,Testing,Pressure Cutter,69.96,84.09,9,49822,
9911,4911,Testing,Extruder,68.09,52.78,8,67844,
9912,4912,Testing,Pressure Cutter,13.06,54.25,16,23293,
9913,4913,Testing,Gauge Machine,25.26,38.49,14,56349,
9914,4914,Testing,Extruder,53.39,59.27,5,68265,
9915,4915,Testing,Coil Oven,27.66,87.09,2,45424,
9916,4916,Testing,Extruder,89.16,44.95,7,54481,
9917,4917,Testing,Pressure Cutter,16.28,86.37,5,59196,
9918,4918,Testing,Gauge Machine,73.9,87.82,2,77477,
9919,4919,Testing,Coil Oven,29.8,56.66,10,55355,
9920,4920,Testing,Pump,88.26,79.89,2,33176,
9921,4921,Testing,Coil Oven,22.2,73.02,7,45947,
9922,4922,Testing,Coil Oven,29.95,63.25,2,65428,
9923,4923,Testing,Extruder,76.83,78.89,12,36503,
9924,4924,Testing,Extruder,5.26,87.66,2,27674,
9925,4925,Testing,Gauge Machine,21.51,82.32,3,38743,
9926,4926,Testing,Coil Oven,90.88,46.52,15,33697,
9927,4927,Testing,Extruder,60.85,52.94,2,48173,
9928,4928,Testing,Pump,93.85,47.35,6,29404,
9929,4929,Testing,Pressure Cutter,81.35,52.48,12,45928,
9930,4930,Testing,Pressure Cutter,83.48,60.37,5,62587,
9931,4931,Testing,Extruder,29.06,78.31,6,40754,
9932,4932,Testing,Pressure Cutter,65.05,61.39,5,28702,
9933,4933,Testing,Coil Oven,91.97,93.27,13,40613,
9934,4934,Testing,Pressure Cutter,68.77,72.99,9,76357,
9935,4935,Testing,Pump,13.1,43.31,16,56704,
9936,4936,Testing,Coil Oven,9.4,93.2,7,78203,
9937,4937,Testing,Coil Oven,28.22,88.47,9,29895,
9938,4938,Testing,Gauge Machine,77.0,92.26,3,33629,
9939,4939,Testing,Extruder,36.26,74.84,6,77800,
9940,4940,Testing,Pressure Cutter,5.06,87.97,13,61244,
9941,4941,Testing,Pressure Cutter,73.57,47.38,11,62899,
9942,4942,Testing,Pump,25.24,44.86,9,33396,
9943,4943,Testing,Extruder,33.89,35.68,13,66307,
9944,4944,Testing,Coil Oven,24.69,61.7,11,28172,
9945,4945,Testing,Pump,65.82,56.2,15,76505,
9946,4946,Testing,Gauge Machine,50.61,80.02,12,27626,
9947,4947,Testing,Gauge Machine,38.89,42.78,17,25958,
9948,4948,Testing,Pressure Cutter,19.17,85.16,15,68697,
9949,4949,Testing,Pressure Cutter,14.99,77.17,6,46576,
9950,4950,Testing,Extruder,24.15,51.49,14,76358,
9951,4951,Testing,Gauge Machine,70.39,60.32,4,68914,
9952,4952,Testing,Extruder,73.49,72.69,12,35024,
9953,4953,Testing,Coil Oven,92.48,69.35,11,68951,
9954,4954,Testing,Pump,53.13,69.17,14,51830,
9955,4955,Testing,Coil Oven,88.84,58.16,14,71832,
9956,4956,Testing,Gauge Machine,79.5,54.72,14,26887,
9957,4957,Testing,Coil Oven,36.75,83.5,10,25126,
9958,4958,Testing,Gauge Machine,77.65,64.33,17,64362,
9959,4959,Testing,Pump,33.44,65.65,2,64313,
9960,4960,Testing,Coil Oven,34.72,90.83,4,30711,
9961,4961,Testing,Extruder,45.16,84.87,2,48360,
9962,4962,Testing,Pressure Cutter,22.59,63.82,13,44398,
9963,4963,Testing,Pressure Cutter,50.18,76.67,17,78999,
9964,4964,Testing,Gauge Machine,21.62,39.5,3,60724,
9965,4965,Testing,Pressure Cutter,55.39,51.77,13,58539,
9966,4966,Testing,Extruder,11.28,43.97,11,53216,
9967,4967,Testing,Extruder,68.09,64.18,9,67377,
9968,4968,Testing,Gauge Machine,28.66,77.02,9,77820,
9969,4969,Testing,Coil Oven,30.63,87.14,11,53213,
9970,4970,Testing,Pump,61.13,94.27,12,72626,
9971,4971,Testing,Extruder,59.25,61.08,11,68368,
9972,4972,Testing,Coil Oven,30.45,60.91,13,74971,
9973,4973,Testing,Coil Oven,9.38,94.34,10,30135,
9974,4974,Testing,Pressure Cutter,26.22,78.14,9,79618,
9975,4975,Testing,Coil Oven,26.3,59.44,10,24366,
9976,4976,Testing,Coil Oven,21.36,48.53,5,33606,
9977,4977,Testing,Coil Oven,5.76,55.94,16,61293,
9978,4978,Testing,Extruder,13.73,89.01,8,66412,
9979,4979,Testing,Extruder,97.09,50.4,7,62378,
9980,4980,Testing,Coil Oven,47.25,89.44,3,73303,
9981,4981,Testing,Coil Oven,41.52,37.35,15,38630,
9982,4982,Testing,Extruder,62.65,74.26,3,69968,
9983,4983,Testing,Gauge Machine,40.15,83.56,12,38072,
9984,4984,Testing,Gauge Machine,39.96,46.2,4,62228,
9985,4985,Testing,Pump,99.66,94.84,10,74402,
9986,4986,Testing,Extruder,83.48,46.77,14,49049,
9987,4987,Testing,Extruder,43.05,35.12,6,44370,
9988,4988,Testing,Pressure Cutter,74.5,80.63,8,54942,
9989,4989,Testing,Pump,46.09,75.53,11,74710,
9990,4990,Testing,Coil Oven,91.61,55.1,14,65276,
9991,4991,Testing,Coil Oven,78.85,49.19,13,66267,
9992,4992,Testing,Extruder,45.94,80.25,17,36306,
9993,4993,Testing,Pump,73.78,79.66,5,26242,
9994,4994,Testing,Pump,48.45,86.5,17,75348,
9995,4995,Testing,Pump,88.41,83.55,15,58177,
9996,4996,Testing,Pressure Cutter,95.47,56.75,9,32063,
9997,4997,Testing,Coil Oven,78.29,39.97,16,44700,
9998,4998,Testing,Gauge Machine,79.97,46.48,14,67049,
9999,4999,Testing,Pump,45.1,61.58,6,50084,
10000,5000,Testing,Gauge Machine,87.89,60.63,12,63143,
