Project_ID,Project_Type,Location,Start_Date,End_Date,Planned_Cost,Actual_Cost,Cost_Overrun,Planned_Duration,Actual_Duration,Schedule_Deviation,Vibration_Level,Crack_Width,Load_Bearing_Capacity,Temperature,Humidity,Weather_Condition,Air_Quality_Index,Energy_Consumption,Material_Usage,Labor_Hours,Equipment_Utilization,Accident_Count,Safety_Risk_Score,Image_Analysis_Score,Anomaly_Detected,Completion_Percentage,Risk_Level
PJT_1,Tunnel,Houston,2020-01-01,2022-03-25,12260784,15054504.05,2793720.05,699,814,115,1.53,2.81,471.2,18.54,49.88,Snowy,210,25202.99,244.84,6602,76.3,8,6.19,52.99,0,95.01,High
PJT_2,Dam,Houston,2020-01-02,2021-01-20,2369277,3507053.96,1137776.96,269,384,115,0.69,3.7,355.16,23.32,58.64,Snowy,195,49066.17,263.12,7121,63.53,5,2.13,50.89,0,25.29,Low
PJT_3,Building,Houston,2020-01-03,2022-12-20,23299783,21692126.7,-1607656.3,899,1082,183,0.95,3.31,236.49,42.96,36.17,Cloudy,127,48192.55,608.99,9956,47.1,2,3.11,93.91,0,97.48,Medium
PJT_4,Dam,Houston,2020-01-04,2022-09-05,24499306,29469660.5,4970354.5,809,975,166,0.87,1.78,360.29,22.42,72.05,Cloudy,71,19811.15,673.57,3725,86.85,5,4.07,90.45,1,95.1,High
PJT_5,Dam,Seattle,2020-01-05,2020-12-18,1749971,2329338.04,579367.04,354,348,-6,1.97,4.04,204.79,15.91,57.24,Cloudy,113,44866.57,765.48,4368,61.83,6,2.76,78.39,0,43.62,Low
PJT_6,Road,Seattle,2020-01-06,2021-01-20,16711072,23689353.01,6978281.01,255,380,125,0.66,1.47,174.77,21.54,76.63,Sunny,70,43142.51,262.95,4497,84.16,6,2.35,99.94,0,98.46,Low
PJT_7,Building,Los Angeles,2020-01-07,2022-04-18,47109273,47465106.63,355833.63,792,832,40,0.66,2.86,498.51,41.03,74.65,Cloudy,178,14480.62,963.11,9174,70.78,7,1.52,97.65,0,13.23,Low
PJT_8,Building,New York,2020-01-08,2022-03-13,42776934,59032258.28,16255324.28,842,795,-47,0.77,3.73,387.86,35.56,35.05,Rainy,290,33093.07,674.87,6642,84.32,3,8.86,82.76,0,69.47,High
PJT_9,Building,Houston,2020-01-09,2022-01-29,25527188,31439903.66,5912715.66,579,751,172,1.17,1.89,340.12,7.76,70.09,Cloudy,156,8270.7,862.34,9774,94.44,0,3.6,73.23,0,33.95,Medium
PJT_10,Dam,Los Angeles,2020-01-10,2020-11-19,5460276,6213423.93,753147.93,250,314,64,0.58,1.51,209.88,3.05,76.0,Rainy,165,42651.98,586.06,5766,95.26,5,3.61,57.61,0,21.65,Medium
PJT_11,Tunnel,New York,2020-01-11,2021-02-27,42011120,41130105.52,-881014.48,359,413,54,1.84,2.3,72.12,4.44,44.23,Stormy,173,12854.56,472.85,5633,72.11,7,2.86,75.78,0,61.98,Low
PJT_12,Building,Chicago,2020-01-12,2020-12-26,27507881,39038564.56,11530683.56,303,349,46,0.6,4.09,63.98,17.74,32.08,Sunny,192,8186.66,979.46,2821,70.69,4,5.28,57.89,0,37.57,Medium
PJT_13,Dam,Seattle,2020-01-13,2022-02-19,43428797,43184029.04,-244767.96,560,768,208,1.8,4.65,299.38,30.92,20.18,Sunny,85,23009.86,623.91,2185,55.94,2,5.63,69.92,1,70.01,High
PJT_14,Road,New York,2020-01-14,2021-05-08,28445000,30887649.39,2442649.39,472,480,8,0.3,2.73,392.91,17.68,51.56,Snowy,96,30961.5,880.19,2637,96.15,3,2.87,97.13,0,58.6,Low
PJT_15,Tunnel,Chicago,2020-01-15,2021-06-19,18962327,20366057.23,1403730.23,374,521,147,1.35,3.31,291.82,-6.27,44.67,Stormy,231,43471.26,957.96,8236,67.48,7,6.48,67.1,0,45.33,High
PJT_16,Road,New York,2020-01-16,2021-06-24,39516260,56225648.13,16709388.13,407,525,118,1.82,4.52,428.35,29.8,58.84,Rainy,263,48840.91,707.82,9380,47.66,5,7.51,57.64,0,26.36,High
PJT_17,Tunnel,Seattle,2020-01-17,2021-12-19,15226224,19849237.49,4623013.49,610,702,92,0.42,0.49,65.04,34.33,33.16,Stormy,81,24777.16,594.04,2746,65.96,4,4.36,79.12,0,64.11,Medium
PJT_18,Dam,Seattle,2020-01-18,2022-01-10,34034792,46900244.19,12865452.19,615,723,108,1.94,1.16,215.04,5.92,80.18,Sunny,235,7720.11,103.16,6797,47.62,8,6.27,80.12,1,84.63,High
PJT_19,Bridge,Los Angeles,2020-01-19,2021-11-24,25509968,26792628.05,1282660.05,640,675,35,0.96,3.54,156.68,26.53,38.04,Rainy,223,38710.2,136.02,9089,70.15,9,5.52,59.69,0,64.0,Medium
PJT_20,Tunnel,Houston,2020-01-20,2023-01-01,20170135,25715398.47,5545263.47,797,1077,280,1.9,4.12,251.27,13.46,35.85,Stormy,103,30432.8,280.77,3620,73.68,2,2.76,59.83,1,64.95,Medium
PJT_21,Road,New York,2020-01-21,2020-09-19,2500948,3108797.38,607849.38,200,242,42,1.39,4.29,82.57,38.9,53.65,Sunny,210,25155.11,267.41,8597,60.27,6,7.57,99.48,0,56.07,High
PJT_22,Dam,New York,2020-01-22,2020-10-13,7327090,10255714.88,2928624.88,243,265,22,0.67,2.08,479.36,36.49,54.92,Rainy,299,18917.1,329.28,9002,44.3,8,8.21,62.16,0,44.94,High
PJT_23,Tunnel,Chicago,2020-01-23,2021-03-31,21885050,31594401.37,9709351.37,344,433,89,0.46,0.45,150.46,18.9,35.06,Rainy,282,27607.93,374.44,7107,96.61,3,6.84,91.91,0,51.17,High
PJT_24,Bridge,Seattle,2020-01-24,2020-11-27,32834022,29790113.22,-3043908.78,206,308,102,0.68,2.19,465.04,28.03,39.03,Sunny,216,20240.58,424.06,3793,86.4,9,3.92,73.52,1,99.06,Medium
PJT_25,Bridge,New York,2020-01-25,2021-08-16,40391628,52687322.3,12295694.3,490,569,79,0.28,1.15,241.65,38.58,31.88,Rainy,72,39065.53,478.48,3500,90.33,9,9.34,71.75,1,77.47,High
PJT_26,Building,Seattle,2020-01-26,2021-11-30,16226559,15108573.09,-1117985.91,464,674,210,0.37,1.46,493.49,17.26,70.29,Sunny,220,29475.22,188.98,9361,62.01,2,5.1,64.75,0,48.75,Medium
PJT_27,Building,New York,2020-01-27,2022-08-13,37257426,45801120.06,8543694.06,839,929,90,0.3,3.86,299.33,7.23,73.91,Cloudy,232,44458.15,138.13,5925,85.65,0,3.39,88.69,0,51.16,Medium
PJT_28,Road,Los Angeles,2020-01-28,2021-04-01,28870540,30965953.33,2095413.33,460,429,-31,0.9,0.38,468.87,31.45,52.36,Cloudy,51,29459.48,706.55,2080,69.12,8,4.67,94.03,0,54.97,Medium
PJT_29,Tunnel,Houston,2020-01-29,2021-01-14,33434302,36244988.68,2810686.68,343,351,8,1.61,4.14,52.41,2.1,69.99,Rainy,243,15721.81,583.6,5864,52.07,0,7.23,63.06,0,69.34,High
PJT_30,Tunnel,New York,2020-01-30,2021-05-08,40112237,44595786.38,4483549.38,403,464,61,0.37,2.14,386.71,11.37,71.52,Rainy,215,43299.13,499.73,5453,47.47,1,8.61,54.75,0,51.94,High
PJT_31,Building,Seattle,2020-01-31,2020-12-31,39456876,50219743.87,10762867.87,325,335,10,0.35,2.98,456.37,37.61,29.68,Sunny,296,30074.86,671.0,3248,60.7,8,4.21,56.85,0,71.76,Medium
PJT_32,Tunnel,Los Angeles,2020-02-01,2020-08-07,17969728,19774427.41,1804699.41,209,188,-21,1.32,0.45,112.87,29.84,87.63,Rainy,292,14307.85,844.91,2325,48.25,4,3.09,89.64,0,39.63,Medium
PJT_33,Tunnel,New York,2020-02-02,2020-12-23,48718418,65264139.37,16545721.37,224,325,101,0.47,1.69,93.26,12.21,77.47,Snowy,206,33057.85,484.92,4873,99.9,3,6.64,71.79,0,46.96,High
PJT_34,Bridge,Chicago,2020-02-03,2022-08-05,21491595,24558798.74,3067203.74,650,914,264,0.29,0.45,241.06,1.81,34.31,Cloudy,293,21097.25,677.01,2688,42.95,8,9.29,56.6,0,87.76,High
PJT_35,Building,Houston,2020-02-04,2020-11-17,32175239,30277283.43,-1897955.57,213,287,74,0.42,4.81,470.16,9.58,33.03,Rainy,159,42998.25,958.22,3985,66.47,8,2.65,67.01,1,39.6,Medium
PJT_36,Dam,New York,2020-02-05,2022-05-18,6845447,9380014.18,2534567.18,832,833,1,1.86,4.04,294.07,5.63,28.8,Rainy,173,25398.49,855.66,3076,67.13,1,8.23,75.71,0,96.8,High
PJT_37,Building,Los Angeles,2020-02-06,2021-09-17,47847988,51266965.73,3418977.73,606,589,-17,1.66,2.3,287.36,-0.32,29.69,Stormy,116,37689.86,483.4,2461,58.04,2,5.29,92.6,0,25.53,Medium
PJT_38,Dam,Chicago,2020-02-07,2021-02-17,36103852,41868197.62,5764345.62,400,376,-24,0.77,1.12,113.51,30.88,72.37,Rainy,280,9299.13,680.25,1072,74.28,2,8.2,82.09,0,31.75,High
PJT_39,Bridge,Los Angeles,2020-02-08,2022-09-16,12737532,16702296.84,3964764.84,713,951,238,1.35,4.67,50.36,3.86,52.88,Snowy,120,22821.1,259.36,7030,49.0,4,5.55,58.8,0,51.73,High
PJT_40,Road,Los Angeles,2020-02-09,2023-08-01,49491820,54414954.17,4923134.17,871,1269,398,1.12,1.72,414.56,14.98,74.81,Cloudy,213,49245.86,604.47,5611,87.03,2,4.4,57.94,0,81.77,Medium
PJT_41,Tunnel,Chicago,2020-02-10,2021-11-03,9312934,8697827.69,-615106.31,546,632,86,1.39,0.8,89.41,11.22,72.24,Stormy,78,41380.71,983.2,3796,59.95,9,7.27,70.62,1,75.84,High
PJT_42,Bridge,Los Angeles,2020-02-11,2022-01-19,4900379,5509754.01,609375.01,729,708,-21,1.4,2.82,335.23,44.01,62.32,Sunny,168,12197.34,566.48,8717,75.48,5,9.11,53.76,0,25.7,High
PJT_43,Tunnel,Chicago,2020-02-12,2022-08-19,38358841,56259728.71,17900887.71,761,919,158,1.29,4.72,461.58,11.51,68.05,Sunny,214,17499.38,934.87,5516,82.94,1,3.88,87.78,0,31.3,Medium
PJT_44,Road,New York,2020-02-13,2021-01-05,12353540,15874800.93,3521260.93,295,327,32,0.61,0.02,143.89,-5.6,21.28,Cloudy,162,19841.71,466.6,3493,93.34,5,5.15,70.07,0,61.77,Medium
PJT_45,Road,Chicago,2020-02-14,2021-05-29,7722055,10060968.85,2338913.85,418,470,52,0.17,1.19,349.37,-5.06,41.82,Sunny,299,34266.45,998.96,5231,90.15,5,3.06,67.15,0,36.56,Medium
PJT_46,Bridge,Chicago,2020-02-15,2021-11-30,16056024,20541584.06,4485560.06,514,654,140,0.97,4.69,85.41,22.49,64.65,Snowy,277,39064.76,621.3,4576,76.5,1,2.65,75.46,1,48.01,Medium
PJT_47,Road,Houston,2020-02-16,2022-05-21,49968538,50937691.95,969153.95,620,825,205,1.79,0.86,321.69,22.96,20.65,Rainy,264,38728.7,138.04,9100,63.3,5,8.0,85.45,0,53.79,High
PJT_48,Dam,Chicago,2020-02-17,2020-12-29,10035949,11551380.5,1515431.5,327,316,-11,1.18,0.57,123.77,13.03,22.31,Cloudy,94,27944.33,628.08,6728,70.19,5,2.81,78.47,0,63.48,Low
PJT_49,Road,Chicago,2020-02-18,2020-08-09,19298198,26063449.15,6765251.15,188,173,-15,1.68,2.85,381.18,13.75,79.63,Stormy,65,41486.92,347.12,1032,86.12,5,8.14,90.12,0,32.59,High
PJT_50,Tunnel,New York,2020-02-19,2022-01-18,33672748,32353575.62,-1319172.38,467,699,232,1.98,4.31,185.55,-7.03,67.88,Rainy,289,24668.51,129.23,5373,92.65,4,4.86,81.47,0,24.68,Medium
PJT_51,Tunnel,Houston,2020-02-20,2021-10-01,7281646,7767416.73,485770.73,567,589,22,0.41,2.39,258.53,18.41,38.58,Sunny,80,10574.63,838.77,4598,46.23,6,9.96,89.4,0,45.87,High
PJT_52,Tunnel,Seattle,2020-02-21,2020-09-21,40980720,43676901.61,2696181.61,229,213,-16,1.41,4.97,319.74,17.76,68.16,Sunny,211,30399.88,348.16,3392,63.09,4,2.78,84.84,1,17.38,Medium
PJT_53,Tunnel,New York,2020-02-22,2022-01-28,44144878,51173243.91,7028365.91,696,706,10,1.38,3.4,127.07,-1.77,75.47,Stormy,99,47853.56,816.89,7705,86.57,0,1.84,59.66,0,57.41,Low
PJT_54,Dam,New York,2020-02-23,2022-03-18,29751505,44276821.8,14525316.8,817,754,-63,1.96,0.37,383.74,-4.29,41.48,Snowy,242,40684.71,359.4,7790,65.9,8,1.68,52.62,0,85.56,Low
PJT_55,Building,Seattle,2020-02-24,2022-07-12,22958593,21592591.8,-1366001.2,766,869,103,1.97,4.96,186.19,-3.2,22.52,Stormy,259,31041.53,274.89,3677,59.93,2,8.52,95.17,0,20.71,High
PJT_56,Bridge,Chicago,2020-02-25,2023-05-23,39835523,48249605.94,8414082.94,856,1183,327,1.4,2.04,348.07,-4.44,85.29,Cloudy,171,34106.25,976.54,2401,64.68,1,4.94,97.28,1,20.15,High
PJT_57,Tunnel,Los Angeles,2020-02-26,2021-07-15,38962717,39259566.51,296849.51,457,505,48,0.56,1.44,121.23,23.53,44.16,Stormy,239,46875.29,425.48,1817,76.17,9,1.03,86.35,0,17.22,Low
PJT_58,Road,Houston,2020-02-27,2021-09-08,15945952,23638373.76,7692421.76,479,559,80,1.62,2.79,359.65,0.81,27.45,Sunny,281,24275.43,641.24,7203,99.99,5,8.87,86.21,0,86.31,High
PJT_59,Tunnel,Los Angeles,2020-02-28,2022-11-27,14363838,13903938.11,-459899.89,768,1003,235,0.3,1.52,107.68,3.83,54.43,Snowy,220,19912.74,648.98,5562,69.58,7,8.89,63.51,0,17.26,High
PJT_60,Road,Seattle,2020-02-29,2022-11-23,28550115,32608816.52,4058701.52,828,998,170,1.58,0.43,241.41,-0.45,73.79,Snowy,233,48975.87,604.43,5723,52.51,1,8.26,77.12,0,98.51,High
PJT_61,Road,New York,2020-03-01,2023-04-04,42566801,57155762.89,14588961.89,797,1129,332,1.83,0.01,161.24,42.68,35.52,Stormy,297,43854.94,923.23,3438,49.77,3,3.23,99.61,0,42.25,Medium
PJT_62,Tunnel,New York,2020-03-02,2023-03-23,12044590,15931772.53,3887182.53,786,1116,330,0.83,2.25,386.77,37.0,38.86,Cloudy,64,19536.96,707.0,7828,42.54,1,4.35,92.81,1,39.59,High
PJT_63,Dam,Houston,2020-03-03,2020-12-12,12633575,14574561.86,1940986.86,314,284,-30,1.3,4.18,167.92,2.68,36.99,Sunny,225,25870.13,463.36,2210,73.53,8,7.7,65.22,0,18.25,High
PJT_64,Road,New York,2020-03-04,2023-01-05,6059667,6713592.94,653925.94,759,1037,278,0.92,2.86,446.77,8.02,89.42,Rainy,98,23678.52,876.14,7641,72.67,9,5.4,65.05,0,62.71,Medium
PJT_65,Road,New York,2020-03-05,2021-03-24,42645168,48554399.21,5909231.21,326,384,58,0.93,5.0,451.32,1.54,33.82,Snowy,258,11709.31,262.96,1599,52.31,1,2.38,74.18,1,62.73,Medium
PJT_66,Tunnel,Houston,2020-03-06,2022-11-30,37540128,39738694.05,2198566.05,669,999,330,0.69,1.43,138.4,17.05,60.29,Stormy,221,48101.87,589.81,6480,81.72,9,3.19,70.23,0,54.44,Medium
PJT_67,Road,Houston,2020-03-07,2022-04-28,9826233,10054199.28,227966.28,657,782,125,1.55,1.4,326.23,-8.92,84.77,Cloudy,59,23194.06,955.5,2846,84.47,1,9.75,68.56,0,37.99,High
PJT_68,Road,Seattle,2020-03-08,2021-07-25,37855538,45041420.78,7185882.78,338,504,166,1.88,0.8,89.47,26.93,30.28,Cloudy,69,44389.81,662.86,7592,55.55,4,2.36,81.35,0,43.17,Low
PJT_69,Tunnel,New York,2020-03-09,2022-04-10,48336078,51290391.35,2954313.35,563,762,199,1.89,0.82,226.19,18.77,87.96,Sunny,119,13521.03,835.27,8861,60.65,4,7.53,50.57,1,38.85,High
PJT_70,Tunnel,New York,2020-03-10,2021-03-04,19149286,20537168.78,1387882.78,342,359,17,0.43,1.43,370.99,39.43,86.32,Snowy,57,29654.19,688.2,2887,99.43,6,5.3,88.17,0,48.35,Medium
PJT_71,Bridge,Seattle,2020-03-11,2022-04-08,28596545,37005463.09,8408918.09,620,758,138,1.76,3.96,346.74,-0.96,81.92,Sunny,222,6078.26,855.43,1679,62.46,0,7.74,87.0,0,40.76,High
PJT_72,Dam,Chicago,2020-03-12,2021-09-13,24498524,36285312.64,11786788.64,368,550,182,1.5,4.53,331.12,34.23,35.02,Rainy,83,39389.92,950.04,4252,85.65,1,6.95,91.52,0,70.8,High
PJT_73,Dam,Chicago,2020-03-13,2022-07-01,30184104,38097842.42,7913738.42,594,840,246,0.58,4.88,177.14,33.56,64.38,Rainy,273,31141.13,345.63,2835,67.16,5,4.95,92.07,0,36.62,Medium
PJT_74,Road,Chicago,2020-03-14,2021-07-23,26018569,24618449.45,-1400119.55,518,496,-22,0.23,1.16,220.11,-3.01,73.26,Rainy,228,33151.53,252.69,3177,87.6,1,4.19,78.32,0,41.58,Medium
PJT_75,Dam,Seattle,2020-03-15,2023-01-20,11930625,11278618.35,-652006.65,786,1041,255,0.61,4.41,96.33,11.92,89.02,Cloudy,295,7327.44,535.59,9142,86.14,3,7.79,89.0,1,49.19,High
PJT_76,Road,New York,2020-03-16,2021-04-19,22227468,32693358.72,10465890.72,360,399,39,1.83,1.64,373.56,-0.64,32.63,Snowy,283,14496.72,731.68,1148,80.07,9,3.91,74.62,0,10.36,Medium
PJT_77,Bridge,Seattle,2020-03-17,2021-05-13,44513097,48001787.57,3488690.57,467,422,-45,1.3,0.56,276.75,4.01,73.62,Sunny,53,8344.89,304.47,2495,91.29,5,8.09,97.58,0,54.29,High
PJT_78,Tunnel,Seattle,2020-03-18,2021-05-10,10249677,9790903.42,-458773.58,366,418,52,1.47,4.35,368.94,4.48,43.72,Sunny,157,18001.14,103.69,2744,96.35,6,7.12,59.53,0,33.02,High
PJT_79,Tunnel,Chicago,2020-03-19,2021-02-12,48657169,61280140.33,12622971.33,317,330,13,0.59,3.18,162.02,20.59,32.29,Rainy,291,33234.76,408.64,2646,74.8,9,6.2,95.78,0,15.05,High
PJT_80,Tunnel,Los Angeles,2020-03-20,2021-05-24,31223477,39784619.27,8561142.27,309,430,121,1.47,0.82,196.0,12.63,49.5,Snowy,216,30478.37,971.97,3995,54.25,4,4.32,62.93,0,91.99,Medium
PJT_81,Dam,New York,2020-03-21,2021-05-06,28327176,36516644.51,8189468.51,373,411,38,0.15,2.15,200.4,42.13,75.57,Snowy,261,32546.74,725.47,7643,63.92,7,2.85,55.14,0,39.02,Medium
PJT_82,Bridge,Chicago,2020-03-22,2022-02-11,14737336,15628078.52,890742.52,495,691,196,0.81,1.44,61.58,-3.05,52.54,Stormy,73,29716.31,461.19,8378,85.5,5,7.39,71.96,0,48.35,High
PJT_83,Dam,Los Angeles,2020-03-23,2021-01-08,23432851,21302017.75,-2130833.25,323,291,-32,1.29,3.68,203.47,43.55,57.63,Snowy,265,17286.3,273.32,9849,79.05,4,1.82,80.75,1,84.46,Medium
PJT_84,Dam,Los Angeles,2020-03-24,2020-10-22,49032410,72519386.55,23486976.55,195,212,17,0.38,2.27,411.49,2.69,89.66,Snowy,104,16002.84,420.48,4667,50.67,3,9.73,61.55,1,25.01,High
PJT_85,Bridge,Houston,2020-03-25,2021-08-10,29373620,30858040.19,1484420.19,481,503,22,1.66,4.95,453.78,32.51,47.94,Sunny,75,11167.69,252.86,1576,43.07,5,9.81,77.79,0,86.53,High
PJT_86,Bridge,New York,2020-03-26,2021-12-12,17938661,23420998.75,5482337.75,602,626,24,0.55,0.27,283.2,8.64,63.08,Snowy,74,43208.19,195.68,5779,80.98,5,2.17,90.39,1,31.75,Medium
PJT_87,Bridge,Los Angeles,2020-03-27,2021-04-30,4834242,6400429.68,1566187.68,424,399,-25,1.34,1.78,254.98,-2.13,45.57,Snowy,85,32741.57,916.07,9187,55.06,5,1.94,62.85,0,63.01,Low
PJT_88,Bridge,Chicago,2020-03-28,2021-01-12,12671439,16042098.17,3370659.17,286,290,4,0.87,2.41,63.87,37.18,47.49,Sunny,120,13393.0,997.89,3972,69.98,0,4.71,79.02,1,71.71,High
PJT_89,Tunnel,Houston,2020-03-29,2021-02-21,30584733,33268373.16,2683640.16,267,329,62,1.23,2.52,445.64,6.99,68.69,Snowy,251,12974.42,247.7,8756,84.8,5,9.67,66.97,0,91.45,High
PJT_90,Building,New York,2020-03-30,2021-02-24,7494503,7964091.71,469588.71,308,331,23,0.3,1.58,55.85,26.24,85.65,Sunny,235,44286.6,149.07,4948,73.76,0,4.6,76.49,1,64.69,High
PJT_91,Building,Seattle,2020-03-31,2021-11-19,33266497,41869245.38,8602748.38,520,598,78,0.13,3.65,475.14,21.15,57.97,Stormy,288,38422.89,396.76,7544,45.0,4,4.27,83.35,0,50.79,Medium
PJT_92,Bridge,Chicago,2020-04-01,2020-10-24,32707048,46432802.08,13725754.08,183,206,23,1.83,4.37,270.15,15.95,73.79,Cloudy,61,34672.96,515.49,3045,51.13,6,7.33,67.52,0,61.5,High
PJT_93,Building,Los Angeles,2020-04-02,2022-03-24,1684029,2472222.33,788193.33,506,721,215,0.61,4.69,203.87,17.27,26.24,Sunny,178,23308.88,284.34,2627,53.16,0,2.61,99.72,0,28.19,Medium
PJT_94,Building,Los Angeles,2020-04-03,2022-08-01,6337355,6106317.11,-231037.89,589,850,261,1.66,4.03,465.9,30.27,34.78,Sunny,165,16788.9,371.28,2488,55.47,0,4.27,78.19,0,72.02,Medium
PJT_95,Bridge,Chicago,2020-04-04,2021-11-05,49761066,49407621.49,-353444.51,485,580,95,2.0,4.25,60.98,-5.17,55.15,Snowy,227,49075.28,280.78,4563,73.92,5,3.62,91.22,0,26.82,Medium
PJT_96,Building,Los Angeles,2020-04-05,2022-08-16,7981440,11707509.46,3726069.46,786,863,77,0.5,2.75,311.64,26.75,21.4,Sunny,202,40875.78,796.83,2802,70.24,6,6.41,86.26,1,60.15,High
PJT_97,Dam,Houston,2020-04-06,2021-04-30,27918198,37464020.0,9545822.0,404,389,-15,0.6,4.13,297.02,39.27,37.7,Rainy,257,18580.07,741.32,4591,52.19,5,2.46,92.64,0,68.28,Low
PJT_98,Road,New York,2020-04-07,2022-05-23,38554126,55124546.51,16570420.51,527,776,249,1.36,1.52,148.69,-6.82,56.22,Rainy,182,43140.42,671.46,4520,44.05,4,5.94,58.69,0,90.87,High
PJT_99,Road,Houston,2020-04-08,2021-07-20,17684388,18066009.67,381621.67,500,468,-32,1.93,1.99,243.0,-2.26,21.05,Stormy,132,39151.94,448.5,6896,50.29,5,8.72,61.13,0,50.52,High
PJT_100,Bridge,Los Angeles,2020-04-09,2022-06-14,48878717,61223111.4,12344394.4,738,796,58,1.84,1.58,343.52,29.41,38.52,Sunny,245,18368.62,918.14,8643,99.06,2,5.63,74.37,0,79.78,High
PJT_101,Tunnel,Seattle,2020-04-10,2021-05-03,45768534,60445759.42,14677225.42,360,388,28,1.06,2.34,377.21,14.05,55.98,Snowy,55,24194.88,972.58,8041,68.11,8,7.15,92.62,1,25.08,High
PJT_102,Bridge,New York,2020-04-11,2022-08-30,19138519,25034467.65,5895948.65,797,871,74,1.61,1.43,50.32,12.2,60.12,Snowy,75,13367.91,256.28,4311,92.04,4,1.68,59.88,0,24.06,Low
PJT_103,Tunnel,New York,2020-04-12,2022-09-18,21978981,25163537.86,3184556.86,890,889,-1,0.36,4.81,471.58,-2.47,84.8,Cloudy,162,9997.36,300.71,3305,90.93,1,5.04,98.55,0,57.23,Medium
PJT_104,Road,Chicago,2020-04-13,2022-05-27,8964443,8150802.68,-813640.32,565,774,209,1.96,1.56,124.04,17.87,65.17,Stormy,152,37524.29,573.07,8875,70.69,9,1.85,56.38,0,63.67,Low
PJT_105,Bridge,Chicago,2020-04-14,2022-05-30,22444021,28049541.7,5605520.7,797,776,-21,1.93,0.49,155.11,-3.04,49.03,Snowy,169,17038.03,182.13,2967,82.4,9,6.4,58.75,0,66.91,High
PJT_106,Dam,Seattle,2020-04-15,2021-04-18,35751594,37605704.68,1854110.68,287,368,81,0.41,2.63,168.56,16.21,85.12,Cloudy,232,41902.67,492.8,9009,51.57,6,3.53,58.36,0,77.11,Medium
PJT_107,Building,New York,2020-04-16,2022-03-09,35600593,41658124.6,6057531.6,710,692,-18,0.67,0.29,67.02,32.0,74.94,Snowy,216,49802.39,623.61,6462,81.3,2,3.59,79.3,0,36.54,Medium
PJT_108,Tunnel,Seattle,2020-04-17,2021-10-24,5688482,8387943.22,2699461.22,589,555,-34,0.29,0.55,105.37,4.2,34.0,Cloudy,58,8447.89,569.87,7897,56.34,0,1.69,95.88,0,66.03,Low
PJT_109,Building,Chicago,2020-04-18,2022-03-06,42902454,48883965.22,5981511.22,475,687,212,0.62,1.1,493.86,16.44,29.16,Rainy,94,26286.58,397.82,4458,89.92,2,3.79,62.76,0,26.93,Medium
PJT_110,Building,Chicago,2020-04-19,2021-04-09,49465992,69444364.53,19978372.53,350,355,5,1.65,2.32,191.85,44.56,67.31,Rainy,293,41092.82,588.2,9585,45.02,8,5.56,77.65,0,29.71,High
PJT_111,Bridge,New York,2020-04-20,2022-03-31,41538036,42083196.28,545160.28,510,710,200,0.82,2.17,101.89,27.77,59.19,Snowy,63,40502.79,962.92,5778,86.39,4,6.26,58.79,0,16.06,High
PJT_112,Building,Houston,2020-04-21,2022-07-24,11168293,14557605.22,3389312.22,672,824,152,0.27,4.0,98.15,36.27,75.28,Stormy,161,39199.87,285.42,4730,46.0,6,1.6,81.56,0,77.23,Low
PJT_113,Dam,Los Angeles,2020-04-22,2021-04-11,34222265,50861273.04,16639008.04,374,354,-20,0.75,3.7,373.76,12.82,71.72,Sunny,104,20704.77,689.35,5365,92.87,2,6.86,56.16,0,55.63,High
PJT_114,Building,Chicago,2020-04-23,2021-01-29,39309051,37781338.56,-1527712.44,191,281,90,1.96,2.13,434.56,32.23,63.76,Stormy,186,25423.4,139.06,8547,58.25,3,5.4,74.57,0,31.44,Medium
PJT_115,Bridge,Chicago,2020-04-24,2021-05-21,33337259,30169951.54,-3167307.46,374,392,18,1.3,1.67,165.63,-7.77,89.05,Stormy,64,31773.58,159.77,1027,79.26,0,5.83,82.76,1,60.06,High
PJT_116,Dam,Houston,2020-04-25,2022-11-28,7465377,8660954.7,1195577.7,669,947,278,0.89,1.58,59.41,-3.24,57.35,Sunny,86,48827.33,596.65,4491,69.25,2,8.5,78.96,0,41.88,High
PJT_117,Road,Houston,2020-04-26,2021-04-22,40683871,38876501.82,-1807369.18,361,361,0,0.42,3.87,150.39,1.17,27.92,Rainy,227,19739.63,194.45,7423,61.98,6,4.08,57.0,0,85.35,Medium
PJT_118,Building,Seattle,2020-04-27,2023-07-20,43616258,58839667.13,15223409.13,835,1179,344,1.97,0.26,75.43,12.11,77.98,Rainy,176,46541.47,120.11,6301,78.73,3,2.57,58.07,0,57.53,Medium
PJT_119,Bridge,Seattle,2020-04-28,2021-07-21,5902059,8550485.2,2648426.2,495,449,-46,1.66,0.06,96.53,36.52,37.63,Sunny,166,17121.06,254.36,7160,96.85,1,5.97,83.57,0,12.68,Medium
PJT_120,Road,Los Angeles,2020-04-29,2023-03-19,45604238,52919731.64,7315493.64,873,1054,181,0.63,3.98,244.18,9.04,74.41,Cloudy,133,49508.35,608.36,2173,42.48,4,9.51,90.45,0,98.66,High
PJT_121,Road,Los Angeles,2020-04-30,2021-02-09,41162344,43435616.17,2273272.17,209,285,76,0.23,2.39,153.46,26.0,87.0,Stormy,121,35161.87,733.01,1338,95.13,4,5.66,95.4,0,16.69,Medium
PJT_122,Tunnel,New York,2020-05-01,2023-06-07,40128126,46574388.07,6446262.07,775,1132,357,0.21,0.65,282.18,29.01,68.78,Snowy,145,25858.02,282.23,1841,76.54,1,8.49,90.68,0,72.64,High
PJT_123,Dam,Seattle,2020-05-02,2023-09-23,23005782,30691293.47,7685511.47,857,1239,382,0.33,1.18,164.07,22.24,61.72,Rainy,160,32602.57,701.43,1293,88.44,5,7.81,98.7,1,49.35,High
PJT_124,Building,Chicago,2020-05-03,2021-05-21,28345255,25664715.01,-2680539.99,275,383,108,1.2,4.66,473.24,9.65,52.23,Snowy,198,17263.9,264.23,7558,63.03,9,5.66,70.41,1,32.44,High
PJT_125,Bridge,Seattle,2020-05-04,2022-07-15,18496623,23188705.63,4692082.63,560,802,242,1.86,4.3,457.67,21.74,45.51,Sunny,234,17337.82,652.11,2647,68.31,3,6.83,66.56,0,70.88,High
PJT_126,Tunnel,Chicago,2020-05-05,2022-01-30,46858810,59415800.12,12556990.12,623,635,12,1.04,3.55,305.06,8.82,44.71,Snowy,154,10109.95,470.76,5898,92.13,0,4.66,51.41,0,21.33,Medium
PJT_127,Dam,Houston,2020-05-06,2021-09-29,32457080,41629871.07,9172791.07,477,511,34,1.7,2.41,209.49,-5.39,64.55,Snowy,196,10132.26,688.42,5526,64.89,2,5.78,72.49,0,87.24,High
PJT_128,Tunnel,Seattle,2020-05-07,2021-12-08,11569315,12092401.31,523086.31,540,580,40,0.95,2.6,221.52,44.6,72.59,Stormy,270,20645.23,995.55,6614,72.08,8,5.57,82.57,0,32.56,Medium
PJT_129,Dam,Houston,2020-05-08,2022-01-21,11089851,14732108.89,3642257.89,553,623,70,1.45,4.88,235.33,-3.0,67.5,Sunny,107,39328.5,944.04,4801,41.21,9,7.38,90.77,1,42.53,High
PJT_130,Dam,Los Angeles,2020-05-09,2022-08-20,4887008,4666285.75,-220722.25,733,833,100,1.49,4.83,377.41,-6.02,33.89,Snowy,144,32358.7,103.85,9280,49.52,6,4.69,63.37,0,66.94,Medium
PJT_131,Building,Los Angeles,2020-05-10,2021-12-22,44755415,45630929.46,875514.46,482,591,109,0.43,1.08,253.24,38.32,54.58,Rainy,167,9616.31,896.89,8376,78.5,5,1.9,75.68,1,10.09,Medium
PJT_132,Dam,New York,2020-05-11,2021-12-30,46570487,66431962.74,19861475.74,600,598,-2,0.79,4.06,435.53,6.6,75.41,Sunny,55,43350.64,159.84,1899,83.02,0,8.1,83.1,0,52.55,High
PJT_133,Tunnel,Seattle,2020-05-12,2021-11-22,41279707,55448301.43,14168594.43,425,559,134,1.31,0.99,474.84,25.77,53.3,Rainy,53,32061.54,957.74,4477,74.96,8,7.16,77.58,0,90.48,High
PJT_134,Dam,Houston,2020-05-13,2022-10-29,38170084,34667876.97,-3502207.03,899,899,0,0.23,1.07,201.18,8.1,57.56,Cloudy,92,48238.5,353.64,2744,48.6,8,9.55,63.7,0,71.24,High
PJT_135,Building,Chicago,2020-05-14,2021-08-09,22970950,24097118.19,1126168.19,416,452,36,0.79,3.38,302.31,11.53,73.98,Snowy,142,35158.35,443.83,7096,66.72,0,4.86,89.81,0,44.91,Medium
PJT_136,Building,Los Angeles,2020-05-15,2022-09-19,9457411,9728308.04,270897.04,713,857,144,1.12,2.03,92.78,4.42,66.29,Sunny,91,12882.87,182.47,3253,61.31,5,1.7,58.67,0,69.44,Low
PJT_137,Tunnel,Los Angeles,2020-05-16,2021-09-30,10137344,10770763.74,633419.74,364,502,138,1.99,4.66,140.21,8.87,48.65,Rainy,52,26320.25,201.05,2633,69.74,6,2.09,95.25,0,94.29,Low
PJT_138,Road,Chicago,2020-05-17,2022-10-03,40275054,42229838.47,1954784.47,647,869,222,1.0,0.45,236.06,12.59,82.68,Snowy,178,34182.39,754.07,8001,92.22,1,7.96,97.63,0,26.9,High
PJT_139,Road,Houston,2020-05-18,2022-04-16,43188444,40489847.65,-2698596.35,542,698,156,1.65,2.56,142.79,29.62,31.38,Stormy,285,6271.91,949.9,8020,86.55,9,1.61,68.28,0,57.86,Low
PJT_140,Dam,Houston,2020-05-19,2021-08-21,7933705,9324993.7,1391288.7,462,459,-3,0.92,4.59,444.45,18.13,89.69,Rainy,232,5670.96,649.67,9149,45.04,7,9.17,68.81,0,31.13,High
PJT_141,Bridge,Seattle,2020-05-20,2022-11-05,23322619,31243915.3,7921296.3,732,899,167,1.61,4.52,121.23,41.9,28.32,Rainy,64,10823.14,744.27,5701,93.42,7,3.53,87.16,0,86.88,Medium
PJT_142,Dam,Seattle,2020-05-21,2021-09-24,17794513,22492959.04,4698446.04,515,491,-24,1.23,0.78,255.05,-7.7,21.05,Cloudy,96,16324.9,785.77,7735,68.31,5,9.09,72.81,0,74.89,High
PJT_143,Tunnel,New York,2020-05-22,2021-06-10,29820898,38878190.64,9057292.64,341,384,43,1.78,1.83,322.56,17.67,82.3,Stormy,134,24329.71,336.53,2013,84.63,8,7.96,51.43,0,82.1,High
PJT_144,Tunnel,Los Angeles,2020-05-23,2021-06-16,47705646,45257845.79,-2447800.21,339,389,50,0.88,3.1,361.34,22.13,37.15,Cloudy,223,26934.82,140.71,4299,48.4,2,8.84,95.99,0,94.87,High
PJT_145,Tunnel,Seattle,2020-05-24,2022-01-17,40564766,59666488.21,19101722.21,653,603,-50,1.25,0.8,222.38,40.61,71.08,Stormy,107,11211.24,101.69,2506,80.24,1,2.93,71.54,0,30.91,Medium
PJT_146,Tunnel,Houston,2020-05-25,2022-09-02,45969434,64499487.61,18530053.61,780,830,50,1.3,4.84,441.09,-7.3,76.77,Rainy,272,35302.62,415.58,5803,54.18,1,6.36,60.17,0,14.38,High
PJT_147,Tunnel,Chicago,2020-05-26,2022-06-03,15512253,21454286.53,5942033.53,501,738,237,0.89,4.57,305.74,21.54,80.13,Cloudy,248,31826.21,317.32,1977,66.3,5,1.84,77.78,0,36.18,Low
PJT_148,Building,Houston,2020-05-27,2021-03-04,10615754,14796134.77,4180380.77,191,281,90,0.37,0.83,247.78,36.95,89.41,Snowy,258,18250.88,156.09,2817,41.01,6,2.82,60.95,0,45.92,Medium
PJT_149,Road,Los Angeles,2020-05-28,2022-03-29,33254832,48539627.55,15284795.55,603,670,67,0.28,0.61,80.26,3.31,40.58,Stormy,297,5614.69,261.58,5901,49.1,5,3.79,60.3,0,66.26,Medium
PJT_150,Tunnel,Houston,2020-05-29,2021-01-17,23529829,28860567.75,5330738.75,252,233,-19,0.13,0.43,259.11,38.2,69.72,Rainy,260,8494.16,212.05,7798,45.52,2,7.67,77.29,0,81.79,High
PJT_151,Bridge,New York,2020-05-30,2022-07-12,15557759,15871546.72,313787.72,767,773,6,1.76,4.55,419.33,-8.95,28.08,Sunny,88,22626.26,923.39,1473,54.38,4,1.22,69.55,0,41.48,Low
PJT_152,Bridge,Los Angeles,2020-05-31,2021-08-05,23414241,29737728.92,6323487.92,380,431,51,0.55,0.97,326.54,30.29,48.48,Stormy,180,11928.85,226.24,1567,46.0,7,9.13,78.65,0,52.61,High
PJT_153,Bridge,Chicago,2020-06-01,2023-03-28,10004471,13463305.72,3458834.72,701,1030,329,0.5,2.08,424.47,41.32,79.36,Stormy,207,21956.88,583.88,8966,81.51,5,1.64,99.84,0,80.69,Low
PJT_154,Bridge,New York,2020-06-02,2022-04-07,16723723,22455786.35,5732063.35,684,674,-10,1.5,2.24,272.31,26.15,45.74,Snowy,84,33268.22,633.8,3258,41.74,1,4.39,92.95,0,30.28,Medium
PJT_155,Building,Los Angeles,2020-06-03,2023-08-24,4765056,5779390.68,1014334.68,867,1177,310,0.71,3.0,103.31,14.15,61.38,Stormy,299,29625.68,589.14,9120,77.06,6,1.73,50.38,0,29.54,Low
PJT_156,Bridge,Chicago,2020-06-04,2020-12-31,4325315,4070446.82,-254868.18,218,210,-8,1.06,0.36,56.14,-7.53,55.26,Stormy,234,15402.91,189.15,5310,48.44,7,7.92,52.53,0,63.03,High
PJT_157,Tunnel,New York,2020-06-05,2021-05-27,48715952,54691828.86,5975876.86,239,356,117,0.41,1.13,186.45,40.61,65.22,Snowy,206,20472.01,386.92,2982,96.71,3,2.27,80.5,0,49.25,Low
PJT_158,Dam,New York,2020-06-06,2022-10-09,15067121,21884390.04,6817269.04,757,855,98,1.92,4.66,364.1,15.87,88.1,Snowy,227,32631.4,146.14,2096,95.99,0,8.96,81.31,1,95.4,High
PJT_159,Bridge,Los Angeles,2020-06-07,2022-04-21,6217092,7775526.38,1558434.38,500,683,183,1.72,4.54,405.62,-8.41,23.9,Cloudy,239,43738.48,456.1,7610,53.53,1,5.77,93.91,0,42.13,High
PJT_160,Building,Seattle,2020-06-08,2022-04-18,42819037,52367646.54,9548609.54,614,679,65,1.74,3.91,183.09,27.94,60.18,Rainy,101,38894.6,269.74,4570,76.87,3,9.54,81.45,0,78.36,High
PJT_161,Building,New York,2020-06-09,2023-04-15,38375319,40728190.73,2352871.73,815,1040,225,0.87,0.1,273.04,16.5,80.41,Rainy,167,29903.0,605.47,7497,41.68,6,3.61,61.39,0,62.48,Medium
PJT_162,Bridge,New York,2020-06-10,2022-10-26,24429562,27387233.24,2957671.24,855,868,13,1.55,1.64,239.5,-3.16,53.7,Cloudy,63,21303.18,723.53,4646,95.91,1,5.09,73.43,0,14.91,Medium
PJT_163,Dam,Chicago,2020-06-11,2022-01-12,3846274,5527894.43,1681620.43,587,580,-7,0.37,3.14,234.74,1.78,25.5,Rainy,212,21427.31,578.91,3419,71.38,5,7.25,90.45,0,17.59,High
PJT_164,Bridge,Houston,2020-06-12,2022-09-17,47782538,62111461.74,14328923.74,565,827,262,0.12,1.38,154.11,-6.45,59.24,Stormy,205,44573.78,490.81,5279,42.59,1,8.49,96.14,0,28.28,High
PJT_165,Building,Los Angeles,2020-06-13,2023-10-29,47338604,64969025.19,17630421.19,850,1233,383,0.14,4.55,111.37,21.59,43.25,Cloudy,235,6765.96,448.6,1673,60.55,6,4.79,61.85,0,22.88,High
PJT_166,Road,Los Angeles,2020-06-14,2023-05-21,40542531,47540465.94,6997934.94,748,1071,323,1.21,3.17,138.51,24.21,30.85,Cloudy,79,49459.22,857.52,3802,44.61,1,9.03,76.98,0,39.64,High
PJT_167,Tunnel,Seattle,2020-06-15,2021-05-09,24846553,31757580.26,6911027.26,257,328,71,0.97,0.36,74.9,17.82,79.43,Rainy,139,34896.89,297.43,8312,63.58,2,2.06,57.95,0,62.11,Low
PJT_168,Building,Seattle,2020-06-16,2021-11-15,34268890,35949099.34,1680209.34,373,517,144,1.08,4.55,139.16,34.94,56.51,Sunny,184,35651.2,760.8,3369,80.2,8,7.38,74.85,0,64.21,High
PJT_169,Bridge,Los Angeles,2020-06-17,2021-08-28,25649133,33940894.9,8291761.9,464,437,-27,0.11,4.79,54.14,37.36,85.33,Rainy,216,6709.9,781.73,5530,68.19,3,4.13,54.51,1,62.9,High
PJT_170,Tunnel,Seattle,2020-06-18,2022-08-04,17159082,19845521.61,2686439.61,706,777,71,0.9,0.39,332.27,23.86,76.42,Sunny,144,32248.82,477.28,2066,63.02,4,1.91,97.09,0,20.58,Low
PJT_171,Bridge,Chicago,2020-06-19,2022-07-24,34931226,40713297.84,5782071.84,703,765,62,1.46,2.66,192.37,-9.3,68.51,Cloudy,118,26815.01,367.57,6432,47.15,8,4.48,81.9,0,64.02,Medium
PJT_172,Bridge,Los Angeles,2020-06-20,2023-04-01,17213225,22198061.26,4984836.26,792,1015,223,0.94,1.52,487.92,28.24,20.35,Sunny,212,9760.05,523.49,9073,54.7,6,8.92,92.71,0,46.88,High
PJT_173,Road,Seattle,2020-06-21,2021-06-29,21655666,31655567.65,9999901.65,335,373,38,1.49,1.96,137.17,12.99,49.95,Stormy,291,17506.49,183.89,1687,46.01,7,9.82,99.91,1,91.27,High
PJT_174,Tunnel,Los Angeles,2020-06-22,2021-11-17,34187633,32081804.99,-2105828.01,519,513,-6,0.54,0.9,205.62,21.11,33.82,Snowy,288,45064.15,141.34,1068,88.45,2,4.54,59.13,0,92.08,Medium
PJT_175,Tunnel,Houston,2020-06-23,2021-07-10,4033349,5625900.49,1592551.49,304,382,78,1.64,2.89,211.03,25.7,83.76,Sunny,176,29749.48,200.44,7774,48.11,3,8.98,84.71,0,79.14,High
PJT_176,Road,New York,2020-06-24,2022-03-23,27687290,29775738.58,2088448.58,459,637,178,1.22,4.79,53.8,9.26,32.22,Snowy,101,23603.75,268.43,1419,75.72,6,5.59,94.35,0,73.28,Medium
PJT_177,Building,Los Angeles,2020-06-25,2022-12-17,28646076,33411398.66,4765322.66,801,905,104,0.5,2.52,427.64,40.44,40.02,Stormy,191,8270.7,553.76,7891,60.56,3,7.45,78.8,0,20.35,High
PJT_178,Bridge,New York,2020-06-26,2022-09-24,24184270,22083817.72,-2100452.28,837,820,-17,0.55,0.41,64.4,-2.63,56.18,Snowy,112,37135.47,864.22,6593,53.56,1,1.41,81.98,0,17.62,Low
PJT_179,Dam,Seattle,2020-06-27,2022-11-12,15930164,17214575.63,1284411.63,853,868,15,1.29,3.1,473.08,26.93,38.44,Stormy,85,36628.29,312.08,7104,78.37,9,6.02,70.38,0,85.68,High
PJT_180,Bridge,New York,2020-06-28,2021-05-14,35337309,42460559.42,7123250.42,307,320,13,1.68,1.7,451.43,-9.76,34.69,Snowy,140,32631.96,941.65,4892,67.42,5,1.63,83.74,0,48.43,Low
PJT_181,Bridge,Los Angeles,2020-06-29,2021-12-13,22680041,21176482.34,-1503558.66,493,532,39,0.89,4.28,290.98,40.86,61.94,Snowy,201,27961.82,959.42,1439,64.01,8,3.42,69.78,0,50.62,Medium
PJT_182,Building,Houston,2020-06-30,2022-04-18,41622564,49724705.66,8102141.66,511,657,146,0.59,2.17,294.62,-3.81,26.23,Rainy,217,24520.3,963.01,2208,75.57,1,6.1,73.83,0,86.3,High
PJT_183,Bridge,Seattle,2020-07-01,2021-08-20,32590521,47460479.95,14869958.95,329,415,86,1.75,0.96,344.2,-4.78,24.07,Sunny,206,31697.2,853.81,3563,69.48,0,8.26,55.15,0,65.93,High
PJT_184,Road,Los Angeles,2020-07-02,2022-10-14,30051004,28946206.81,-1104797.19,633,834,201,1.37,0.96,224.17,8.32,46.06,Snowy,102,15502.8,427.44,8466,58.21,7,6.05,50.39,0,26.15,High
PJT_185,Road,Seattle,2020-07-03,2021-02-28,48339044,65676539.99,17337495.99,215,240,25,0.95,3.84,341.25,10.55,70.45,Cloudy,158,47356.66,165.42,2253,73.54,0,9.43,52.76,0,28.99,High
PJT_186,Tunnel,Chicago,2020-07-04,2023-10-22,12999401,14894747.88,1895346.88,864,1205,341,1.03,1.33,70.15,1.79,58.84,Rainy,199,31495.75,611.94,4209,80.17,0,8.29,59.63,0,10.57,High
PJT_187,Dam,New York,2020-07-05,2022-03-09,7299492,9439003.97,2139511.97,599,612,13,0.49,3.84,74.32,22.18,49.6,Sunny,121,19003.66,602.81,4549,41.6,2,2.41,72.83,0,73.96,Low
PJT_188,Bridge,Chicago,2020-07-06,2021-02-28,23576162,24899773.92,1323611.92,201,237,36,1.29,1.03,255.75,14.36,59.6,Rainy,64,25235.59,864.98,1614,67.95,4,4.5,51.05,0,53.71,Medium
PJT_189,Bridge,Los Angeles,2020-07-07,2021-12-21,29465797,29338957.28,-126839.72,385,532,147,0.78,1.61,297.33,-8.12,45.58,Sunny,162,41255.82,996.39,4078,43.46,8,7.02,57.8,0,95.5,High
PJT_190,Building,Houston,2020-07-08,2022-10-11,40483075,40332379.53,-150695.47,818,825,7,1.99,2.33,449.52,7.58,85.53,Stormy,118,12272.72,557.34,4490,51.18,9,9.45,89.07,0,74.26,High
PJT_191,Road,Seattle,2020-07-09,2021-12-08,46024017,43368208.8,-2655808.2,535,517,-18,1.01,4.72,97.1,34.57,23.84,Snowy,165,18177.6,410.68,4543,73.63,1,9.89,88.11,0,19.28,High
PJT_192,Dam,New York,2020-07-10,2022-12-12,44279132,44783383.77,504251.77,619,885,266,1.02,4.66,420.19,27.93,67.14,Cloudy,241,35577.86,267.31,9102,91.97,0,7.87,89.49,1,24.54,High
PJT_193,Tunnel,Seattle,2020-07-11,2021-05-11,31732364,41205478.38,9473114.38,275,304,29,1.18,1.03,144.52,29.87,82.39,Rainy,53,19197.01,104.32,2900,92.97,0,6.16,96.08,0,55.16,High
PJT_194,Road,Los Angeles,2020-07-12,2021-10-04,35404782,50593942.14,15189160.14,343,449,106,1.84,1.79,227.34,28.4,76.27,Rainy,124,40662.58,558.2,6680,44.2,7,7.81,55.95,0,93.24,High
PJT_195,Tunnel,Seattle,2020-07-13,2021-05-08,48069821,66743764.49,18673943.49,327,299,-28,1.62,0.75,192.47,7.1,32.88,Rainy,195,10870.41,599.97,7751,65.15,9,3.46,58.16,0,32.25,Medium
PJT_196,Building,New York,2020-07-14,2023-02-01,46148268,60504098.25,14355830.25,709,932,223,0.96,2.55,230.07,-4.52,40.71,Rainy,91,39320.88,842.44,6862,74.98,9,3.55,66.68,0,84.3,Medium
PJT_197,Building,Los Angeles,2020-07-15,2021-12-12,9556255,9233818.53,-322436.47,473,515,42,1.47,2.3,117.72,4.99,70.19,Snowy,290,8075.83,554.12,2712,48.82,9,6.89,95.76,0,38.1,High
PJT_198,Bridge,Seattle,2020-07-16,2021-06-30,34989909,37562103.56,2572194.56,374,349,-25,1.21,4.5,276.61,35.75,25.9,Sunny,79,5566.67,924.82,3329,85.93,1,8.85,88.77,0,34.29,High
PJT_199,Dam,Houston,2020-07-17,2023-06-18,44626563,48459276.32,3832713.32,842,1066,224,1.04,4.65,410.74,43.93,76.83,Snowy,192,45420.06,665.28,2194,84.65,8,9.73,66.21,0,91.13,High
PJT_200,Tunnel,Los Angeles,2020-07-18,2022-06-06,49786500,52274538.91,2488038.91,659,688,29,0.47,1.92,248.69,17.16,70.32,Stormy,119,31160.26,856.3,7781,94.2,8,4.07,54.38,0,14.25,Medium
PJT_201,Road,Los Angeles,2020-07-19,2021-06-26,40206376,48609645.12,8403269.12,302,342,40,0.98,2.46,270.78,-9.47,71.07,Snowy,232,20832.21,233.47,9162,40.51,1,8.17,80.82,0,69.47,High
PJT_202,Building,Houston,2020-07-20,2022-01-20,30362480,37082677.2,6720197.2,579,549,-30,0.57,4.48,431.95,-2.3,27.02,Snowy,230,15466.76,869.8,5906,53.0,2,8.66,62.84,1,13.89,High
PJT_203,Bridge,Chicago,2020-07-21,2022-12-06,5327308,5935322.11,608014.11,878,868,-10,1.84,4.03,367.73,7.71,70.24,Stormy,65,32759.86,707.63,2378,89.63,1,6.61,76.56,0,82.07,High
PJT_204,Bridge,New York,2020-07-22,2022-06-03,45903073,51056771.45,5153698.45,631,681,50,0.74,0.02,270.7,21.82,67.59,Snowy,160,27905.1,253.21,1749,80.23,5,4.13,97.09,0,84.65,Medium
PJT_205,Tunnel,Chicago,2020-07-23,2022-10-02,24729530,34550451.31,9820921.31,840,801,-39,1.91,1.6,165.96,-5.87,78.16,Sunny,153,49621.9,270.79,6292,93.66,6,6.57,78.63,0,90.4,High
PJT_206,Building,Seattle,2020-07-24,2021-09-06,45771670,62870854.07,17099184.07,283,409,126,1.11,2.11,448.22,41.88,22.91,Cloudy,250,49244.72,933.85,1300,43.43,5,6.26,96.19,0,26.75,High
PJT_207,Dam,Houston,2020-07-25,2022-02-24,13633010,14787419.19,1154409.19,641,579,-62,1.3,1.15,309.66,10.08,21.62,Stormy,156,33576.11,128.99,5695,75.82,2,6.46,69.65,0,21.2,High
PJT_208,Building,Chicago,2020-07-26,2023-06-29,24442985,35400116.84,10957131.84,897,1068,171,1.13,1.0,149.52,40.19,46.11,Rainy,172,24929.17,516.28,5624,74.14,2,6.57,81.67,0,55.32,High
PJT_209,Tunnel,Los Angeles,2020-07-27,2022-12-10,41093087,60476244.53,19383157.53,889,866,-23,0.35,0.19,171.1,32.93,30.42,Sunny,211,27101.34,382.13,4837,42.14,1,8.62,94.69,1,34.45,High
PJT_210,Tunnel,Seattle,2020-07-28,2022-04-13,26291884,28817101.81,2525217.81,575,624,49,0.81,3.22,411.41,31.55,59.09,Cloudy,76,35711.56,698.57,1277,70.81,1,2.53,79.4,0,64.57,Low
PJT_211,Building,Seattle,2020-07-29,2022-08-19,31596658,35156178.54,3559520.54,516,751,235,0.29,1.31,69.87,23.37,84.21,Sunny,62,9570.85,855.67,4917,76.57,4,4.31,80.74,0,56.24,Medium
PJT_212,Tunnel,Chicago,2020-07-30,2022-09-14,23745849,28575291.45,4829442.45,778,776,-2,1.28,0.26,496.44,24.47,47.4,Sunny,277,19775.84,424.34,8307,51.48,7,6.27,85.82,0,23.04,High
PJT_213,Building,Chicago,2020-07-31,2021-11-18,47267888,69231975.1,21964087.1,321,475,154,0.95,1.15,108.66,25.09,79.15,Rainy,204,8387.25,484.21,3161,56.4,5,3.55,94.11,0,76.53,Medium
PJT_214,Road,Houston,2020-08-01,2021-12-22,32981908,47025329.35,14043421.35,496,508,12,1.58,4.01,408.23,24.58,20.02,Cloudy,122,8301.23,983.73,2389,78.42,8,9.8,54.41,0,82.34,High
PJT_215,Building,New York,2020-08-02,2023-11-12,24675262,23726270.61,-948991.39,890,1197,307,0.52,4.26,227.65,20.46,31.8,Sunny,246,13812.77,805.52,9882,68.1,4,3.37,66.84,0,96.67,Medium
PJT_216,Building,Chicago,2020-08-03,2023-01-25,20854315,23682961.88,2828646.88,737,905,168,0.41,2.42,271.5,44.25,22.13,Rainy,292,26836.4,907.48,5732,91.48,9,5.23,69.88,1,45.6,High
PJT_217,Tunnel,Chicago,2020-08-04,2023-05-11,3844180,4736117.08,891937.08,706,1010,304,0.87,2.08,446.29,30.28,42.97,Stormy,135,40314.84,494.89,4468,60.54,3,8.9,95.49,0,40.4,High
PJT_218,Tunnel,Los Angeles,2020-08-05,2023-01-28,12010186,14434796.15,2424610.15,735,906,171,1.86,4.89,235.81,32.73,83.57,Rainy,80,26847.32,310.67,7141,56.0,8,1.72,97.8,1,27.3,Medium
PJT_219,Bridge,Seattle,2020-08-06,2022-07-15,47530918,48306519.95,775601.95,580,708,128,1.45,1.0,291.87,37.99,26.79,Snowy,52,20096.45,470.68,6969,99.09,9,8.39,56.02,0,26.28,High
PJT_220,Bridge,New York,2020-08-07,2022-12-30,16148530,22854854.04,6706324.04,860,875,15,0.9,1.08,72.18,1.86,62.45,Rainy,79,8705.88,744.48,4816,94.67,4,6.14,55.96,0,38.89,High
PJT_221,Road,Los Angeles,2020-08-08,2021-12-10,39620544,51750946.85,12130402.85,489,489,0,1.08,1.46,51.06,-5.39,51.6,Rainy,198,29763.3,198.49,6037,41.74,0,1.29,96.74,0,98.36,Low
PJT_222,Bridge,Houston,2020-08-09,2023-04-13,11061403,15516328.03,4454925.03,674,977,303,0.26,0.86,160.16,16.56,85.69,Rainy,148,17207.09,343.42,6994,86.24,4,9.13,64.79,0,18.3,High
PJT_223,Building,Houston,2020-08-10,2022-10-25,21871102,30953264.49,9082162.49,735,806,71,1.97,1.9,356.26,18.27,28.58,Sunny,183,32672.04,141.97,3451,46.62,4,1.35,62.09,0,33.34,Low
PJT_224,Tunnel,Chicago,2020-08-11,2023-01-14,29105186,39263289.19,10158103.19,789,886,97,1.37,4.55,104.57,35.6,34.84,Cloudy,269,48973.45,489.11,1024,41.65,4,5.64,51.78,0,17.74,High
PJT_225,Bridge,Chicago,2020-08-12,2021-09-06,43505100,50619330.68,7114230.68,288,390,102,0.64,3.08,101.19,14.41,22.07,Rainy,209,10009.14,844.7,6962,56.42,1,1.44,63.78,0,34.63,Low
PJT_226,Bridge,Houston,2020-08-13,2022-04-13,6301358,7979586.41,1678228.41,551,608,57,1.21,2.06,234.93,21.4,50.38,Rainy,219,14545.64,122.2,3556,56.16,5,1.64,84.68,0,18.32,Low
PJT_227,Road,Chicago,2020-08-14,2023-10-28,19283361,19210455.31,-72905.69,795,1170,375,0.31,4.67,341.53,18.99,39.45,Snowy,278,26289.25,707.79,8632,89.16,4,8.98,71.3,0,55.75,High
PJT_228,Road,New York,2020-08-15,2022-01-14,20425418,26638569.74,6213151.74,385,517,132,1.94,0.24,370.43,-7.9,80.89,Snowy,239,48587.62,939.25,1060,82.64,1,7.89,75.84,0,49.45,High
PJT_229,Building,Chicago,2020-08-16,2021-05-22,18970147,19113408.67,143261.67,222,279,57,0.43,1.05,130.3,23.84,62.35,Stormy,266,39731.44,313.24,8675,98.9,9,2.77,95.86,0,25.66,Low
PJT_230,Tunnel,Seattle,2020-08-17,2022-04-15,48905202,64377328.74,15472126.74,424,606,182,1.33,2.83,85.81,35.54,62.99,Stormy,209,45420.31,724.27,1122,82.69,7,6.58,55.73,0,25.73,High
PJT_231,Road,Chicago,2020-08-18,2021-10-25,5889084,6111449.31,222365.31,466,433,-33,0.57,3.08,473.18,-1.34,57.23,Snowy,148,20017.17,977.59,6616,65.1,5,8.15,53.56,1,66.35,High
PJT_232,Bridge,Los Angeles,2020-08-19,2022-03-05,41687888,40459378.46,-1228509.54,534,563,29,1.46,0.2,167.3,22.69,26.43,Cloudy,135,49641.73,966.05,2186,81.94,9,9.01,92.6,0,44.84,High
PJT_233,Tunnel,New York,2020-08-20,2022-10-01,1871522,1869969.94,-1552.06,655,772,117,1.58,2.02,434.01,22.65,51.15,Stormy,265,9627.48,311.44,6158,99.97,2,5.21,88.74,0,15.06,Medium
PJT_234,Tunnel,Los Angeles,2020-08-21,2021-05-19,23826747,21472551.96,-2354195.04,262,271,9,1.38,3.25,438.57,-0.97,89.97,Cloudy,216,7383.78,190.3,8864,82.61,8,9.08,63.19,0,92.82,High
PJT_235,Bridge,Los Angeles,2020-08-22,2021-09-15,16523665,21997026.1,5473361.1,289,389,100,1.27,3.49,397.64,-3.21,78.47,Snowy,113,43502.12,233.45,5089,85.7,3,5.57,66.21,0,46.45,Medium
PJT_236,Road,Seattle,2020-08-23,2022-02-10,30538040,40903891.52,10365851.52,369,536,167,1.8,3.19,125.98,43.9,82.54,Stormy,167,46726.92,731.83,3472,96.3,2,7.19,65.51,0,63.19,High
PJT_237,Bridge,New York,2020-08-24,2022-01-02,49410263,59735032.05,10324769.05,430,496,66,0.25,1.6,419.81,11.65,77.63,Rainy,207,9076.34,753.18,8450,46.82,6,9.81,82.39,0,89.69,High
PJT_238,Tunnel,New York,2020-08-25,2022-01-26,49470777,49313345.19,-157431.81,470,519,49,0.73,0.47,396.16,2.51,27.21,Snowy,240,10104.23,706.81,3964,82.29,7,3.12,53.06,0,46.19,Medium
PJT_239,Dam,New York,2020-08-26,2023-12-26,36736338,34904392.43,-1831945.57,824,1217,393,0.57,2.14,318.53,-0.58,35.92,Stormy,163,6492.84,402.47,9104,91.05,6,2.52,74.47,1,83.86,Medium
PJT_240,Dam,New York,2020-08-27,2021-11-13,20382100,18577823.1,-1804276.9,380,443,63,1.98,0.64,201.74,26.72,20.22,Cloudy,273,9702.84,252.8,2310,97.26,0,4.08,56.69,0,92.33,Medium
PJT_241,Building,New York,2020-08-28,2022-04-23,32607303,32589333.32,-17969.68,505,603,98,0.84,4.74,168.13,23.52,41.25,Cloudy,208,14423.89,622.68,9346,52.66,0,2.48,90.99,0,25.67,Low
PJT_242,Bridge,Seattle,2020-08-29,2022-10-05,36259675,52014986.8,15755311.8,690,767,77,1.49,2.38,104.85,25.4,27.6,Stormy,136,48653.45,535.31,3212,70.24,4,3.56,69.03,0,90.32,Medium
PJT_243,Bridge,Chicago,2020-08-30,2022-12-28,38829124,40573409.99,1744285.99,588,850,262,1.4,1.59,279.39,-5.16,53.1,Cloudy,89,35053.71,755.95,7792,80.83,7,7.69,76.38,0,20.78,High
PJT_244,Building,Los Angeles,2020-08-31,2023-05-04,30188752,33586882.34,3398130.34,786,976,190,0.5,3.83,313.37,39.14,67.4,Stormy,210,40034.89,497.22,9703,54.85,9,5.3,51.47,0,34.76,Medium
PJT_245,Building,New York,2020-09-01,2023-03-22,34327716,33064706.32,-1263009.68,687,932,245,0.55,2.49,211.7,11.41,81.22,Stormy,240,39926.27,404.78,9378,76.03,2,4.38,52.91,0,82.74,Medium
PJT_246,Building,Chicago,2020-09-02,2023-08-20,3975605,4108456.93,132851.93,780,1082,302,0.63,1.55,263.91,7.24,72.45,Cloudy,74,29078.32,364.13,2845,55.45,7,4.32,83.75,1,91.06,High
PJT_247,Tunnel,Chicago,2020-09-03,2021-06-07,39653586,48041697.1,8388111.1,251,277,26,0.88,4.06,213.58,15.43,85.7,Sunny,213,40887.0,290.32,8660,60.01,2,2.75,88.34,0,71.57,Medium
PJT_248,Bridge,Los Angeles,2020-09-04,2022-01-11,32664126,41308739.53,8644613.53,426,494,68,0.55,4.34,338.45,11.45,23.77,Rainy,201,31811.34,339.17,2702,66.49,3,5.03,85.5,1,19.43,High
PJT_249,Tunnel,Seattle,2020-09-05,2023-11-04,47831679,50089878.98,2258199.98,820,1155,335,0.14,3.37,455.57,37.5,20.85,Snowy,144,19154.57,185.35,1390,71.75,9,6.62,86.85,1,57.07,High
PJT_250,Building,Houston,2020-09-06,2023-02-03,14763700,13798734.17,-964965.83,787,880,93,1.77,0.23,123.76,41.11,66.29,Rainy,235,30249.95,412.17,1654,66.96,6,2.25,55.23,1,61.54,Medium
PJT_251,Bridge,Houston,2020-09-07,2023-07-28,24066465,27306285.82,3239820.82,766,1054,288,1.93,2.83,221.63,6.69,40.25,Snowy,216,29007.89,132.91,6835,69.59,2,9.76,84.67,0,35.37,High
PJT_252,Tunnel,Chicago,2020-09-08,2023-09-04,15573834,16204917.25,631083.25,745,1091,346,0.75,3.82,113.39,37.52,37.75,Snowy,95,42055.39,267.77,5271,57.92,3,4.99,59.09,0,99.22,Medium
PJT_253,Tunnel,Los Angeles,2020-09-09,2022-07-07,42707317,44062520.7,1355203.7,523,666,143,0.74,0.68,331.22,32.98,43.16,Rainy,254,49177.72,772.09,9955,49.54,7,9.53,54.9,0,40.21,High
PJT_254,Building,Houston,2020-09-10,2021-07-20,10176748,15020042.31,4843294.31,233,313,80,0.11,1.14,377.99,41.19,38.89,Stormy,187,23496.92,392.92,4400,42.84,3,2.21,87.86,0,28.92,Low
PJT_255,Bridge,Chicago,2020-09-11,2023-05-17,23941230,30400102.01,6458872.01,707,978,271,1.39,4.41,469.36,3.52,55.8,Cloudy,264,39352.58,701.41,6319,51.76,8,7.9,94.47,1,19.91,High
PJT_256,Building,Seattle,2020-09-12,2023-09-29,46501579,57388857.25,10887278.25,790,1112,322,1.67,0.1,175.49,21.73,50.81,Sunny,259,9489.34,745.2,7732,74.92,3,6.56,85.84,0,44.07,High
PJT_257,Bridge,Houston,2020-09-13,2022-11-30,29911861,34382639.16,4470778.16,711,808,97,0.38,3.76,477.6,5.1,55.87,Sunny,81,39957.41,623.07,7674,87.17,3,8.38,90.28,0,72.34,High
PJT_258,Dam,Chicago,2020-09-14,2022-08-01,25276628,29254325.01,3977697.01,737,686,-51,0.4,2.37,78.47,35.33,67.09,Sunny,146,21713.76,962.83,2085,50.15,4,6.41,99.55,0,30.83,High
PJT_259,Road,Chicago,2020-09-15,2021-11-13,40770506,49925237.82,9154731.82,372,424,52,1.6,2.23,321.36,-9.71,47.1,Rainy,213,6772.56,119.3,6446,46.51,0,9.67,56.74,0,79.26,High
PJT_260,Road,New York,2020-09-16,2021-07-22,11511846,15170977.01,3659131.01,237,309,72,1.27,0.04,75.71,21.07,37.59,Rainy,205,21346.08,764.79,5376,84.96,6,6.64,98.26,0,22.19,High
PJT_261,Road,Seattle,2020-09-17,2022-09-08,47669316,62984878.88,15315562.88,616,721,105,0.19,4.1,452.2,8.66,31.63,Stormy,193,32478.92,962.91,2963,58.31,8,8.06,80.06,0,49.64,High
PJT_262,Building,New York,2020-09-18,2021-10-14,39143159,39261228.26,118069.26,290,391,101,1.28,1.8,288.41,7.75,44.46,Sunny,65,10366.26,876.04,6177,97.09,8,8.9,90.66,0,73.21,High
PJT_263,Dam,Los Angeles,2020-09-19,2021-08-28,44562003,53477418.28,8915415.28,308,343,35,0.69,2.7,351.21,25.47,71.93,Stormy,67,46581.55,251.1,5572,82.86,0,7.43,82.51,0,22.18,High
PJT_264,Bridge,New York,2020-09-20,2023-10-29,9978989,11447645.28,1468656.28,885,1134,249,0.8,3.39,424.21,36.83,72.97,Sunny,185,8495.26,394.14,8543,59.61,5,5.72,78.5,0,63.81,High
PJT_265,Tunnel,New York,2020-09-21,2022-02-14,14792249,21039255.09,6247006.09,505,511,6,1.56,3.51,117.64,23.51,66.68,Rainy,283,46850.3,255.21,9907,57.37,2,3.46,85.18,0,81.91,Medium
PJT_266,Bridge,Houston,2020-09-22,2021-06-01,29098059,37212092.11,8114033.11,187,252,65,1.64,4.78,67.37,36.92,36.38,Cloudy,257,36821.19,641.18,1242,71.42,3,8.69,66.01,0,63.6,High
PJT_267,Tunnel,Chicago,2020-09-23,2021-06-05,4683909,5712038.45,1028129.45,208,255,47,0.86,2.66,445.5,4.55,61.17,Cloudy,296,19837.05,740.97,7510,44.75,7,5.33,96.21,0,56.03,Medium
PJT_268,Bridge,Seattle,2020-09-24,2021-07-19,36094032,34983663.54,-1110368.46,291,298,7,1.9,2.0,191.72,18.57,59.95,Cloudy,297,22583.77,385.37,4915,47.06,3,6.59,55.76,0,85.45,High
PJT_269,Dam,New York,2020-09-25,2023-03-30,42019538,53086758.78,11067220.78,852,916,64,0.87,4.77,108.04,14.78,53.9,Cloudy,124,38336.42,585.56,1837,50.55,7,1.71,65.9,1,98.69,Medium
PJT_270,Tunnel,Seattle,2020-09-26,2021-11-18,20847987,20229267.6,-618719.4,310,418,108,1.57,3.21,260.81,-9.36,58.5,Snowy,247,32066.2,721.83,4323,86.48,3,5.48,51.56,0,26.32,Medium
PJT_271,Building,New York,2020-09-27,2021-12-08,18920863,20856920.35,1936057.35,367,437,70,1.02,1.49,319.24,20.62,54.43,Sunny,50,35223.93,479.21,3953,70.83,8,7.28,63.57,1,72.22,High
PJT_272,Bridge,Los Angeles,2020-09-28,2023-02-24,33453189,32974981.65,-478207.35,854,879,25,1.81,0.63,63.94,26.38,59.58,Cloudy,239,22512.41,868.61,2432,40.63,5,6.26,60.91,0,17.26,High
PJT_273,Bridge,New York,2020-09-29,2024-05-06,46554686,61230780.2,14676094.2,888,1315,427,1.82,4.21,173.7,22.56,70.09,Snowy,174,26951.61,794.39,7854,80.41,0,5.04,52.48,0,13.86,High
PJT_274,Tunnel,Houston,2020-09-30,2023-02-16,24933622,25525827.15,592205.15,654,869,215,0.27,1.81,64.76,30.5,27.67,Snowy,253,49544.04,158.2,8655,65.42,9,3.01,74.59,0,35.27,Medium
PJT_275,Building,Chicago,2020-10-01,2022-12-11,2416953,2743521.11,326568.11,543,801,258,1.88,3.3,239.15,21.42,72.47,Snowy,298,14626.53,659.01,9431,70.65,1,3.79,73.43,0,97.38,Medium
PJT_276,Building,Los Angeles,2020-10-02,2021-12-19,31250211,44919205.37,13668994.37,383,443,60,1.67,2.35,452.8,-6.33,29.51,Stormy,87,23803.53,311.79,9330,52.85,6,7.31,53.89,0,59.7,High
PJT_277,Dam,New York,2020-10-03,2022-01-09,20471461,20933907.82,462446.82,391,463,72,1.6,0.99,492.19,-3.6,24.66,Stormy,269,18132.04,601.77,9611,73.11,9,3.02,63.09,0,34.14,Medium
PJT_278,Building,Seattle,2020-10-04,2023-11-29,30288010,36487451.91,6199441.91,800,1151,351,0.48,3.01,336.67,22.81,88.33,Snowy,94,39430.02,961.2,1303,98.75,6,6.6,97.67,1,21.93,High
PJT_279,Building,Los Angeles,2020-10-05,2022-04-11,1421280,1636693.46,215413.46,455,553,98,1.63,0.3,122.74,5.12,86.99,Cloudy,235,39380.57,891.16,3162,44.41,2,6.31,55.54,0,92.82,High
PJT_280,Building,Los Angeles,2020-10-06,2021-09-05,1909245,1739082.44,-170162.56,252,334,82,1.72,2.07,457.63,-5.62,24.23,Sunny,130,18160.05,464.06,7486,57.04,0,9.73,65.25,1,42.61,High
PJT_281,Road,New York,2020-10-07,2023-03-28,16993238,23376830.58,6383592.58,858,902,44,0.65,2.73,282.31,13.63,51.03,Rainy,178,8662.56,362.36,5102,54.58,7,1.55,51.79,0,37.6,Low
PJT_282,Dam,Los Angeles,2020-10-08,2022-02-13,49427722,46532618.92,-2895103.08,422,493,71,1.91,2.18,119.19,20.49,33.04,Stormy,81,5514.47,310.97,7874,54.91,9,1.97,57.44,0,87.22,Low
PJT_283,Bridge,Seattle,2020-10-09,2021-07-10,35147064,41633560.54,6486496.54,281,274,-7,0.19,3.74,464.78,8.08,53.97,Cloudy,185,24235.27,579.26,2168,62.72,9,5.55,84.97,0,64.4,Medium
PJT_284,Tunnel,Los Angeles,2020-10-10,2023-03-13,13425714,16599646.46,3173932.46,864,884,20,0.38,4.14,390.86,29.62,78.11,Cloudy,167,23465.19,202.82,1415,89.09,6,5.74,68.34,0,25.18,Medium
PJT_285,Bridge,Seattle,2020-10-11,2021-08-22,30920720,39487487.1,8566767.1,350,315,-35,1.12,3.86,379.27,25.41,86.54,Rainy,89,49477.54,594.35,6243,94.77,9,1.36,72.6,0,47.94,Low
PJT_286,Dam,New York,2020-10-12,2022-11-19,27638002,36293643.21,8655641.21,832,768,-64,1.19,0.19,369.13,8.31,64.4,Rainy,233,26141.09,101.2,1149,52.13,7,8.43,57.85,0,93.54,High
PJT_287,Tunnel,Chicago,2020-10-13,2022-04-11,17439220,18345421.69,906201.69,367,545,178,1.33,0.97,140.15,31.52,44.77,Cloudy,240,16538.83,391.46,7524,72.58,0,5.45,84.11,1,91.11,High
PJT_288,Dam,Los Angeles,2020-10-14,2022-07-24,13259034,12012515.96,-1246518.04,620,648,28,0.13,2.68,144.95,25.68,62.23,Rainy,284,45105.32,297.94,6899,78.21,2,4.12,87.58,0,16.31,Medium
PJT_289,Building,Chicago,2020-10-15,2021-09-24,6730385,8978779.12,2248394.12,265,344,79,1.92,4.67,359.73,25.06,41.84,Cloudy,287,27098.06,974.1,1838,71.31,1,3.87,59.06,0,34.18,Medium
PJT_290,Tunnel,Seattle,2020-10-16,2023-04-23,26580123,32464801.68,5884678.68,655,919,264,0.18,4.17,148.88,20.44,83.69,Rainy,265,31962.9,754.52,7144,66.04,0,8.75,52.25,0,23.91,High
PJT_291,Building,Los Angeles,2020-10-17,2021-07-28,36935918,51771991.15,14836073.15,231,284,53,0.37,4.21,247.4,-9.37,80.93,Rainy,123,9305.09,414.69,8466,51.52,4,2.77,54.05,0,58.04,Medium
PJT_292,Bridge,Houston,2020-10-18,2021-08-02,48368963,67369888.7,19000925.7,290,288,-2,0.13,1.52,401.9,28.31,59.08,Cloudy,160,22231.24,183.56,2320,69.29,2,2.44,82.85,0,77.5,Medium
PJT_293,Bridge,Chicago,2020-10-19,2021-08-12,42722758,60068014.07,17345256.07,222,297,75,1.18,2.15,402.78,10.68,42.74,Snowy,152,47490.07,565.12,2523,64.07,9,2.92,56.78,0,36.6,Medium
PJT_294,Tunnel,Los Angeles,2020-10-20,2022-02-23,13550508,16139424.64,2588916.64,390,491,101,1.87,2.35,253.97,41.84,40.54,Cloudy,152,31527.74,292.1,6234,87.73,7,6.63,74.7,0,78.22,High
PJT_295,Tunnel,Chicago,2020-10-21,2022-03-12,34214626,37642145.87,3427519.87,379,507,128,1.37,0.79,406.49,34.99,22.34,Sunny,123,20502.58,582.79,7144,85.82,5,8.3,57.63,0,70.18,High
PJT_296,Dam,Los Angeles,2020-10-22,2023-10-25,44860083,61679694.7,16819611.7,806,1098,292,1.66,0.16,427.38,22.32,77.11,Rainy,213,33155.02,851.83,1552,48.04,9,3.98,58.51,0,75.54,Medium
PJT_297,Dam,New York,2020-10-23,2021-08-23,14605804,17100131.62,2494327.62,205,304,99,0.13,4.73,344.65,3.87,51.53,Stormy,266,45968.5,654.21,4756,45.31,8,2.56,50.22,0,95.34,Low
PJT_298,Building,Chicago,2020-10-24,2022-06-11,8085904,8167291.19,81387.19,478,595,117,1.13,1.2,152.79,1.2,42.76,Rainy,163,17329.58,670.41,4671,94.49,8,2.88,66.04,1,48.22,Medium
PJT_299,Tunnel,Houston,2020-10-25,2021-08-04,14824880,20947324.35,6122444.35,256,283,27,0.97,1.2,173.31,8.72,52.98,Sunny,172,27730.25,586.93,1481,72.13,5,6.57,54.49,0,40.83,High
PJT_300,Bridge,Houston,2020-10-26,2021-12-07,7699744,11007060.67,3307316.67,316,407,91,1.05,0.42,191.68,16.21,77.31,Stormy,106,48141.08,934.54,1599,91.47,1,3.21,69.7,0,71.55,Medium
PJT_301,Dam,Seattle,2020-10-27,2021-05-02,11587999,13671357.29,2083358.29,199,187,-12,0.24,4.64,102.56,6.28,28.72,Stormy,123,12757.83,938.71,8677,43.49,8,8.9,79.89,0,82.68,High
PJT_302,Dam,Los Angeles,2020-10-28,2023-04-06,26801543,25338710.4,-1462832.6,619,890,271,1.4,2.9,172.92,18.32,80.04,Cloudy,132,37384.88,561.45,2982,71.59,1,1.94,68.38,0,27.23,Low
PJT_303,Bridge,Chicago,2020-10-29,2021-11-12,37355877,42312839.53,4956962.53,390,379,-11,1.06,3.34,144.28,-0.9,82.83,Snowy,287,32651.65,375.18,2634,72.37,2,1.29,85.25,1,86.21,Medium
PJT_304,Dam,Seattle,2020-10-30,2023-01-09,26974082,37281488.23,10307406.23,730,801,71,1.55,4.56,254.9,43.77,86.27,Cloudy,222,35585.38,513.63,8830,91.64,5,1.8,87.07,1,15.21,Medium
PJT_305,Building,Chicago,2020-10-31,2023-03-03,47467514,68403745.39,20936231.39,614,853,239,1.02,1.73,458.8,-4.06,47.82,Stormy,128,20804.88,267.9,3997,45.86,1,8.61,84.83,0,10.58,High
PJT_306,Tunnel,Los Angeles,2020-11-01,2022-03-02,45807180,46818769.52,1011589.52,386,486,100,0.38,3.11,97.02,41.26,35.2,Stormy,257,19124.57,672.71,1686,54.43,4,6.86,96.84,1,24.26,High
PJT_307,Bridge,Houston,2020-11-02,2022-10-05,12953070,12178271.33,-774798.67,618,702,84,1.33,0.19,374.12,40.25,46.15,Snowy,179,35789.44,550.08,6529,64.39,1,9.62,61.86,1,98.08,High
PJT_308,Tunnel,New York,2020-11-03,2023-08-01,7839789,11182755.56,3342966.56,845,1001,156,0.43,0.93,359.28,18.89,43.3,Rainy,142,14699.45,192.97,2759,91.95,3,4.03,59.47,0,57.12,Medium
PJT_309,Dam,Houston,2020-11-04,2021-09-12,9570556,10849593.47,1279037.47,221,312,91,1.76,4.16,93.09,29.87,32.33,Snowy,245,23884.46,277.88,8023,96.33,2,2.91,80.49,1,14.19,Medium
PJT_310,Dam,Seattle,2020-11-05,2022-08-18,20360030,24942188.69,4582158.69,590,651,61,1.26,3.83,465.16,13.98,62.51,Cloudy,294,13467.86,531.67,7208,99.56,4,6.06,79.74,0,99.75,High
PJT_311,Bridge,New York,2020-11-06,2023-08-01,15994127,23684734.83,7690607.83,702,998,296,0.4,1.75,305.81,24.65,53.36,Rainy,99,5373.72,898.83,8234,97.55,5,5.84,75.5,0,77.04,High
PJT_312,Building,Seattle,2020-11-07,2022-11-29,35761183,33613324.75,-2147858.25,789,752,-37,1.93,1.88,213.68,8.73,80.6,Cloudy,78,48652.58,609.75,3480,40.36,6,6.32,50.22,0,85.42,High
PJT_313,Road,Los Angeles,2020-11-08,2023-02-14,32707157,42159224.61,9452067.61,606,828,222,1.08,2.67,390.44,6.56,22.25,Snowy,272,24426.63,713.38,8476,42.86,9,4.13,77.76,0,29.16,Medium
PJT_314,Bridge,New York,2020-11-09,2022-08-10,1953692,1845190.3,-108501.7,454,639,185,0.24,0.0,165.81,21.8,65.07,Rainy,130,48620.73,405.13,8770,48.86,7,1.05,96.64,1,19.49,Medium
PJT_315,Road,Seattle,2020-11-10,2022-08-05,17994986,20249422.27,2254436.27,627,633,6,1.29,1.21,362.08,17.4,73.41,Snowy,59,11314.56,614.27,1114,60.93,8,1.32,66.73,0,56.36,Low
PJT_316,Road,Los Angeles,2020-11-11,2022-08-08,22614133,31259261.12,8645128.12,548,635,87,0.58,1.04,67.87,21.87,73.16,Sunny,204,31431.51,502.64,1568,89.8,3,6.97,98.38,1,79.5,High
PJT_317,Building,Houston,2020-11-12,2021-12-16,41523561,48170791.32,6647230.32,399,399,0,1.63,1.25,427.73,5.77,82.03,Stormy,166,14043.83,693.22,8951,93.56,3,5.71,67.84,0,67.4,Medium
PJT_318,Road,Los Angeles,2020-11-13,2023-08-11,33401727,50046121.95,16644394.95,756,1001,245,1.65,4.03,251.68,10.18,71.03,Rainy,282,40553.34,145.52,3689,51.21,6,8.39,56.99,0,66.8,High
PJT_319,Road,Chicago,2020-11-14,2022-03-31,11825853,14610079.45,2784226.45,411,502,91,1.96,1.4,336.51,-5.39,84.95,Stormy,192,40266.63,543.97,5590,77.18,9,3.7,69.92,0,78.14,Medium
PJT_320,Building,Los Angeles,2020-11-15,2022-08-27,17515348,19138973.32,1623625.32,507,650,143,1.05,0.96,149.56,-7.12,43.29,Sunny,109,10067.32,366.39,4340,95.04,9,8.34,74.73,1,30.43,High
PJT_321,Road,Los Angeles,2020-11-16,2022-08-11,32343819,33380981.63,1037162.63,622,633,11,0.96,2.52,354.68,3.94,55.22,Rainy,285,46042.9,393.57,3988,67.82,8,4.83,81.47,0,69.54,Medium
PJT_322,Road,Chicago,2020-11-17,2021-07-12,33479425,37172618.06,3693193.06,231,237,6,1.53,4.33,397.51,-5.92,20.99,Stormy,208,13758.33,964.83,4151,46.21,1,1.87,75.24,0,45.29,Low
PJT_323,Road,Seattle,2020-11-18,2022-04-15,23687400,26613266.8,2925866.8,555,513,-42,0.35,1.21,262.95,-4.29,20.49,Stormy,198,32583.98,264.43,4015,67.47,5,9.8,76.84,0,16.28,High
PJT_324,Bridge,Seattle,2020-11-19,2022-03-17,33555703,31583574.16,-1972128.84,442,483,41,1.14,0.39,327.98,34.71,36.81,Rainy,109,49353.51,380.12,7345,62.55,9,5.61,51.2,0,28.19,Medium
PJT_325,Bridge,Los Angeles,2020-11-20,2022-05-25,19567224,21949426.29,2382202.29,446,551,105,1.14,1.78,255.35,-7.86,27.06,Stormy,107,44707.84,558.9,4574,74.66,9,6.67,62.68,1,81.46,High
PJT_326,Bridge,Chicago,2020-11-21,2022-12-22,39067502,46042735.38,6975233.38,538,761,223,0.27,3.74,452.34,26.24,38.21,Stormy,218,48045.38,876.72,8838,66.32,7,7.04,65.53,0,90.63,High
PJT_327,Building,Chicago,2020-11-22,2022-08-29,27504354,36680979.59,9176625.59,496,645,149,0.89,2.75,274.04,4.99,32.39,Rainy,223,20416.94,475.0,2608,41.04,4,4.26,99.35,0,35.45,Medium
PJT_328,Dam,Houston,2020-11-23,2022-06-30,22244167,28784790.5,6540623.5,503,584,81,1.72,4.08,428.81,37.94,22.0,Stormy,94,9750.9,769.48,1559,99.64,4,7.73,64.78,0,27.13,High
PJT_329,Road,Seattle,2020-11-24,2024-04-21,45124953,59802267.83,14677314.83,845,1244,399,1.73,4.8,410.61,16.67,83.65,Stormy,173,13475.61,870.74,7621,72.61,7,8.83,94.83,0,12.41,High
PJT_330,Road,New York,2020-11-25,2023-12-07,2478768,2243330.18,-235437.82,831,1107,276,0.29,3.96,234.73,6.81,20.58,Cloudy,75,27522.27,379.01,8126,68.42,0,4.48,65.24,0,95.29,Medium
PJT_331,Building,Seattle,2020-11-26,2023-11-13,10953821,11289012.74,335191.74,742,1082,340,0.27,3.02,153.54,18.47,71.53,Cloudy,151,40695.34,453.48,6565,97.28,5,6.91,54.81,0,71.55,High
PJT_332,Road,Seattle,2020-11-27,2023-08-07,16008832,20763624.37,4754792.37,808,983,175,0.6,2.47,232.74,11.01,30.65,Sunny,100,11756.91,420.9,5435,49.35,9,7.81,62.38,1,96.13,High
PJT_333,Bridge,Houston,2020-11-28,2022-08-23,26853976,31966801.73,5112825.73,600,633,33,1.76,0.2,421.8,21.04,83.86,Cloudy,213,34687.92,849.57,6650,51.35,8,2.71,63.64,0,87.75,Low
PJT_334,Dam,New York,2020-11-29,2021-06-27,34957412,31573118.01,-3384293.99,225,210,-15,0.34,4.92,152.43,-3.7,82.5,Cloudy,101,19560.99,139.91,9803,88.48,5,3.99,98.91,0,40.64,Medium
PJT_335,Tunnel,Houston,2020-11-30,2023-10-06,27204160,37615104.58,10410944.58,779,1040,261,1.47,1.92,286.0,44.83,65.77,Sunny,258,20354.09,377.58,2881,55.65,6,1.98,83.71,1,20.14,Medium
PJT_336,Road,New York,2020-12-01,2023-04-25,29044174,39607126.03,10562952.03,899,875,-24,0.29,0.76,412.74,13.41,67.06,Stormy,100,34786.3,711.47,5169,87.95,3,6.42,96.58,0,54.92,High
PJT_337,Bridge,Los Angeles,2020-12-02,2022-04-01,10557540,12975760.35,2418220.35,448,485,37,1.28,3.33,209.06,9.15,20.37,Stormy,180,26014.97,608.9,4863,56.29,9,8.21,91.75,0,12.41,High
PJT_338,Tunnel,New York,2020-12-03,2023-07-12,25334476,23811316.52,-1523159.48,780,951,171,0.78,1.42,338.99,29.06,88.94,Cloudy,63,41541.5,492.66,8436,41.99,0,6.5,78.93,0,23.49,High
PJT_339,Dam,Houston,2020-12-04,2022-10-29,15722791,21381565.45,5658774.45,560,694,134,1.6,2.93,160.53,10.01,81.45,Sunny,226,12016.33,585.95,4708,71.02,8,2.62,83.77,0,31.01,Medium
PJT_340,Tunnel,Seattle,2020-12-05,2021-12-14,15163844,18958264.67,3794420.67,297,374,77,0.54,2.93,99.18,35.83,82.66,Stormy,254,40547.67,277.83,2709,51.8,5,5.92,81.24,0,69.91,High
PJT_341,Bridge,New York,2020-12-06,2022-12-21,41487099,56803139.69,15316040.69,745,745,0,1.31,2.23,407.47,14.98,66.15,Snowy,282,7890.59,487.64,8860,85.47,2,8.51,83.31,1,55.89,High
PJT_342,Tunnel,New York,2020-12-07,2021-11-05,10837695,14642248.27,3804553.27,295,333,38,0.55,4.18,94.54,29.58,44.14,Rainy,268,13732.42,551.53,2692,78.47,3,3.72,63.24,0,37.22,Medium
PJT_343,Building,Chicago,2020-12-08,2023-10-02,3108542,4295387.2,1186845.2,809,1028,219,1.46,1.32,172.12,-4.09,82.56,Rainy,50,34526.74,911.07,1125,95.42,9,8.49,70.41,0,60.83,High
PJT_344,Tunnel,Seattle,2020-12-09,2022-09-21,41476928,50220465.16,8743537.16,439,651,212,1.76,2.24,434.8,36.54,40.41,Rainy,234,43471.65,334.75,2199,86.98,5,8.06,79.63,0,21.27,High
PJT_345,Road,Los Angeles,2020-12-10,2021-11-14,10326243,10163033.74,-163209.26,254,339,85,0.34,2.69,205.91,30.46,59.39,Cloudy,194,16370.58,881.05,7092,50.85,5,1.2,51.8,0,78.01,Low
PJT_346,Road,Houston,2020-12-11,2023-07-27,19163905,24964713.34,5800808.34,659,958,299,1.75,3.32,487.87,1.64,26.98,Rainy,289,19723.62,679.82,3711,88.01,8,3.16,74.14,0,74.08,Medium
PJT_347,Building,Los Angeles,2020-12-12,2022-09-30,46759166,59490951.43,12731785.43,484,657,173,1.23,3.92,490.88,-2.01,84.54,Rainy,227,29170.43,118.31,7228,78.5,3,5.89,92.99,0,29.49,High
PJT_348,Bridge,Seattle,2020-12-13,2021-08-03,46010023,61899672.43,15889649.43,186,233,47,0.34,1.97,170.72,7.4,29.85,Snowy,275,14520.78,752.17,6995,80.14,4,7.46,74.62,0,64.58,High
PJT_349,Road,New York,2020-12-14,2022-06-20,37400662,37472793.05,72131.05,545,553,8,0.91,3.23,68.44,43.68,35.74,Stormy,63,41502.03,132.0,9182,89.94,4,8.92,77.62,0,55.3,High
PJT_350,Dam,New York,2020-12-15,2023-11-07,14970696,15224975.07,254279.07,813,1057,244,0.41,0.75,367.28,4.13,59.07,Snowy,295,39813.65,997.64,6502,74.43,2,6.77,60.1,1,15.47,High
PJT_351,Road,Seattle,2020-12-16,2023-05-29,19895649,28535249.23,8639600.23,702,894,192,1.43,4.66,252.94,15.09,73.49,Cloudy,296,11538.13,885.37,6760,67.96,1,4.42,89.72,0,35.03,Medium
PJT_352,Road,New York,2020-12-17,2022-10-13,6553535,8847184.95,2293649.95,527,665,138,1.54,1.92,95.34,-8.35,63.35,Rainy,236,25872.34,367.61,6582,78.2,7,2.66,67.94,1,99.95,Medium
PJT_353,Bridge,New York,2020-12-18,2022-12-25,4678621,6760313.03,2081692.03,617,737,120,0.3,3.65,368.39,11.85,36.25,Stormy,130,39867.25,331.67,3498,57.88,9,7.84,97.83,0,18.96,High
PJT_354,Tunnel,New York,2020-12-19,2022-04-13,39111198,53004637.29,13893439.29,394,480,86,1.06,0.1,64.03,21.42,20.07,Rainy,52,20179.83,443.3,3565,50.96,8,2.86,99.69,1,55.58,Medium
PJT_355,Road,Houston,2020-12-20,2022-10-20,16074661,20226636.36,4151975.36,608,669,61,1.65,1.03,441.59,42.42,73.0,Rainy,147,33489.81,420.55,7989,77.0,9,7.26,95.8,0,86.44,High
PJT_356,Building,Houston,2020-12-21,2023-03-21,40781450,52709193.91,11927743.91,677,820,143,1.88,2.44,112.39,18.42,88.96,Cloudy,89,7259.59,435.1,5790,54.03,8,2.63,54.24,1,37.06,Medium
PJT_357,Tunnel,Chicago,2020-12-22,2022-12-24,22777762,32651392.34,9873630.34,719,732,13,1.08,4.39,107.29,35.05,76.69,Rainy,138,32390.99,386.45,6024,44.79,4,1.82,66.66,1,33.46,Medium
PJT_358,Dam,Los Angeles,2020-12-23,2023-01-17,10686599,13329224.51,2642625.51,546,755,209,1.91,2.64,129.05,20.09,52.21,Sunny,174,11869.38,659.02,9307,40.03,8,3.26,97.26,1,90.17,Medium
PJT_359,Bridge,Seattle,2020-12-24,2022-05-06,7971138,10198551.31,2227413.31,492,498,6,1.12,4.65,482.12,-7.76,83.26,Stormy,243,42376.25,247.84,2031,76.5,3,3.56,90.23,1,37.43,Medium
PJT_360,Dam,Seattle,2020-12-25,2022-11-07,31450573,31258285.13,-192287.87,717,682,-35,0.85,2.42,361.93,7.33,48.69,Stormy,211,20995.23,861.38,2241,61.73,1,6.82,95.56,0,68.63,High
PJT_361,Tunnel,Seattle,2020-12-26,2021-09-23,49791739,58970982.12,9179243.12,233,271,38,1.71,2.45,410.62,21.66,56.75,Sunny,267,17669.92,831.16,2742,85.14,2,2.45,78.63,0,76.63,Low
PJT_362,Tunnel,Chicago,2020-12-27,2023-07-17,44757228,59519874.53,14762646.53,720,932,212,1.04,0.6,228.94,42.28,53.4,Cloudy,144,42840.0,528.83,6709,62.51,0,9.37,74.02,0,80.98,High
PJT_363,Tunnel,Houston,2020-12-28,2023-01-18,45050399,47869005.1,2818606.1,646,751,105,1.0,4.01,201.34,37.25,51.33,Rainy,58,7256.48,867.46,6999,69.16,4,5.99,55.32,0,99.53,High
PJT_364,Dam,Chicago,2020-12-29,2021-12-30,43161441,44083046.03,921605.03,343,366,23,1.03,1.23,155.52,2.56,74.26,Rainy,143,22847.4,322.43,5090,64.43,0,5.42,91.97,1,82.29,High
PJT_365,Tunnel,Seattle,2020-12-30,2022-09-25,27150956,29548279.12,2397323.12,513,634,121,1.71,4.5,266.29,2.11,56.87,Stormy,133,21650.16,115.81,9160,79.03,0,4.91,87.26,0,69.13,Medium
PJT_366,Dam,Los Angeles,2020-12-31,2023-03-16,9547900,9976604.31,428704.31,726,805,79,1.68,4.55,298.32,1.06,42.17,Cloudy,70,17816.02,657.29,7883,61.37,6,6.1,52.94,0,90.59,High
PJT_367,Tunnel,New York,2021-01-01,2023-02-09,31885970,32808991.74,923021.74,527,769,242,0.87,4.72,334.3,40.74,38.07,Cloudy,270,46028.94,512.12,6129,97.83,1,1.2,60.47,0,91.52,Low
PJT_368,Building,Houston,2021-01-02,2022-10-21,30856890,35636946.43,4780056.43,452,657,205,0.73,2.6,165.7,36.9,22.64,Cloudy,74,38791.78,610.45,5403,96.17,7,9.91,77.86,0,97.58,High
PJT_369,Tunnel,Houston,2021-01-03,2023-12-19,42099621,60821453.32,18721832.32,899,1080,181,1.03,3.39,476.89,32.62,60.82,Rainy,151,7876.54,909.41,7577,90.88,5,6.02,84.22,0,79.88,High
PJT_370,Dam,Chicago,2021-01-04,2022-10-16,12556367,15120826.51,2564459.51,593,650,57,1.19,3.89,126.39,11.6,36.1,Cloudy,171,37160.94,972.93,5897,95.22,3,1.32,56.88,0,27.54,Low
PJT_371,Road,Houston,2021-01-05,2023-07-05,43406977,43960512.69,553535.69,679,911,232,0.55,0.66,484.54,17.74,30.37,Sunny,221,28728.46,671.01,1163,66.95,8,6.31,62.24,0,73.88,High
PJT_372,Tunnel,Seattle,2021-01-06,2021-09-14,16275664,15399756.62,-875907.38,272,251,-21,1.61,3.0,56.69,15.54,65.77,Snowy,74,45539.06,787.65,4310,72.19,9,4.93,59.66,0,16.76,Medium
PJT_373,Road,Seattle,2021-01-07,2023-10-28,3681206,4850701.91,1169495.91,864,1024,160,1.02,0.17,266.51,3.94,67.68,Cloudy,186,19082.55,175.43,4388,84.53,7,1.22,61.0,0,38.62,Low
PJT_374,Building,Chicago,2021-01-08,2021-10-19,34742203,39247546.13,4505343.13,258,284,26,0.73,2.49,200.02,17.78,72.65,Snowy,152,30837.29,244.64,1995,81.77,9,9.32,96.04,0,20.42,High
PJT_375,Bridge,Seattle,2021-01-09,2024-03-17,18014415,25095855.74,7081440.74,801,1163,362,0.3,0.77,252.11,-8.32,55.25,Rainy,239,27533.99,759.88,7161,93.44,2,1.1,85.79,1,95.49,Medium
PJT_376,Building,Los Angeles,2021-01-10,2022-01-04,41844645,54218376.89,12373731.89,396,359,-37,0.55,0.91,306.8,-2.75,82.58,Cloudy,285,27030.24,488.23,2877,82.98,2,6.2,86.86,0,40.49,High
PJT_377,Tunnel,Chicago,2021-01-11,2022-11-03,15392507,21206947.56,5814440.56,537,661,124,1.9,1.83,246.02,38.76,85.54,Stormy,203,25524.74,501.37,9103,99.87,3,9.66,89.7,0,74.19,High
PJT_378,Road,Los Angeles,2021-01-12,2023-12-19,20634497,21937929.14,1303432.14,797,1071,274,0.68,2.16,236.68,31.34,76.52,Rainy,106,14253.33,377.75,4264,60.91,8,3.14,67.83,0,61.42,Medium
PJT_379,Road,New York,2021-01-13,2023-04-10,45675521,60082281.6,14406760.6,686,817,131,0.42,3.12,379.73,13.26,64.49,Sunny,86,39006.95,646.62,2348,89.98,8,3.29,88.36,0,19.68,Medium
PJT_380,Dam,Los Angeles,2021-01-14,2022-12-17,31000601,32812189.04,1811588.04,738,702,-36,0.98,0.37,358.64,18.44,41.26,Sunny,65,25310.12,266.65,3251,81.86,4,1.0,98.92,0,60.52,Low
PJT_381,Road,New York,2021-01-15,2022-07-03,46545655,68116823.98,21571168.98,360,534,174,0.68,2.52,424.97,10.35,88.81,Snowy,86,48133.23,664.22,8290,81.48,8,1.6,84.92,0,69.49,Low
PJT_382,Dam,New York,2021-01-16,2023-07-19,35305950,45256034.14,9950084.14,755,914,159,0.17,0.91,162.48,30.74,39.19,Snowy,125,16736.38,256.42,9018,59.55,5,1.4,70.84,0,89.34,Low
PJT_383,Bridge,Los Angeles,2021-01-17,2022-07-10,18290529,20022771.6,1732242.6,425,539,114,0.71,2.87,324.29,33.13,34.19,Stormy,201,35723.47,157.44,7590,87.14,7,8.4,85.82,0,16.31,High
PJT_384,Tunnel,Chicago,2021-01-18,2022-04-04,46874626,49767124.05,2892498.05,423,441,18,1.13,3.19,313.34,31.98,50.95,Stormy,75,47332.27,397.32,8658,94.02,7,8.53,95.04,1,36.61,High
PJT_385,Dam,Seattle,2021-01-19,2023-04-14,29380039,29807693.41,427654.41,685,815,130,1.15,2.78,216.38,29.74,23.98,Sunny,69,34855.62,308.03,1432,53.11,9,7.54,56.44,0,72.31,High
PJT_386,Bridge,Seattle,2021-01-20,2022-12-17,49383190,65027022.87,15643832.87,601,696,95,0.78,3.69,268.73,1.25,88.49,Cloudy,186,44207.28,900.09,6743,77.53,6,4.17,63.26,0,13.09,Medium
PJT_387,Road,New York,2021-01-21,2022-05-08,32581133,33598621.19,1017488.19,499,472,-27,0.95,1.68,191.2,8.59,61.19,Sunny,264,42236.64,149.46,6247,63.53,3,8.39,95.96,1,28.32,High
PJT_388,Road,New York,2021-01-22,2021-10-05,3332214,4189199.33,856985.33,266,256,-10,1.93,3.83,113.83,15.84,58.99,Sunny,152,21205.3,258.95,8715,99.37,3,5.86,97.31,0,29.68,Medium
PJT_389,Bridge,Chicago,2021-01-23,2022-08-01,28496053,30171079.95,1675026.95,396,555,159,0.82,2.16,146.21,8.19,65.91,Stormy,78,32005.58,593.85,4817,68.73,5,3.74,74.21,0,70.24,Medium
PJT_390,Road,Houston,2021-01-24,2022-12-23,39636252,51415407.55,11779155.55,669,698,29,0.59,2.42,97.48,31.52,54.79,Snowy,80,12031.76,532.96,2070,53.7,8,4.94,68.73,0,35.74,Medium
PJT_391,Bridge,Los Angeles,2021-01-25,2023-01-05,23043878,32007113.21,8963235.21,698,710,12,0.56,3.24,357.38,8.11,22.24,Stormy,68,29098.66,141.27,5600,62.91,6,1.59,64.14,0,63.96,Low
PJT_392,Dam,New York,2021-01-26,2022-07-30,34015348,46492692.84,12477344.84,457,550,93,0.97,0.09,347.33,-2.4,62.86,Stormy,197,15368.99,106.53,9306,79.23,4,9.5,74.94,1,96.88,High
PJT_393,Dam,Seattle,2021-01-27,2022-05-16,32263040,43765162.15,11502122.15,348,474,126,1.54,3.27,477.77,11.95,70.13,Stormy,264,38468.16,989.26,1994,44.57,4,6.57,96.73,0,81.39,High
PJT_394,Bridge,Chicago,2021-01-28,2022-05-20,10042832,10169707.55,126875.55,509,477,-32,0.49,3.09,378.36,43.9,49.17,Sunny,284,28762.63,692.95,5318,76.22,7,7.58,57.49,0,39.96,High
PJT_395,Dam,Los Angeles,2021-01-29,2023-11-28,3250397,3097729.0,-152668.0,829,1033,204,1.45,1.55,73.42,2.42,73.01,Cloudy,76,23505.23,428.87,5731,95.87,5,7.09,70.99,1,52.52,High
PJT_396,Dam,Chicago,2021-01-30,2022-09-24,44942324,59295522.43,14353198.43,620,602,-18,0.14,0.43,447.91,23.67,35.89,Sunny,143,17095.87,523.39,7068,91.02,0,7.01,95.58,0,28.06,High
PJT_397,Dam,Los Angeles,2021-01-31,2022-07-10,11390284,12768603.23,1378319.23,570,525,-45,0.9,0.45,438.2,13.81,35.49,Rainy,134,49941.43,339.9,8670,44.06,0,1.16,67.46,0,11.41,Low
PJT_398,Building,Los Angeles,2021-02-01,2022-10-23,42846292,49676322.4,6830030.4,675,629,-46,1.57,4.62,249.49,-6.09,31.3,Stormy,93,8226.97,410.39,5767,99.6,8,5.73,88.4,1,36.07,High
PJT_399,Tunnel,New York,2021-02-02,2023-03-28,43397458,39868787.07,-3528670.93,560,784,224,0.74,3.45,313.64,16.83,46.04,Stormy,212,6960.23,684.14,1957,81.92,7,8.4,69.46,0,43.25,High
PJT_400,Road,Chicago,2021-02-03,2022-05-20,31891320,33669129.36,1777809.36,485,471,-14,1.17,0.64,489.24,28.62,79.29,Rainy,162,14776.58,894.53,9287,49.74,5,1.4,90.25,0,60.79,Low
PJT_401,Building,Chicago,2021-02-04,2023-04-05,42280792,38907031.82,-3373760.18,852,790,-62,0.49,1.78,289.54,18.23,77.95,Stormy,248,48698.26,265.72,3154,40.74,0,9.61,99.05,0,94.97,High
PJT_402,Dam,Seattle,2021-02-05,2023-04-21,2472542,3529582.05,1057040.05,692,805,113,1.51,2.96,457.39,37.97,46.8,Stormy,199,49065.72,856.33,1631,50.28,1,4.82,69.39,1,95.31,High
PJT_403,Bridge,Seattle,2021-02-06,2022-07-07,5473014,5724980.67,251966.67,367,516,149,0.2,4.18,87.37,5.89,61.24,Stormy,123,34471.75,209.4,7045,90.29,9,3.61,92.25,0,16.31,Medium
PJT_404,Dam,New York,2021-02-07,2023-02-12,14245462,17584631.08,3339169.08,695,735,40,1.72,0.22,135.97,-5.26,70.46,Rainy,136,44604.8,293.49,1697,41.3,2,5.79,99.42,0,65.32,Medium
PJT_405,Tunnel,New York,2021-02-08,2023-09-15,33463391,30899680.05,-2563710.95,823,949,126,0.48,1.18,248.34,41.51,36.88,Sunny,192,14628.28,133.46,1031,53.99,9,8.21,99.19,0,13.81,High
PJT_406,Dam,Houston,2021-02-09,2022-08-23,4529801,5889232.49,1359431.49,606,560,-46,1.76,4.45,313.14,10.8,31.77,Stormy,143,48741.89,226.73,7209,85.44,2,5.27,71.69,0,68.33,Medium
PJT_407,Bridge,Seattle,2021-02-10,2023-04-17,34242121,37454593.78,3212472.78,681,796,115,0.77,0.05,417.3,21.7,88.05,Cloudy,147,11425.32,925.57,5874,75.17,1,6.81,74.29,0,20.59,High
PJT_408,Tunnel,Los Angeles,2021-02-11,2022-08-12,39362595,56632993.08,17270398.08,439,547,108,1.47,1.01,494.72,33.56,63.23,Rainy,190,9550.63,513.49,6562,86.96,1,5.5,65.17,1,95.18,High
PJT_409,Dam,Chicago,2021-02-12,2023-06-22,34424949,49326508.12,14901559.12,692,860,168,0.71,4.8,224.98,7.84,88.7,Snowy,181,10049.52,169.9,9740,84.77,5,6.68,65.7,0,87.79,High
PJT_410,Tunnel,New York,2021-02-13,2021-11-15,40839283,44726136.07,3886853.07,250,275,25,1.82,3.07,71.34,29.39,43.64,Rainy,259,30790.76,963.75,3248,43.04,6,2.24,74.62,0,12.01,Low
PJT_411,Road,Chicago,2021-02-14,2023-01-31,47137503,67905180.85,20767677.85,657,716,59,0.34,1.31,410.53,-2.55,69.21,Sunny,105,40143.85,891.09,7192,93.55,3,1.35,60.03,0,80.39,Low
PJT_412,Road,Chicago,2021-02-15,2022-01-25,46756273,70026617.78,23270344.78,357,344,-13,0.44,0.33,321.97,6.02,35.58,Rainy,200,21500.02,779.21,7406,53.62,0,2.23,85.56,0,67.23,Medium
PJT_413,Dam,Houston,2021-02-16,2023-01-29,33455693,46679035.53,13223342.53,636,712,76,1.04,0.14,139.34,-2.04,38.28,Snowy,146,49005.32,940.13,2156,73.2,5,3.57,76.82,1,54.58,High
PJT_414,Tunnel,Seattle,2021-02-17,2022-02-05,44154609,62122126.51,17967517.51,368,353,-15,0.26,1.22,272.67,34.62,55.83,Cloudy,147,24548.91,298.12,9535,78.66,6,3.28,94.9,0,64.24,Medium
PJT_415,Bridge,New York,2021-02-18,2022-11-19,47504347,49851310.74,2346963.74,470,639,169,0.47,4.41,384.04,2.25,42.37,Snowy,83,11770.18,852.73,6295,50.12,3,6.54,90.53,0,71.04,High
PJT_416,Dam,Chicago,2021-02-19,2023-12-20,2195885,2736119.79,540234.79,699,1034,335,1.89,2.08,396.69,29.46,31.73,Rainy,149,25968.5,720.99,7154,98.57,5,5.1,66.12,1,89.6,High
PJT_417,Road,New York,2021-02-20,2023-01-19,44099123,41468766.79,-2630356.21,471,698,227,1.96,3.6,274.83,41.88,38.4,Snowy,276,35556.67,882.78,3248,69.29,8,1.35,75.29,0,79.06,Low
PJT_418,Road,Los Angeles,2021-02-21,2024-04-21,28140148,26928736.07,-1211411.93,814,1155,341,0.81,4.59,187.35,19.03,22.5,Rainy,194,42450.16,817.22,4285,43.46,3,1.31,87.53,0,61.78,Low
PJT_419,Dam,Houston,2021-02-22,2022-09-27,31423447,47114291.73,15690844.73,462,582,120,1.85,2.04,488.18,19.7,69.31,Cloudy,205,25644.57,411.85,3003,96.24,9,1.82,59.66,0,84.22,Low
PJT_420,Tunnel,Los Angeles,2021-02-23,2023-10-06,38452622,42143441.15,3690819.15,723,955,232,1.14,0.96,348.51,15.36,54.45,Cloudy,63,31712.31,796.96,4615,75.18,3,4.18,51.58,1,98.82,High
PJT_421,Road,New York,2021-02-24,2022-10-13,25163349,33943101.84,8779752.84,556,596,40,0.61,2.59,233.71,7.92,26.6,Sunny,211,17030.51,336.21,4672,81.95,9,1.06,92.62,0,37.02,Low
PJT_422,Tunnel,New York,2021-02-25,2024-01-31,4388445,6073603.63,1685158.63,837,1070,233,1.43,4.54,176.21,16.16,32.02,Cloudy,161,34066.24,395.73,8458,71.51,4,5.45,56.88,0,20.66,Medium
PJT_423,Road,Seattle,2021-02-26,2022-03-26,20520190,29032251.33,8512061.33,335,393,58,1.35,4.02,379.0,23.15,27.18,Stormy,124,49368.74,197.12,3155,90.08,2,4.25,94.47,1,75.83,High
PJT_424,Road,Chicago,2021-02-27,2023-05-25,46435139,69586630.3,23151491.3,687,817,130,1.98,0.33,158.98,44.23,62.88,Snowy,234,7207.41,941.57,4479,41.99,9,6.0,95.68,0,98.07,High
PJT_425,Building,Chicago,2021-02-28,2023-05-11,10667788,11146749.18,478961.18,592,802,210,0.6,3.46,127.27,41.58,26.59,Snowy,254,44893.88,361.9,1051,56.1,1,7.49,73.04,0,20.5,High
PJT_426,Road,Los Angeles,2021-03-01,2023-03-27,46276218,42768966.4,-3507251.6,707,756,49,1.38,2.86,288.43,37.42,72.8,Rainy,146,30302.71,568.56,3159,68.18,8,3.26,90.34,0,48.85,Medium
PJT_427,Bridge,Houston,2021-03-02,2022-10-05,42752022,49024381.09,6272359.09,534,582,48,0.2,4.54,180.49,38.9,21.44,Cloudy,170,16344.44,452.2,5390,44.6,0,2.41,68.16,0,15.6,Low
PJT_428,Dam,Chicago,2021-03-03,2024-02-10,9182535,8980963.68,-201571.32,738,1074,336,0.32,0.61,333.01,15.73,37.46,Sunny,104,47970.04,963.94,4651,82.35,4,3.5,92.91,0,79.89,Medium
PJT_429,Dam,Seattle,2021-03-04,2022-02-09,25843729,23607097.26,-2236631.74,366,342,-24,0.11,2.67,103.07,26.16,82.35,Sunny,243,26750.94,401.54,8356,63.62,4,1.02,91.23,0,95.38,Low
PJT_430,Tunnel,Los Angeles,2021-03-05,2021-11-10,47474251,52993422.1,5519171.1,210,250,40,2.0,4.4,344.72,39.23,70.3,Sunny,275,19926.06,800.69,3112,56.36,7,2.08,53.93,0,54.91,Low
PJT_431,Road,Los Angeles,2021-03-06,2022-12-02,11196894,15342465.07,4145571.07,439,636,197,1.62,2.05,177.48,11.61,25.11,Stormy,166,13167.39,869.87,6765,40.2,5,7.76,79.13,0,46.86,High
PJT_432,Bridge,Seattle,2021-03-07,2023-04-06,13988365,17341493.8,3353128.8,600,760,160,1.59,2.41,50.11,42.9,77.48,Cloudy,142,16000.35,492.05,2354,83.19,5,3.01,82.0,1,91.69,Medium
PJT_433,Tunnel,Houston,2021-03-08,2023-07-25,31031137,33751537.28,2720400.28,708,869,161,1.07,0.35,107.12,12.87,54.51,Sunny,86,42478.21,440.35,6620,90.03,5,9.95,50.04,0,22.0,High
PJT_434,Building,Seattle,2021-03-09,2023-04-14,38917521,50304990.14,11387469.14,730,766,36,0.67,1.39,470.13,23.06,79.27,Stormy,245,32648.45,772.97,4754,63.7,3,2.51,99.0,1,90.24,Medium
PJT_435,Tunnel,Houston,2021-03-10,2022-08-26,49439031,51377580.31,1938549.31,483,534,51,0.39,1.62,440.31,29.04,62.05,Snowy,253,46096.05,921.61,1209,73.85,0,8.1,70.33,0,45.29,High
PJT_436,Tunnel,Seattle,2021-03-11,2022-01-13,20575137,18695163.43,-1879973.57,218,308,90,0.64,4.73,155.12,42.28,67.73,Rainy,75,15438.58,779.44,7232,53.66,2,7.35,75.87,1,60.35,High
PJT_437,Road,Seattle,2021-03-12,2023-06-15,13762750,18698237.74,4935487.74,668,825,157,0.81,1.41,400.27,3.45,89.55,Cloudy,299,10451.24,304.41,8846,77.33,9,3.9,59.74,0,57.55,Medium
PJT_438,Building,New York,2021-03-13,2023-12-03,33027722,42085437.72,9057715.72,823,995,172,1.54,2.3,323.86,31.04,36.26,Cloudy,238,5273.94,899.48,7171,40.73,5,3.98,80.55,0,65.44,Medium
PJT_439,Tunnel,Los Angeles,2021-03-14,2023-02-04,26434984,35882360.21,9447376.21,721,692,-29,1.13,3.36,486.91,18.64,63.68,Snowy,269,27853.79,448.82,1237,69.32,4,6.07,90.53,0,94.79,High
PJT_440,Bridge,Seattle,2021-03-15,2023-04-26,22847630,21096651.84,-1750978.16,849,772,-77,0.25,0.81,218.12,4.77,52.22,Cloudy,116,49923.81,618.61,9527,78.65,9,8.67,79.29,0,95.6,High
PJT_441,Bridge,Seattle,2021-03-16,2023-01-21,39647224,55596183.24,15948959.24,457,676,219,0.13,2.43,356.66,32.71,22.76,Cloudy,133,36273.44,848.29,9075,95.09,0,4.48,89.4,0,84.8,Medium
PJT_442,Dam,Chicago,2021-03-17,2022-05-21,1578526,2007436.33,428910.33,382,430,48,0.29,3.69,78.59,20.37,21.01,Cloudy,251,18877.76,269.56,2576,62.88,4,1.55,86.56,1,27.24,Medium
PJT_443,Building,Los Angeles,2021-03-18,2022-01-21,7612208,9424196.76,1811988.76,245,309,64,0.88,4.33,228.31,26.35,28.35,Cloudy,229,44458.64,806.06,9691,85.91,1,4.37,61.88,0,40.02,Medium
PJT_444,Building,Chicago,2021-03-19,2021-12-16,48799289,62207792.97,13408503.97,287,272,-15,1.87,3.13,483.72,7.76,65.44,Stormy,67,40177.5,636.55,9982,75.86,0,2.87,71.79,1,53.9,Medium
PJT_445,Dam,Los Angeles,2021-03-20,2022-10-27,8587676,12182991.99,3595315.99,447,586,139,1.31,3.35,292.54,16.47,59.7,Stormy,230,5693.68,904.01,4540,95.62,3,9.45,57.43,0,91.49,High
PJT_446,Tunnel,Chicago,2021-03-21,2022-10-27,46288543,57960750.13,11672207.13,401,585,184,1.62,0.63,179.55,23.95,58.74,Rainy,240,41758.72,254.77,8257,63.9,5,7.28,52.1,0,56.88,High
PJT_447,Building,Seattle,2021-03-22,2023-08-22,17541989,21902405.2,4360416.2,709,883,174,0.99,4.73,104.12,12.27,22.23,Cloudy,230,18523.7,478.61,1149,59.15,6,1.46,53.15,0,97.97,Low
PJT_448,Bridge,Seattle,2021-03-23,2021-12-10,22911760,34239505.85,11327745.85,269,262,-7,0.79,0.66,366.59,0.91,52.85,Snowy,294,11735.31,849.56,2624,93.23,8,3.64,97.12,0,98.55,Medium
PJT_449,Bridge,New York,2021-03-24,2024-03-17,1814422,2456796.52,642374.52,872,1089,217,0.31,3.87,340.19,42.89,84.72,Sunny,76,15184.89,117.31,8661,42.95,4,1.45,99.23,0,63.87,Low
PJT_450,Road,Chicago,2021-03-25,2022-11-05,23082647,26899969.37,3817322.37,434,590,156,1.76,1.32,218.27,18.13,47.83,Rainy,80,26086.09,200.98,3574,48.18,7,8.47,54.75,0,88.97,High
PJT_451,Building,Houston,2021-03-26,2023-03-21,49161585,65111481.15,15949896.15,634,725,91,1.59,4.67,477.92,30.37,63.74,Sunny,268,24119.06,991.51,5428,44.94,7,9.16,66.76,1,99.93,High
PJT_452,Tunnel,New York,2021-03-27,2022-12-04,17406440,19730866.11,2324426.11,432,617,185,0.42,3.6,59.99,12.61,74.59,Sunny,155,17999.93,352.35,8529,90.59,8,2.01,55.72,0,86.47,Low
PJT_453,Dam,Chicago,2021-03-28,2022-10-11,13663723,14173725.25,510002.25,436,562,126,1.07,3.77,186.68,9.53,74.87,Cloudy,178,12749.82,977.99,5269,40.64,2,4.96,91.71,0,69.12,Medium
PJT_454,Dam,Chicago,2021-03-29,2023-06-16,29042104,36538194.17,7496090.17,562,809,247,1.03,1.1,464.48,12.39,56.35,Snowy,55,39300.39,264.28,8769,91.7,2,9.39,74.81,0,86.06,High
PJT_455,Tunnel,New York,2021-03-30,2023-05-30,20715903,30181190.89,9465287.89,621,791,170,1.29,2.22,194.42,12.51,80.06,Sunny,60,49554.94,424.98,3108,67.08,8,2.31,81.06,1,17.44,Medium
PJT_456,Road,Seattle,2021-03-31,2023-05-01,17192668,25058033.58,7865365.58,778,761,-17,1.9,3.09,163.51,19.93,47.4,Sunny,211,40000.62,777.58,4947,40.24,6,3.63,77.0,0,67.13,Medium
PJT_457,Dam,Chicago,2021-04-01,2022-01-18,39707867,43882877.89,4175010.89,269,292,23,1.2,3.85,290.4,19.89,82.21,Rainy,280,18317.16,692.0,8899,64.1,3,3.74,85.51,1,29.49,Medium
PJT_458,Building,Seattle,2021-04-02,2022-11-04,35971274,43762885.03,7791611.03,569,581,12,1.13,0.52,420.71,17.34,36.82,Snowy,261,16016.4,623.01,5914,51.21,0,1.27,65.96,0,20.45,Low
PJT_459,Road,New York,2021-04-03,2024-04-07,4689024,4815541.08,126517.08,761,1100,339,0.2,4.81,96.42,-2.59,39.62,Snowy,240,14794.96,576.91,7667,77.46,6,1.33,56.87,0,90.36,Low
PJT_460,Building,Seattle,2021-04-04,2022-01-31,22173866,33202673.88,11028807.88,223,302,79,0.22,4.45,474.36,17.28,23.72,Sunny,230,11151.28,859.1,3263,80.76,9,9.58,50.88,0,67.57,High
PJT_461,Bridge,Los Angeles,2021-04-05,2024-06-12,21479634,31976102.74,10496468.74,891,1164,273,0.46,1.35,407.78,-0.7,75.69,Snowy,262,29809.87,311.45,4815,69.25,5,6.14,72.28,0,31.92,High
PJT_462,Road,Houston,2021-04-06,2023-10-04,11670216,15051140.1,3380924.1,843,911,68,0.16,4.11,131.56,-3.06,49.19,Rainy,262,32243.02,498.22,1577,42.43,2,3.76,95.39,0,44.81,Medium
PJT_463,Dam,Chicago,2021-04-07,2023-06-01,31807713,43978884.63,12171171.63,777,785,8,1.51,2.59,370.4,41.3,36.04,Rainy,67,36747.62,239.91,1422,79.37,4,4.41,65.26,0,97.59,Medium
PJT_464,Road,Houston,2021-04-08,2022-01-01,4641771,6169192.61,1527421.61,198,268,70,1.47,2.31,223.23,23.27,36.23,Rainy,70,35609.6,636.35,3763,90.52,2,7.43,59.8,0,87.6,High
PJT_465,Road,Seattle,2021-04-09,2022-03-07,40982531,51469752.96,10487221.96,280,332,52,0.36,1.57,231.03,26.27,83.1,Cloudy,68,18155.0,325.49,2229,83.22,7,4.3,96.3,1,11.4,High
PJT_466,Road,Chicago,2021-04-10,2023-07-03,33995939,31684514.25,-2311424.75,786,814,28,1.69,2.9,402.48,12.1,78.37,Sunny,53,19864.0,400.46,4176,89.8,4,3.05,55.27,0,98.18,Medium
PJT_467,Road,Seattle,2021-04-11,2023-02-21,5079441,5957466.09,878025.09,536,681,145,0.39,3.65,483.25,39.99,58.75,Snowy,126,35668.15,524.13,9945,52.03,9,1.92,52.59,0,43.17,Low
PJT_468,Building,Los Angeles,2021-04-12,2023-02-07,6356430,8294326.14,1937896.14,721,666,-55,0.67,2.05,107.0,25.09,63.13,Rainy,259,20725.14,124.09,1687,93.33,9,7.56,93.97,0,72.59,High
PJT_469,Bridge,New York,2021-04-13,2021-12-01,24552818,32078722.44,7525904.44,212,232,20,0.57,3.15,239.28,32.3,53.2,Sunny,165,14568.04,182.74,1722,59.33,5,2.63,85.05,0,74.14,Low
PJT_470,Tunnel,Chicago,2021-04-14,2022-08-09,3188370,3583324.78,394954.78,408,482,74,0.81,3.5,266.42,10.27,47.42,Sunny,206,21845.13,717.34,1746,40.8,1,1.63,71.1,0,92.05,Low
PJT_471,Road,Los Angeles,2021-04-15,2023-03-11,16861936,24702992.41,7841056.41,703,695,-8,0.58,3.56,219.34,42.8,84.08,Cloudy,74,17243.79,486.07,5337,90.6,7,4.84,87.62,0,89.66,Medium
PJT_472,Dam,Los Angeles,2021-04-16,2024-08-04,10937093,10941623.36,4530.36,809,1206,397,1.03,0.26,213.44,35.13,28.79,Snowy,233,8974.07,878.31,3712,96.51,8,1.36,87.07,0,35.36,Low
PJT_473,Road,Chicago,2021-04-17,2022-03-26,10955951,13149504.05,2193553.05,334,343,9,0.87,4.3,73.52,36.97,49.29,Snowy,126,42356.25,725.2,1707,79.33,2,9.68,52.0,0,67.92,High
PJT_474,Dam,Seattle,2021-04-18,2022-11-28,48044555,63156027.43,15111472.43,602,589,-13,1.97,2.29,358.49,-0.53,44.12,Rainy,240,43390.01,107.29,9626,53.89,5,6.65,83.81,0,45.43,High
PJT_475,Building,Los Angeles,2021-04-19,2022-06-27,15023346,19804998.85,4781652.85,425,434,9,0.21,1.31,246.3,4.9,54.87,Rainy,204,14888.76,655.04,1483,55.1,5,2.37,82.04,0,57.3,Low
PJT_476,Dam,Houston,2021-04-20,2023-06-24,48951268,63107160.84,14155892.84,584,795,211,0.37,1.21,137.66,5.71,52.03,Sunny,237,7914.75,184.35,2533,68.0,1,2.55,98.19,0,59.92,Medium
PJT_477,Tunnel,Los Angeles,2021-04-21,2023-08-01,29551568,31477530.22,1925962.22,720,832,112,0.2,2.42,417.22,4.9,56.32,Snowy,260,38247.23,802.84,1169,93.87,9,6.13,98.33,1,45.67,High
PJT_478,Bridge,Seattle,2021-04-22,2022-06-17,48423958,48120046.39,-303911.61,340,421,81,1.29,4.43,411.15,37.05,29.79,Snowy,98,14518.79,992.36,2020,48.98,7,4.21,68.89,0,51.75,Medium
PJT_479,Dam,Seattle,2021-04-23,2023-07-06,41540377,53236659.86,11696282.86,881,804,-77,0.2,1.89,268.88,-8.25,55.92,Rainy,114,22704.6,578.08,8093,89.56,4,7.97,79.49,1,28.75,High
PJT_480,Dam,Houston,2021-04-24,2022-01-22,10144220,12777469.51,2633249.51,296,273,-23,1.69,3.75,184.3,-5.81,36.97,Stormy,215,7886.09,714.5,7466,57.48,7,5.91,57.07,0,64.69,Medium
PJT_481,Bridge,Los Angeles,2021-04-25,2022-10-02,36630907,36909800.3,278893.3,450,525,75,1.07,0.48,337.14,5.07,32.9,Sunny,132,15182.13,313.58,1847,88.52,7,4.9,53.32,0,78.31,Medium
PJT_482,Tunnel,Seattle,2021-04-26,2024-08-19,34122266,45146606.7,11024340.7,871,1211,340,1.1,2.38,179.67,0.99,24.54,Snowy,229,40680.6,493.84,9887,95.22,2,9.67,71.64,0,48.68,High
PJT_483,Road,Chicago,2021-04-27,2023-12-06,3141912,3685787.01,543875.01,666,953,287,1.17,4.96,156.2,2.75,73.39,Cloudy,50,41197.84,870.49,4346,65.65,4,4.52,84.49,0,97.99,Medium
PJT_484,Dam,New York,2021-04-28,2022-03-28,4144311,5390324.44,1246013.44,351,334,-17,0.42,3.85,378.73,33.89,49.92,Cloudy,217,14318.82,250.68,5013,61.9,6,4.61,78.39,0,15.15,Medium
PJT_485,Bridge,New York,2021-04-29,2022-11-04,18062838,25331689.75,7268851.75,453,554,101,0.48,1.05,68.15,20.97,63.87,Stormy,130,20116.12,338.98,9078,88.13,4,6.99,71.48,0,63.02,High
PJT_486,Building,New York,2021-04-30,2023-01-24,19740105,19776368.7,36263.7,438,634,196,0.71,2.51,92.65,-9.68,70.93,Rainy,70,11040.73,500.89,1031,71.77,5,8.29,90.91,0,62.52,High
PJT_487,Bridge,Los Angeles,2021-05-01,2022-04-22,46969430,42812021.12,-4157408.88,314,356,42,1.23,1.17,53.05,13.61,67.55,Rainy,135,8337.77,741.02,9368,81.07,1,6.64,89.72,0,13.27,High
PJT_488,Building,Houston,2021-05-02,2024-08-19,19173652,26219231.92,7045579.92,862,1205,343,0.5,2.05,118.82,12.43,52.94,Rainy,64,49647.73,438.3,8877,77.37,7,7.29,86.6,0,30.21,High
PJT_489,Tunnel,Seattle,2021-05-03,2022-12-13,43610580,55203077.0,11592497.0,601,589,-12,0.32,3.9,81.05,-3.73,47.15,Cloudy,99,34501.73,934.96,7170,49.17,4,4.36,53.85,0,91.5,Medium
PJT_490,Road,Chicago,2021-05-04,2023-09-28,3195690,4217619.71,1021929.71,600,877,277,1.94,3.86,498.11,27.19,46.32,Rainy,280,29394.34,185.01,8830,90.69,5,5.32,89.82,0,59.01,Medium
PJT_491,Bridge,Chicago,2021-05-05,2022-09-10,44531276,62472614.71,17941338.71,365,493,128,0.14,1.14,179.96,28.62,64.8,Cloudy,97,39447.43,433.72,3315,51.75,0,2.77,95.97,1,49.27,Medium
PJT_492,Dam,Los Angeles,2021-05-06,2023-07-10,47953572,66256805.98,18303233.98,543,795,252,1.63,4.61,117.17,29.65,54.64,Stormy,280,42803.47,738.06,1065,95.94,9,7.12,52.97,0,47.39,High
PJT_493,Tunnel,New York,2021-05-07,2024-02-27,48406955,71475390.49,23068435.49,786,1026,240,1.6,2.96,158.45,30.07,79.44,Sunny,209,41302.16,303.39,2928,55.03,1,2.99,70.08,0,89.93,Medium
PJT_494,Bridge,Los Angeles,2021-05-08,2023-01-21,20759626,25359150.48,4599524.48,557,623,66,0.66,1.9,471.26,-10.0,81.23,Snowy,98,5744.28,690.77,6011,84.03,3,1.01,99.42,0,43.03,Low
PJT_495,Dam,Houston,2021-05-09,2024-03-01,19181571,22885482.1,3703911.1,702,1027,325,0.36,2.51,284.07,42.47,31.94,Stormy,245,13406.36,247.8,8533,57.08,8,9.4,79.96,0,87.33,High
PJT_496,Bridge,Houston,2021-05-10,2023-07-28,28841304,32911744.14,4070440.14,759,809,50,0.38,3.03,214.17,34.78,29.54,Cloudy,157,34470.74,150.38,7225,59.07,5,3.75,75.68,0,37.83,Medium
PJT_497,Building,Seattle,2021-05-11,2022-06-27,6056093,6008944.05,-47148.95,375,412,37,1.43,2.8,443.03,39.72,64.13,Stormy,94,21909.17,208.91,6447,58.6,7,2.77,58.87,0,57.84,Low
PJT_498,Bridge,Seattle,2021-05-12,2022-05-13,15358216,19098929.74,3740713.74,277,366,89,1.32,2.43,227.75,-9.14,41.09,Snowy,81,49211.72,936.99,1584,84.87,1,3.41,78.27,0,22.94,Medium
PJT_499,Bridge,Houston,2021-05-13,2024-04-13,29589907,31548981.2,1959074.2,784,1066,282,1.59,2.52,200.75,41.36,21.3,Sunny,181,34943.22,596.58,7470,73.41,9,3.97,71.95,0,84.25,Medium
PJT_500,Bridge,Houston,2021-05-14,2022-03-03,3464722,5033494.44,1568772.44,201,293,92,1.88,0.88,143.28,34.54,82.2,Snowy,294,48044.7,816.71,7685,92.98,4,5.27,56.37,0,76.24,Medium
PJT_501,Tunnel,Houston,2021-05-15,2023-02-17,41113874,51388826.55,10274952.55,629,643,14,1.41,4.06,220.01,36.05,35.88,Cloudy,242,14065.09,399.39,6244,58.44,0,1.62,73.22,0,57.71,Low
PJT_502,Bridge,Los Angeles,2021-05-16,2022-09-12,16136395,20262537.49,4126142.49,351,484,133,0.4,2.71,192.51,-4.87,85.05,Snowy,146,43878.07,633.39,9154,81.52,3,1.47,58.22,0,12.33,Low
PJT_503,Dam,Houston,2021-05-17,2023-06-11,6630761,7379737.26,748976.26,562,755,193,0.56,0.66,354.79,30.63,70.22,Stormy,248,19460.85,545.46,8951,85.18,9,3.64,86.53,1,53.31,High
PJT_504,Building,Chicago,2021-05-18,2022-03-08,48494032,45157332.78,-3336699.22,313,294,-19,1.7,3.83,180.31,42.8,73.39,Rainy,250,49530.42,951.16,2748,49.09,0,3.66,98.68,0,30.27,Medium
PJT_505,Building,New York,2021-05-19,2023-04-04,3901092,3585284.01,-315807.99,605,685,80,0.5,4.66,309.74,27.32,34.1,Stormy,242,12095.99,772.82,8670,64.04,8,2.06,73.48,0,47.2,Low
PJT_506,Bridge,Houston,2021-05-20,2021-12-24,16783215,19367848.34,2584633.34,204,218,14,0.24,4.74,79.65,21.38,36.39,Cloudy,129,28235.29,757.49,3204,68.97,1,4.64,81.62,0,87.08,Medium
PJT_507,Tunnel,New York,2021-05-21,2023-05-29,44465574,42275165.45,-2190408.55,682,738,56,1.44,1.85,136.08,42.01,56.49,Sunny,195,40678.0,141.72,2892,61.34,6,3.56,71.55,0,79.26,Medium
PJT_508,Tunnel,Los Angeles,2021-05-22,2022-11-15,2722907,3442048.99,719141.99,364,542,178,0.86,0.68,233.33,14.36,32.05,Snowy,103,24468.91,594.7,8018,59.33,2,1.23,56.92,1,31.78,Medium
PJT_509,Dam,New York,2021-05-23,2022-04-27,28681791,40974342.07,12292551.07,264,339,75,1.85,2.59,471.63,22.96,41.38,Sunny,176,26063.78,520.29,4093,81.19,1,8.97,98.53,0,98.65,High
PJT_510,Bridge,Los Angeles,2021-05-24,2024-02-11,47618152,68081999.96,20463847.96,746,993,247,1.34,0.56,219.76,16.2,42.5,Cloudy,224,49386.01,935.06,1973,52.95,3,8.97,56.48,0,91.29,High
PJT_511,Building,Chicago,2021-05-25,2022-09-17,31999906,41453550.1,9453644.1,323,480,157,0.27,4.67,348.83,41.31,31.17,Snowy,183,24138.87,331.61,5024,82.56,6,2.88,55.58,0,57.58,Medium
PJT_512,Tunnel,Los Angeles,2021-05-26,2024-01-17,20647790,21199893.3,552103.3,858,966,108,1.9,0.92,164.79,-5.82,34.36,Stormy,115,32183.24,342.85,7615,96.1,6,2.47,72.96,0,57.71,Low
PJT_513,Bridge,Los Angeles,2021-05-27,2023-08-21,7882799,11176217.44,3293418.44,591,816,225,0.59,1.26,107.17,17.56,75.2,Stormy,186,7454.28,470.21,5329,73.91,8,5.93,82.94,1,91.11,High
PJT_514,Tunnel,Seattle,2021-05-28,2022-09-08,25729233,36835412.37,11106179.37,403,468,65,0.74,2.03,76.34,27.78,31.7,Cloudy,245,42899.45,319.03,7715,76.69,2,6.68,67.75,0,67.25,High
PJT_515,Tunnel,Houston,2021-05-29,2022-12-17,41476415,42222664.92,746249.92,399,567,168,0.86,1.92,187.44,33.55,21.99,Snowy,158,34167.56,216.27,2477,44.14,6,9.62,59.63,0,58.3,High
PJT_516,Building,Houston,2021-05-30,2022-05-26,41081357,55149899.87,14068542.87,358,361,3,0.2,3.97,120.95,22.07,64.05,Stormy,72,23180.9,871.67,6689,91.87,5,4.4,90.95,0,77.42,Medium
PJT_517,Road,Chicago,2021-05-31,2024-09-02,23143202,24807469.68,1664267.68,810,1190,380,1.04,2.28,128.3,39.99,88.32,Cloudy,295,5727.63,602.45,9962,57.13,9,6.56,68.16,0,31.16,High
PJT_518,Dam,Chicago,2021-06-01,2023-02-22,45831979,63320737.46,17488758.46,612,631,19,0.33,0.85,392.34,41.81,43.18,Cloudy,156,31625.1,875.23,8329,76.9,6,8.9,59.72,0,89.05,High
PJT_519,Dam,Houston,2021-06-02,2022-10-02,13374888,20040166.33,6665278.33,444,487,43,0.86,1.34,57.13,-6.46,28.31,Sunny,286,5569.6,848.02,7444,98.75,6,5.05,68.25,0,57.83,Medium
PJT_520,Building,Seattle,2021-06-03,2023-09-04,24536507,22524896.27,-2011610.73,608,823,215,0.77,2.55,301.01,12.13,59.93,Stormy,220,5054.16,353.84,9497,75.73,9,2.1,60.73,0,64.31,Low
PJT_521,Tunnel,Houston,2021-06-04,2024-01-16,9343528,13439913.06,4096385.06,841,956,115,1.57,0.74,220.76,-8.71,83.44,Snowy,100,32724.44,592.96,1001,83.48,4,4.4,75.97,0,18.09,Medium
PJT_522,Bridge,Seattle,2021-06-05,2023-06-28,45042449,57365086.53,12322637.53,595,753,158,1.63,3.06,277.95,8.12,74.88,Stormy,121,13505.77,174.9,9462,66.72,8,2.23,83.41,0,37.86,Low
PJT_523,Tunnel,Chicago,2021-06-06,2023-06-13,23309604,34592141.64,11282537.64,632,737,105,0.39,2.83,303.27,19.53,63.58,Stormy,152,13634.94,923.73,7843,43.62,6,1.15,89.98,0,48.41,Low
PJT_524,Building,New York,2021-06-07,2022-10-26,42574796,50195927.61,7621131.61,376,506,130,0.8,3.57,191.02,40.09,42.05,Stormy,202,34397.22,463.84,6972,87.86,6,7.76,61.38,1,47.25,High
PJT_525,Dam,Chicago,2021-06-08,2023-07-08,42006179,59162878.56,17156699.56,733,760,27,0.81,4.69,182.8,36.56,57.93,Cloudy,129,7416.37,454.31,8903,42.1,2,3.15,58.35,0,80.05,Medium
PJT_526,Tunnel,Chicago,2021-06-09,2022-01-12,29338206,27502703.42,-1835502.58,232,217,-15,0.39,4.56,380.03,-2.99,26.39,Rainy,212,19103.25,372.48,6105,82.04,0,1.02,50.98,0,35.41,Low
PJT_527,Dam,Los Angeles,2021-06-10,2023-05-23,4881857,5375741.93,493884.93,659,712,53,1.62,4.73,442.07,-4.88,67.53,Rainy,194,11724.44,514.6,8702,41.38,4,8.85,61.4,0,26.39,High
PJT_528,Bridge,Los Angeles,2021-06-11,2023-06-18,39092303,36754971.18,-2337331.82,622,737,115,1.44,1.22,136.66,22.41,70.76,Sunny,67,31107.94,326.58,3914,91.74,7,4.99,51.2,1,62.44,High
PJT_529,Dam,Los Angeles,2021-06-12,2022-11-03,5739400,8524190.63,2784790.63,509,509,0,0.46,0.66,93.93,19.27,87.55,Stormy,204,34779.43,437.37,6156,49.46,4,3.15,67.27,0,65.35,Medium
PJT_530,Dam,Los Angeles,2021-06-13,2022-10-05,45616869,63415857.12,17798988.12,430,479,49,0.8,1.51,454.01,4.65,38.23,Rainy,192,37451.11,819.95,9298,70.86,9,3.37,57.28,0,20.94,Medium
PJT_531,Road,Seattle,2021-06-14,2022-05-24,16168970,22822961.21,6653991.21,302,344,42,0.3,4.48,207.45,39.47,21.29,Sunny,130,16485.4,850.83,4168,75.83,2,3.16,78.99,0,10.22,Medium
PJT_532,Road,Houston,2021-06-15,2022-11-26,23148023,33860445.15,10712422.15,566,529,-37,1.29,4.86,298.09,41.01,58.19,Cloudy,156,9016.24,373.76,3599,67.45,8,2.75,69.19,0,92.59,Medium
PJT_533,Road,New York,2021-06-16,2023-03-25,31443477,29904699.01,-1538777.99,518,647,129,0.33,4.3,211.79,12.14,69.48,Stormy,118,8540.76,522.11,6716,60.45,1,8.57,54.68,1,17.17,High
PJT_534,Dam,Chicago,2021-06-17,2023-07-11,26504364,29985938.97,3481574.97,527,754,227,1.97,0.55,106.61,38.97,75.33,Snowy,129,24176.82,886.44,3235,68.07,2,2.53,69.99,0,90.81,Medium
PJT_535,Building,Seattle,2021-06-18,2022-01-10,18278806,17229985.17,-1048820.83,208,206,-2,1.58,4.74,315.2,11.12,33.56,Cloudy,192,47563.0,147.41,3799,58.68,3,6.06,60.47,0,45.93,High
PJT_536,Dam,New York,2021-06-19,2022-03-15,21137708,21697347.02,559639.02,214,269,55,0.84,2.12,286.31,30.52,38.32,Sunny,91,14797.81,900.23,8013,66.29,9,1.7,84.01,0,68.78,Low
PJT_537,Building,Seattle,2021-06-20,2023-12-12,18649544,19351129.89,701585.89,697,905,208,1.2,0.05,141.35,16.18,55.88,Cloudy,287,16553.37,297.27,6473,61.53,0,9.55,68.22,0,26.71,High
PJT_538,Building,Seattle,2021-06-21,2023-04-14,39363911,46507056.6,7143145.6,575,662,87,1.83,2.21,253.34,-3.26,43.14,Snowy,83,9540.0,710.69,1018,73.97,3,6.43,57.35,1,84.15,High
PJT_539,Road,Chicago,2021-06-22,2024-05-16,48308038,51261461.03,2953423.03,802,1059,257,1.15,0.23,408.63,41.04,80.24,Cloudy,97,32250.66,624.3,1858,54.28,3,9.13,67.48,0,26.22,High
PJT_540,Tunnel,Houston,2021-06-23,2022-12-17,4110691,3948675.78,-162015.22,473,542,69,0.43,2.72,315.69,14.98,53.16,Sunny,260,35594.28,597.65,6380,99.32,8,4.58,61.22,0,44.79,Medium
PJT_541,Bridge,Los Angeles,2021-06-24,2024-01-04,19135313,19144778.35,9465.35,768,924,156,0.82,1.69,93.61,30.4,75.97,Snowy,185,33931.9,873.42,4032,70.05,7,8.3,89.79,0,31.42,High
PJT_542,Road,Houston,2021-06-25,2022-10-16,12688962,12541330.22,-147631.78,528,478,-50,1.7,2.37,296.61,10.19,60.64,Snowy,288,43750.86,191.41,5505,51.65,1,8.68,99.17,1,85.38,High
PJT_543,Road,Chicago,2021-06-26,2022-08-29,14431835,21414621.77,6982786.77,326,429,103,1.32,3.07,366.23,-8.96,74.12,Cloudy,187,26889.16,412.33,6789,68.62,6,7.33,51.27,1,87.25,High
PJT_544,Tunnel,Chicago,2021-06-27,2022-05-12,26090373,35367470.53,9277097.53,246,319,73,1.34,4.34,406.72,-4.47,43.29,Snowy,54,11050.57,584.43,3531,91.98,5,1.84,84.5,0,43.48,Low
PJT_545,Bridge,Chicago,2021-06-28,2023-04-04,19071531,28238393.57,9166862.57,699,645,-54,1.75,3.31,333.1,17.29,78.2,Cloudy,165,18023.23,830.16,8471,41.31,6,1.14,63.2,1,37.66,Medium
PJT_546,Dam,New York,2021-06-29,2022-06-01,23864811,27774924.06,3910113.06,301,337,36,1.8,2.17,118.7,27.95,39.22,Stormy,225,34809.35,294.8,5719,80.77,3,2.52,53.32,1,79.62,Medium
PJT_547,Dam,Houston,2021-06-30,2023-08-11,20352724,21716785.73,1364061.73,519,772,253,1.85,4.1,369.58,8.41,58.23,Snowy,166,32590.49,822.64,5863,72.88,4,2.06,50.72,0,89.07,Low
PJT_548,Road,Houston,2021-07-01,2022-08-13,45319259,62494166.8,17174907.8,354,408,54,0.28,4.53,354.8,28.25,34.98,Cloudy,203,28895.14,459.67,5038,50.17,5,7.53,94.05,1,66.16,High
PJT_549,Bridge,Seattle,2021-07-02,2024-05-12,44301351,48543309.5,4241958.5,870,1045,175,1.13,0.6,60.99,28.42,53.29,Stormy,263,35733.4,270.02,3452,89.05,8,6.01,67.68,0,93.47,High
PJT_550,Road,Seattle,2021-07-03,2024-07-29,5510784,5949607.86,438823.86,776,1122,346,1.51,2.66,235.29,28.72,42.27,Snowy,157,33682.59,783.09,3846,62.13,1,5.73,99.73,0,44.47,High
PJT_551,Building,Seattle,2021-07-04,2023-10-20,31993940,33257815.66,1263875.66,630,838,208,1.54,1.42,199.83,17.09,38.67,Stormy,72,44659.62,181.81,9064,57.63,8,3.28,72.12,0,23.67,Medium
PJT_552,Road,Chicago,2021-07-05,2024-01-10,27455291,26845986.35,-609304.65,736,919,183,1.25,0.24,351.24,40.32,87.69,Snowy,111,31370.74,563.29,7622,89.69,9,2.39,59.38,0,26.17,Low
PJT_553,Road,Houston,2021-07-06,2022-09-13,37124898,39125107.19,2000209.19,315,434,119,0.42,3.34,147.26,16.91,31.21,Sunny,62,40037.06,157.49,9896,78.31,0,2.86,88.86,0,70.28,Medium
PJT_554,Dam,Chicago,2021-07-07,2022-04-10,46598220,51872758.69,5274538.69,195,277,82,1.62,4.31,315.89,14.76,75.11,Sunny,186,16191.82,420.78,4462,93.9,3,4.6,96.32,1,46.68,High
PJT_555,Dam,New York,2021-07-08,2023-03-01,49176440,64145577.44,14969137.44,512,601,89,1.47,0.81,460.94,0.97,88.89,Cloudy,290,35518.22,640.97,2159,77.79,4,7.66,90.78,1,24.07,High
PJT_556,Dam,Seattle,2021-07-09,2022-09-25,47426160,44463870.13,-2962289.87,374,443,69,0.26,4.06,409.01,6.92,21.39,Rainy,69,45598.74,600.5,5626,84.45,8,3.29,87.26,0,36.3,Medium
PJT_557,Building,Chicago,2021-07-10,2023-08-13,10179253,10447009.74,267756.74,675,764,89,0.98,4.27,464.66,-7.67,68.93,Sunny,141,22357.95,464.19,8056,90.19,5,7.29,66.73,0,57.75,High
PJT_558,Dam,Chicago,2021-07-11,2022-04-15,4287093,5939399.45,1652306.45,188,278,90,0.43,4.57,490.33,24.84,37.7,Rainy,157,40059.69,486.14,4722,43.28,3,5.42,53.22,0,20.93,Medium
PJT_559,Bridge,New York,2021-07-12,2023-05-19,2017481,1993580.21,-23900.79,513,676,163,0.74,1.33,54.8,3.67,22.83,Stormy,234,37615.52,304.09,4560,86.56,1,8.97,60.06,0,10.31,High
PJT_560,Tunnel,Los Angeles,2021-07-13,2022-11-11,9451115,10449030.71,997915.71,512,486,-26,0.13,4.52,330.23,6.73,48.2,Stormy,278,7678.68,510.29,7117,76.82,4,3.1,72.34,0,92.56,Medium
PJT_561,Bridge,Houston,2021-07-14,2023-07-01,27271534,38692725.71,11421191.71,506,717,211,0.86,1.6,235.78,32.39,85.47,Rainy,201,31167.87,957.93,7589,44.17,7,5.06,97.81,0,37.44,Medium
PJT_562,Bridge,Los Angeles,2021-07-15,2022-03-03,32590452,32360858.35,-229593.65,194,231,37,1.14,2.76,436.93,8.0,20.82,Cloudy,157,10858.52,865.41,7849,70.51,7,1.87,86.14,0,29.93,Low
PJT_563,Dam,Seattle,2021-07-16,2023-08-01,3338377,3170263.35,-168113.65,793,746,-47,1.28,0.25,163.32,3.32,61.15,Snowy,82,48529.36,230.71,3243,44.95,5,4.02,91.41,0,72.86,Medium
PJT_564,Tunnel,Chicago,2021-07-17,2022-11-27,33271884,39617590.78,6345706.78,405,498,93,1.36,0.22,491.46,-0.7,55.1,Rainy,197,41513.34,126.8,9177,84.16,0,5.56,63.86,0,86.81,Medium
PJT_565,Tunnel,New York,2021-07-18,2023-06-13,18583780,20097460.6,1513680.6,604,695,91,1.69,3.6,326.17,32.62,81.14,Rainy,237,9937.57,940.17,2760,72.79,7,7.59,84.19,0,66.91,High
PJT_566,Tunnel,New York,2021-07-19,2023-11-03,21696165,26860829.0,5164664.0,587,837,250,0.51,2.22,407.09,-2.87,25.88,Rainy,225,10478.84,574.07,6442,97.21,3,2.78,93.12,1,32.9,Medium
PJT_567,Building,Houston,2021-07-20,2022-05-15,40601943,56123372.91,15521429.91,292,299,7,0.33,1.28,88.52,14.96,67.71,Rainy,113,31751.32,584.05,8679,50.99,1,2.96,73.97,0,87.55,Medium
PJT_568,Dam,Los Angeles,2021-07-21,2023-11-15,44552513,43763447.58,-789065.42,607,847,240,1.72,0.95,132.56,17.88,67.61,Rainy,79,20520.01,802.65,3675,76.36,0,6.68,71.49,0,55.94,High
PJT_569,Tunnel,Houston,2021-07-22,2022-03-01,16902677,21101630.74,4198953.74,180,222,42,0.4,3.35,391.28,27.81,66.84,Cloudy,157,6570.76,383.22,8124,52.69,6,4.44,85.97,0,44.31,Medium
PJT_570,Building,Chicago,2021-07-23,2022-09-11,27877776,33545474.39,5667698.39,445,415,-30,1.95,0.0,59.89,24.83,85.96,Sunny,122,29373.87,533.72,6781,76.84,1,5.34,78.0,0,64.43,Medium
PJT_571,Road,Houston,2021-07-24,2024-04-13,49730509,49056524.92,-673984.08,670,994,324,1.7,4.03,417.6,34.59,77.62,Snowy,158,22453.03,971.8,4236,83.36,3,8.53,99.66,0,73.06,High
PJT_572,Road,New York,2021-07-25,2022-11-04,32751305,41738233.33,8986928.33,387,467,80,1.05,0.4,56.28,-7.54,22.94,Sunny,290,9548.44,704.93,6898,83.34,3,5.49,71.26,0,63.44,Medium
PJT_573,Building,New York,2021-07-26,2023-12-04,1737954,1849503.28,111549.28,801,861,60,1.96,0.96,345.7,6.3,52.98,Rainy,194,41086.42,238.37,9235,88.9,9,6.87,58.8,0,92.82,High
PJT_574,Building,Seattle,2021-07-27,2024-06-14,37462488,44681531.58,7219043.58,891,1053,162,0.29,1.93,214.29,5.41,47.86,Sunny,149,46178.45,219.9,9680,91.21,0,6.91,73.6,0,66.52,High
PJT_575,Dam,Seattle,2021-07-28,2023-09-11,8840130,8392495.83,-447634.17,548,775,227,0.68,2.42,325.17,-1.97,41.71,Cloudy,63,39046.73,283.84,5276,44.64,1,8.23,61.76,0,89.07,High
PJT_576,Dam,Chicago,2021-07-29,2023-01-05,10095781,11870118.9,1774337.9,485,525,40,1.31,1.77,363.21,5.9,51.59,Stormy,68,42009.0,790.04,5723,60.6,0,6.74,78.06,0,62.83,High
PJT_577,Road,Los Angeles,2021-07-30,2022-02-09,6934261,7515893.5,581632.5,191,194,3,0.77,1.6,204.11,7.04,46.89,Sunny,120,14742.08,365.84,6644,81.23,5,1.58,56.29,0,39.67,Low
PJT_578,Tunnel,Houston,2021-07-31,2022-12-25,5510579,7678599.08,2168020.08,524,512,-12,1.86,4.82,98.58,18.7,50.26,Snowy,108,16860.78,119.25,2115,69.92,2,4.08,97.5,0,57.91,Medium
PJT_579,Road,Chicago,2021-08-01,2023-06-27,43622487,40751570.57,-2870916.43,644,695,51,0.22,3.21,81.34,26.5,88.55,Cloudy,244,14383.74,949.76,2781,51.44,0,9.9,92.99,0,17.77,High
PJT_580,Tunnel,Seattle,2021-08-02,2024-11-16,27227228,31343014.63,4115786.63,879,1202,323,1.14,0.12,315.02,10.96,26.2,Stormy,146,39427.85,252.74,9842,73.16,7,2.77,57.78,0,30.72,Medium
PJT_581,Tunnel,Houston,2021-08-03,2024-04-29,48116458,56539670.02,8423212.02,845,1000,155,1.22,2.15,284.29,29.57,84.56,Cloudy,93,47656.27,108.6,2876,64.45,3,6.28,58.62,1,78.96,High
PJT_582,Dam,Seattle,2021-08-04,2023-07-03,12368856,16512467.85,4143611.85,673,698,25,1.34,4.38,383.99,8.49,53.62,Rainy,209,37257.67,313.42,6363,63.4,9,8.59,75.62,0,69.53,High
PJT_583,Bridge,Houston,2021-08-05,2023-02-03,45557027,56699025.04,11141998.04,547,547,0,0.59,1.51,279.38,5.97,63.66,Stormy,160,44666.0,311.53,9532,88.59,6,6.28,88.64,0,24.99,High
PJT_584,Bridge,Los Angeles,2021-08-06,2023-05-27,45696953,59421000.19,13724047.19,599,659,60,0.79,0.47,240.1,19.77,78.11,Snowy,60,33741.46,479.8,4375,64.46,9,4.35,60.95,1,49.42,High
PJT_585,Building,Chicago,2021-08-07,2023-01-01,15634171,21359866.74,5725695.74,350,512,162,1.7,3.79,229.14,-8.7,45.23,Stormy,155,22444.7,928.35,3750,41.59,1,1.72,53.05,0,22.78,Low
PJT_586,Dam,Houston,2021-08-08,2022-07-20,31161753,44166231.36,13004478.36,313,346,33,0.47,3.03,61.9,-5.61,50.13,Snowy,51,24159.27,891.27,4276,43.48,5,4.25,77.28,0,87.02,Medium
PJT_587,Tunnel,New York,2021-08-09,2024-01-31,25340709,27578934.67,2238225.67,606,905,299,1.67,2.85,201.0,12.99,48.67,Rainy,267,8389.46,511.21,1448,91.37,5,2.64,84.58,0,19.83,Medium
PJT_588,Bridge,New York,2021-08-10,2022-04-10,8704694,10644218.41,1939524.41,204,243,39,1.17,0.27,489.21,41.86,46.23,Snowy,174,6415.57,469.81,6537,97.64,6,9.65,62.22,0,68.88,High
PJT_589,Tunnel,Houston,2021-08-11,2023-07-26,36933339,51856802.97,14923463.97,709,714,5,1.55,0.7,443.1,29.68,84.79,Cloudy,245,36296.4,599.51,5172,81.3,0,7.44,86.99,0,64.63,High
PJT_590,Bridge,Houston,2021-08-12,2023-01-23,7990607,11935335.38,3944728.38,369,529,160,1.46,3.11,198.22,-5.15,78.03,Sunny,194,24729.3,319.11,9989,61.86,0,7.74,97.53,0,52.55,High
PJT_591,Bridge,Houston,2021-08-13,2022-08-24,32338158,46363591.81,14025433.81,320,376,56,0.49,1.04,314.51,36.55,27.63,Cloudy,258,29849.68,146.97,4496,96.32,1,4.92,56.85,1,35.04,High
PJT_592,Bridge,New York,2021-08-14,2024-04-13,5532688,6212546.68,679858.68,734,973,239,1.18,2.52,431.28,30.28,27.57,Cloudy,269,30094.76,945.3,3182,79.77,1,1.99,75.55,0,46.36,Low
PJT_593,Dam,New York,2021-08-15,2025-01-13,25356967,25790568.86,433601.86,837,1247,410,1.75,2.72,248.57,23.6,49.95,Stormy,143,17481.91,268.03,4326,90.66,4,3.4,52.84,0,82.58,Medium
PJT_594,Road,Houston,2021-08-16,2022-11-18,28995739,34610344.07,5614605.07,494,459,-35,0.92,1.42,58.08,35.12,26.91,Rainy,217,26415.16,278.56,9837,85.95,0,3.34,60.33,0,78.54,Medium
PJT_595,Tunnel,Seattle,2021-08-17,2023-04-06,32197881,43305662.83,11107781.83,623,597,-26,1.94,4.74,83.53,12.23,63.34,Sunny,264,26184.21,525.21,1719,62.75,1,5.38,54.49,0,76.49,Medium
PJT_596,Dam,Seattle,2021-08-18,2023-06-12,3363162,4020799.55,657637.55,498,663,165,0.96,4.21,279.68,2.18,30.06,Snowy,223,22479.22,542.45,2522,68.72,5,5.15,70.2,0,77.48,Medium
PJT_597,Dam,Los Angeles,2021-08-19,2023-06-13,6680820,7949564.63,1268744.63,620,663,43,0.37,3.61,486.25,18.16,56.57,Stormy,265,41930.39,116.59,7756,51.17,2,4.9,91.04,1,22.95,High
PJT_598,Dam,Chicago,2021-08-20,2022-05-21,20470010,28718160.06,8248150.06,271,274,3,0.84,0.39,361.94,20.19,20.51,Rainy,142,25302.38,233.16,7627,57.52,3,5.46,78.86,1,18.92,High
PJT_599,Dam,Seattle,2021-08-21,2022-07-18,33557230,37478132.84,3920902.84,358,331,-27,1.91,0.53,81.91,19.61,42.16,Sunny,53,32164.0,440.34,2069,86.69,0,9.88,61.13,0,87.53,High
PJT_600,Dam,New York,2021-08-22,2022-03-25,45154589,63933335.2,18778746.2,235,215,-20,0.71,2.46,135.21,21.08,67.4,Cloudy,215,45298.41,715.36,6562,93.64,4,3.69,52.01,0,85.35,Medium
PJT_601,Building,Seattle,2021-08-23,2022-11-22,36900136,42216813.89,5316677.89,334,456,122,1.75,0.8,397.1,42.18,53.88,Rainy,112,43980.51,305.58,8749,83.47,3,6.54,77.67,1,71.32,High
PJT_602,Tunnel,Los Angeles,2021-08-24,2023-12-07,47524065,52131041.37,4606976.37,851,835,-16,1.77,4.89,428.65,39.62,88.48,Rainy,78,45069.0,480.71,5887,67.91,7,3.16,56.64,0,64.53,Medium
PJT_603,Dam,Los Angeles,2021-08-25,2022-08-02,43366372,50842472.02,7476100.02,290,342,52,0.77,0.79,327.96,38.16,81.19,Rainy,68,17150.22,601.61,5674,45.19,2,5.2,67.14,0,43.02,Medium
PJT_604,Tunnel,Chicago,2021-08-26,2022-09-29,9277983,12594566.65,3316583.65,316,399,83,0.26,2.44,339.99,34.08,45.13,Cloudy,140,6574.21,899.73,3156,43.42,9,2.8,75.51,0,30.17,Medium
PJT_605,Building,Seattle,2021-08-27,2022-12-16,18069791,17628910.09,-440880.91,411,476,65,1.48,1.82,62.75,41.89,23.18,Snowy,78,16748.01,393.46,8944,62.46,0,6.02,95.19,0,70.09,High
PJT_606,Building,New York,2021-08-28,2023-04-13,33284704,33878886.88,594182.88,647,593,-54,0.69,3.2,422.84,-4.58,79.19,Stormy,297,17541.83,220.2,5139,67.83,9,3.39,54.09,0,92.17,Medium
PJT_607,Tunnel,New York,2021-08-29,2024-02-19,20978294,30856278.17,9877984.17,660,904,244,1.59,0.65,404.72,4.58,83.79,Snowy,277,45921.21,540.35,6629,76.55,4,1.33,83.43,0,49.33,Low
PJT_608,Bridge,Houston,2021-08-30,2022-04-11,11031033,11089442.06,58409.06,247,224,-23,0.94,2.15,166.57,17.23,77.44,Sunny,212,34215.92,772.05,8087,40.39,0,8.34,50.7,1,37.29,High
PJT_609,Road,New York,2021-08-31,2023-04-04,20384838,25290171.84,4905333.84,428,581,153,1.02,1.37,368.9,36.56,28.96,Stormy,165,8676.68,198.87,6078,99.38,4,2.15,81.5,0,34.37,Low
PJT_610,Bridge,Chicago,2021-09-01,2023-08-23,19664179,24532807.12,4868628.12,502,721,219,1.58,4.44,146.68,17.78,89.85,Sunny,119,11092.04,482.22,7405,61.84,8,4.31,77.58,0,12.13,Medium
PJT_611,Bridge,Chicago,2021-09-02,2023-11-19,6304120,7525698.82,1221578.82,697,808,111,0.83,0.2,68.15,31.14,38.1,Cloudy,172,12005.43,116.01,7871,90.89,4,5.29,90.59,0,56.83,Medium
PJT_612,Bridge,New York,2021-09-03,2023-09-19,36002379,46329558.78,10327179.78,611,746,135,0.94,4.57,140.51,-2.36,70.69,Snowy,72,33368.98,130.2,1632,72.1,1,4.89,76.58,0,98.94,Medium
PJT_613,Dam,New York,2021-09-04,2023-11-03,6813775,7071990.06,258215.06,666,790,124,0.81,4.16,130.38,3.88,83.56,Rainy,280,38093.63,534.66,3199,47.83,1,7.53,67.63,0,83.37,High
PJT_614,Building,Houston,2021-09-05,2024-02-12,25019663,30814150.92,5794487.92,785,890,105,0.8,1.49,201.99,30.25,36.5,Stormy,95,43683.98,368.38,6353,87.85,9,6.37,62.14,0,90.77,High
PJT_615,Bridge,New York,2021-09-06,2024-01-25,13565034,15237656.32,1672622.32,608,871,263,1.1,3.95,238.3,-0.94,83.58,Rainy,221,47328.64,860.6,3910,82.59,8,3.66,54.26,0,65.9,Medium
PJT_616,Building,Houston,2021-09-07,2023-06-12,30022580,38939296.94,8916716.94,448,643,195,1.64,0.16,278.84,9.32,41.66,Sunny,225,14076.71,641.94,1622,71.65,4,1.47,76.73,1,53.33,Medium
PJT_617,Tunnel,Houston,2021-09-08,2024-05-13,26055715,25657951.74,-397763.26,888,978,90,0.79,4.83,264.54,4.57,88.35,Rainy,229,18939.76,508.54,7073,70.87,7,7.91,94.42,1,99.14,High
PJT_618,Road,New York,2021-09-09,2024-03-06,7472652,9284967.76,1812315.76,716,909,193,1.1,2.63,171.8,9.24,39.69,Rainy,57,15814.53,467.14,1360,45.25,9,4.17,75.74,1,50.24,High
PJT_619,Tunnel,Los Angeles,2021-09-10,2022-12-30,24383686,24655861.9,272175.9,327,476,149,1.37,1.52,63.13,28.96,86.74,Cloudy,232,21144.27,547.52,7365,79.35,3,9.01,86.96,0,92.51,High
PJT_620,Tunnel,Los Angeles,2021-09-11,2022-11-24,19275555,20570599.31,1295044.31,297,439,142,0.61,1.81,322.3,10.23,23.75,Cloudy,115,46159.93,136.39,9401,94.67,1,4.56,64.92,0,78.57,Medium
PJT_621,Dam,Houston,2021-09-12,2023-07-02,15219886,15695140.34,475254.34,546,658,112,0.63,0.33,228.09,20.54,69.65,Snowy,254,30880.07,903.51,4943,45.59,3,7.46,72.41,0,39.79,High
PJT_622,Road,New York,2021-09-13,2022-06-27,16913266,17077369.8,164103.8,245,287,42,1.87,4.95,184.4,-4.5,57.25,Sunny,217,38218.64,998.47,5869,55.81,3,9.46,66.23,0,55.28,High
PJT_623,Tunnel,Los Angeles,2021-09-14,2023-04-23,35230728,49161893.96,13931165.96,549,586,37,1.47,0.2,440.12,34.28,53.45,Cloudy,298,27055.37,263.34,9128,94.14,8,6.86,55.46,1,44.59,High
PJT_624,Tunnel,New York,2021-09-15,2023-02-19,1379039,1477536.23,98497.23,354,522,168,1.2,3.27,386.03,10.34,35.64,Cloudy,262,6298.61,208.34,1877,57.06,9,4.72,70.85,0,22.26,Medium
PJT_625,Road,New York,2021-09-16,2023-10-12,35083146,51090682.8,16007536.8,767,756,-11,1.33,2.21,435.99,25.67,69.39,Snowy,208,7888.8,229.22,5795,79.24,5,6.11,88.21,0,42.11,High
PJT_626,Road,New York,2021-09-17,2024-01-06,8035655,11908486.46,3872831.46,674,841,167,0.16,4.74,272.74,29.9,33.36,Stormy,293,29206.54,694.92,8791,72.09,9,5.89,69.75,0,90.01,High
PJT_627,Tunnel,Seattle,2021-09-18,2022-07-28,9368352,11642578.3,2274226.3,293,313,20,1.27,1.23,108.92,1.53,58.7,Snowy,225,37345.51,695.3,3523,75.78,5,6.26,82.51,1,77.74,High
PJT_628,Road,New York,2021-09-19,2022-07-26,43495479,42877872.5,-617606.5,290,310,20,1.07,2.66,363.3,38.66,37.73,Rainy,149,14689.87,863.13,7270,64.95,4,2.32,87.93,0,34.98,Low
PJT_629,Tunnel,Seattle,2021-09-20,2023-08-27,21919751,24653778.44,2734027.44,618,706,88,1.14,2.41,142.73,23.89,86.89,Rainy,110,37485.93,776.64,9583,58.0,5,7.29,66.14,0,43.11,High
PJT_630,Tunnel,Houston,2021-09-21,2025-05-23,18050668,24885361.34,6834693.34,894,1340,446,0.78,3.51,248.55,13.58,22.0,Cloudy,161,41479.96,504.72,7623,42.91,0,2.31,89.88,1,65.48,Medium
PJT_631,Dam,Los Angeles,2021-09-22,2022-07-23,32698133,36636114.25,3937981.25,326,304,-22,0.25,0.34,79.25,0.03,33.98,Cloudy,101,23535.39,651.57,6088,84.66,4,1.13,66.95,0,47.45,Low
PJT_632,Bridge,Los Angeles,2021-09-23,2022-06-17,26944707,25657028.37,-1287678.63,214,267,53,0.47,0.97,421.39,41.83,36.96,Snowy,215,38588.87,719.46,8564,84.77,5,6.62,62.81,0,55.27,High
PJT_633,Tunnel,Los Angeles,2021-09-24,2022-12-31,38925479,48036802.71,9111323.71,488,463,-25,1.91,1.07,106.67,31.53,48.98,Snowy,268,23181.35,561.46,8066,80.24,7,2.05,61.12,0,72.84,Low
PJT_634,Building,Los Angeles,2021-09-25,2023-09-07,14721794,20714631.65,5992837.65,717,712,-5,0.88,3.69,456.39,1.44,36.29,Sunny,85,35525.78,528.09,7545,78.62,3,7.93,60.0,0,52.05,High
PJT_635,Bridge,Los Angeles,2021-09-26,2022-05-09,31109596,42855205.41,11745609.41,193,225,32,0.99,0.95,438.9,8.57,54.39,Rainy,161,39379.87,680.59,3321,54.62,4,8.79,86.86,0,27.19,High
PJT_636,Bridge,Los Angeles,2021-09-27,2023-07-26,41739304,41951084.39,211780.39,553,667,114,0.2,2.87,259.06,34.53,81.07,Snowy,136,49636.7,601.73,9149,41.34,3,9.5,94.38,0,56.85,High
PJT_637,Bridge,Los Angeles,2021-09-28,2023-11-14,41981729,54729849.13,12748120.13,736,777,41,0.17,1.08,384.97,28.26,69.84,Stormy,232,20542.85,679.55,9125,88.52,6,6.98,61.53,1,42.05,High
PJT_638,Dam,Houston,2021-09-29,2023-07-23,20975372,21652930.17,677558.17,607,662,55,1.46,4.31,328.75,32.12,60.6,Sunny,134,23496.84,651.57,9330,69.47,9,5.34,54.26,0,36.17,Medium
PJT_639,Tunnel,New York,2021-09-30,2022-10-27,22731798,23434767.96,702969.96,412,392,-20,1.12,4.71,411.38,14.27,26.23,Snowy,62,12452.9,747.28,9294,58.41,5,4.17,65.69,0,39.53,Medium
PJT_640,Dam,Chicago,2021-10-01,2024-05-14,48113433,68534845.92,20421412.92,884,956,72,1.07,2.59,244.31,29.41,68.58,Cloudy,214,14183.29,678.52,6333,46.12,3,5.42,82.89,0,49.51,High
PJT_641,Tunnel,Seattle,2021-10-02,2024-10-04,18539587,19462883.86,923296.86,742,1098,356,0.56,1.76,403.61,11.26,31.65,Snowy,96,36202.78,567.77,9675,43.76,5,2.71,68.43,0,89.8,Medium
PJT_642,Dam,Chicago,2021-10-03,2025-02-19,21035161,22254115.09,1218954.09,842,1235,393,1.52,1.17,258.11,1.62,75.05,Cloudy,139,46267.05,713.62,8858,60.93,3,4.14,77.46,0,76.07,Medium
PJT_643,Dam,Chicago,2021-10-04,2023-08-16,26056359,23460938.09,-2595420.91,619,681,62,0.42,0.25,473.43,24.8,37.5,Cloudy,281,22757.22,504.53,5319,88.28,7,7.46,87.22,0,70.11,High
PJT_644,Building,New York,2021-10-05,2024-01-29,23438280,33338642.77,9900362.77,681,846,165,0.46,1.34,268.87,43.68,49.19,Rainy,248,13093.0,317.5,6389,95.12,2,2.96,70.42,0,52.41,Medium
PJT_645,Dam,New York,2021-10-06,2023-07-24,21546166,29637977.05,8091811.05,454,656,202,0.98,3.27,258.18,7.08,44.53,Rainy,287,17829.48,101.28,2848,93.81,7,3.38,99.98,0,10.16,Medium
PJT_646,Road,New York,2021-10-07,2022-05-25,17920196,22873290.88,4953094.88,255,230,-25,0.64,2.67,403.28,15.35,80.12,Snowy,280,25477.33,603.97,4205,95.2,1,7.74,64.9,1,40.65,High
PJT_647,Building,Los Angeles,2021-10-08,2024-02-12,30862495,41669289.53,10806794.53,618,857,239,0.57,4.72,419.71,27.07,28.86,Snowy,71,18079.26,631.59,3161,94.46,5,2.6,98.91,0,83.19,Medium
PJT_648,Dam,Houston,2021-10-09,2025-04-21,45377043,44979047.33,-397995.67,878,1290,412,1.33,1.98,299.52,19.78,59.6,Stormy,216,15511.06,974.84,2464,71.63,7,3.21,60.15,0,44.94,Medium
PJT_649,Bridge,Los Angeles,2021-10-10,2022-12-31,18034570,21190514.37,3155944.37,468,447,-21,1.34,3.47,130.91,36.39,29.94,Sunny,264,38119.3,425.33,1643,53.16,0,1.16,55.55,0,60.74,Low
PJT_650,Road,Houston,2021-10-11,2023-09-28,42417870,47114869.99,4696999.99,719,717,-2,1.67,2.45,260.49,31.9,69.34,Sunny,107,5353.02,454.72,6351,87.88,5,7.48,87.54,0,28.43,High
PJT_651,Road,Houston,2021-10-12,2025-04-20,49546069,47379217.04,-2166851.96,871,1286,415,0.89,2.56,485.63,-6.79,83.36,Snowy,79,29265.37,281.62,5553,52.82,8,6.56,85.12,0,92.43,High
PJT_652,Road,Chicago,2021-10-13,2023-03-25,28082984,33465882.38,5382898.38,432,528,96,0.24,1.34,388.84,44.91,50.42,Rainy,195,40719.51,163.48,7518,56.03,9,7.25,90.56,0,93.09,High
PJT_653,Building,Chicago,2021-10-14,2022-07-18,8972368,13031860.19,4059492.19,305,277,-28,0.62,2.27,415.02,31.38,54.17,Stormy,155,16980.27,795.52,6723,54.0,9,2.93,67.18,0,23.15,Medium
PJT_654,Dam,Houston,2021-10-15,2022-10-25,29481082,27241565.5,-2239516.5,356,375,19,1.96,2.35,64.77,37.51,84.92,Sunny,195,32148.12,324.71,8946,70.9,1,7.19,96.54,1,75.17,High
PJT_655,Dam,Houston,2021-10-16,2022-06-26,30537369,32823901.78,2286532.78,216,253,37,1.23,3.53,260.54,25.82,56.47,Snowy,287,35100.5,648.01,1610,59.31,0,6.37,55.97,0,16.77,High
PJT_656,Bridge,Los Angeles,2021-10-17,2023-12-01,36790315,37692581.35,902266.35,589,775,186,1.45,4.7,340.98,37.1,54.13,Rainy,123,34476.11,719.0,5302,49.25,1,4.3,51.51,0,63.87,Medium
PJT_657,Bridge,Los Angeles,2021-10-18,2024-09-11,45494022,47445169.26,1951147.26,790,1059,269,0.11,1.65,423.51,-3.82,60.48,Rainy,216,25063.23,524.11,2543,67.19,4,4.94,65.03,0,26.08,Medium
PJT_658,Road,Chicago,2021-10-19,2025-01-12,1764265,2549470.07,785205.07,789,1181,392,1.08,0.21,72.17,9.13,68.25,Rainy,143,20596.01,888.72,2466,92.43,5,6.11,89.87,0,23.11,High
PJT_659,Bridge,New York,2021-10-20,2022-09-13,24408056,28822043.81,4413987.81,306,328,22,0.17,2.48,433.6,38.2,27.48,Cloudy,203,42616.58,499.42,7236,74.23,0,5.44,83.65,0,10.37,Medium
PJT_660,Building,Houston,2021-10-21,2024-01-09,15793752,18633147.17,2839395.17,662,810,148,1.18,2.72,296.78,1.09,77.48,Rainy,120,39130.07,356.42,2181,92.7,6,6.78,71.81,0,94.68,High
PJT_661,Dam,Los Angeles,2021-10-22,2022-12-19,1308617,1774936.63,466319.63,347,423,76,1.85,0.84,138.79,-5.7,50.49,Snowy,56,19456.48,906.41,3146,51.75,3,2.63,62.81,1,84.63,Medium
PJT_662,Road,Chicago,2021-10-23,2024-03-23,12368954,12278602.78,-90351.22,771,882,111,1.94,3.8,192.76,33.35,25.06,Stormy,246,9635.86,875.41,3272,50.02,8,5.87,52.96,1,16.97,High
PJT_663,Bridge,Los Angeles,2021-10-24,2023-02-10,1744748,2080366.35,335618.35,473,474,1,1.13,4.92,176.87,35.95,75.03,Snowy,114,8231.34,247.64,5536,74.53,5,5.05,66.88,0,63.94,Medium
PJT_664,Building,Houston,2021-10-25,2025-02-20,46579602,53938765.88,7359163.88,817,1214,397,0.97,4.73,288.89,-1.05,46.39,Rainy,95,9242.42,123.36,1719,67.8,8,5.15,73.0,0,30.96,High
PJT_665,Building,Houston,2021-10-26,2023-11-02,28220234,35505186.22,7284952.22,522,737,215,1.9,0.99,73.26,36.99,27.03,Stormy,67,31229.12,180.99,5680,79.61,0,5.22,84.35,0,33.76,Medium
PJT_666,Bridge,Seattle,2021-10-27,2023-06-05,48050087,72062379.06,24012292.06,489,586,97,1.38,4.38,121.34,27.77,64.36,Sunny,190,7324.8,357.89,4472,87.68,3,8.93,82.3,0,88.68,High
PJT_667,Dam,New York,2021-10-28,2024-09-23,1734275,2361509.09,627234.09,841,1061,220,0.22,3.52,415.71,18.6,81.61,Sunny,202,20161.71,975.03,4642,85.08,1,8.37,97.37,1,20.29,High
PJT_668,Bridge,Seattle,2021-10-29,2023-11-01,33775006,38460255.3,4685249.3,707,733,26,0.98,2.27,109.67,35.66,82.14,Snowy,281,38893.99,602.66,1063,96.54,5,6.67,55.02,1,64.13,High
PJT_669,Road,Chicago,2021-10-30,2024-03-30,10686427,14923935.47,4237508.47,719,882,163,0.56,2.7,155.03,13.06,87.04,Stormy,57,18245.67,435.94,1559,63.9,3,7.45,66.82,0,46.11,High
PJT_670,Bridge,Los Angeles,2021-10-31,2023-12-28,10422794,10448069.46,25275.46,598,788,190,0.99,4.25,254.02,0.67,80.74,Snowy,123,39348.86,899.84,8446,52.38,8,1.39,74.08,0,27.17,Low
PJT_671,Building,Chicago,2021-11-01,2023-11-24,43541546,39983253.0,-3558293.0,623,753,130,0.97,2.4,282.7,5.67,20.15,Stormy,209,38546.02,507.82,2733,73.05,2,7.7,83.53,0,50.67,High
PJT_672,Bridge,Houston,2021-11-02,2025-05-16,7194224,7357310.03,163086.03,864,1291,427,1.21,1.87,393.62,17.78,46.62,Stormy,194,16062.22,383.71,9861,46.64,0,5.38,74.77,0,94.64,High
PJT_673,Dam,Seattle,2021-11-03,2024-05-25,43499758,48034474.39,4534716.39,737,934,197,0.78,2.47,251.3,19.22,77.3,Snowy,151,37797.0,947.1,4894,57.33,0,3.86,95.64,1,80.34,High
PJT_674,Tunnel,Seattle,2021-11-04,2023-02-13,49257587,59421813.95,10164226.95,415,466,51,0.41,2.9,405.44,34.31,45.64,Stormy,128,38649.95,864.57,2542,52.47,8,2.26,80.43,0,21.89,Low
PJT_675,Bridge,Seattle,2021-11-05,2024-02-26,40578725,51497546.24,10918821.24,618,843,225,1.06,0.95,328.26,33.52,62.11,Rainy,128,22885.43,859.3,3415,63.79,8,1.68,51.98,0,86.45,Low
PJT_676,Dam,Chicago,2021-11-06,2022-12-05,40747799,58936126.34,18188327.34,393,394,1,1.68,4.5,100.89,21.98,62.44,Stormy,170,14468.92,561.06,7090,46.67,4,1.4,55.68,0,94.37,Low
PJT_677,Dam,Houston,2021-11-07,2022-09-02,27762677,33479356.61,5716679.61,264,299,35,1.36,3.37,120.35,32.94,45.55,Stormy,225,28457.19,810.49,6217,41.91,1,2.46,87.67,0,34.93,Low
PJT_678,Building,Los Angeles,2021-11-08,2022-08-28,6318331,7586833.17,1268502.17,264,293,29,0.74,3.17,246.67,0.55,83.31,Snowy,112,46462.89,261.42,6387,79.41,8,1.27,85.79,0,40.01,Low
PJT_679,Dam,Los Angeles,2021-11-09,2023-12-23,33482872,31143952.96,-2338919.04,668,774,106,1.88,0.5,228.6,-7.25,55.23,Sunny,89,33782.75,615.9,6179,76.61,7,7.59,57.67,1,21.37,High
PJT_680,Dam,Chicago,2021-11-10,2022-10-10,20741160,19101507.66,-1639652.34,244,334,90,1.83,3.02,384.59,38.05,52.53,Cloudy,292,12781.51,985.46,9187,82.5,9,3.24,52.95,0,41.04,Medium
PJT_681,Dam,Seattle,2021-11-11,2024-07-20,11736301,14443818.43,2707517.43,825,982,157,0.5,0.6,311.33,-5.84,89.83,Stormy,133,35724.06,361.86,7643,79.62,9,4.32,78.94,0,70.58,Medium
PJT_682,Dam,New York,2021-11-12,2025-01-14,12152153,14131825.83,1979672.83,842,1159,317,0.17,0.39,224.66,3.57,54.55,Cloudy,64,24224.14,814.92,8660,46.86,5,8.4,81.79,0,34.49,High
PJT_683,Road,Chicago,2021-11-13,2024-08-13,29681968,41658886.58,11976918.58,806,1004,198,1.51,2.64,126.84,28.24,32.49,Stormy,148,31618.8,541.43,3458,57.46,6,2.03,56.76,0,10.61,Low
PJT_684,Road,Chicago,2021-11-14,2022-08-10,38502833,38364521.23,-138311.77,243,269,26,1.67,2.01,152.08,12.52,55.91,Snowy,183,38032.88,135.83,7028,47.77,5,8.52,73.68,0,40.47,High
PJT_685,Building,Houston,2021-11-15,2023-11-08,34679364,31731028.42,-2948335.58,522,723,201,1.94,2.94,308.98,38.2,76.98,Snowy,271,28172.63,786.72,6447,90.58,4,6.76,65.29,0,50.79,High
PJT_686,Bridge,Los Angeles,2021-11-16,2023-05-24,26433907,30912425.72,4478518.72,531,554,23,1.79,0.45,240.55,6.39,74.38,Stormy,170,41629.28,251.71,5559,84.81,3,4.08,96.57,0,60.97,Medium
PJT_687,Dam,Chicago,2021-11-17,2022-11-01,44694538,46593480.83,1898942.83,337,349,12,1.24,2.15,281.72,-9.35,75.2,Snowy,112,37497.0,668.33,3749,52.09,6,2.06,60.96,0,71.54,Low
PJT_688,Bridge,Chicago,2021-11-18,2024-05-30,40835189,37967277.49,-2867911.51,768,924,156,1.11,0.87,126.8,6.54,69.56,Snowy,185,32678.3,177.1,2948,60.48,3,1.82,86.66,0,15.56,Low
PJT_689,Bridge,Seattle,2021-11-19,2023-10-28,41339104,55177739.96,13838635.96,670,708,38,0.15,4.94,348.31,21.79,37.8,Stormy,272,11785.68,952.18,7306,98.0,9,4.02,75.91,0,52.28,Medium
PJT_690,Building,Seattle,2021-11-20,2023-12-18,21655025,20939452.02,-715572.98,837,758,-79,0.57,2.81,433.64,10.68,80.35,Sunny,177,42617.71,362.55,9251,75.65,9,2.26,50.58,0,33.97,Low
PJT_691,Dam,New York,2021-11-21,2024-02-27,22653925,28657027.1,6003102.1,642,828,186,0.97,3.44,166.07,19.42,82.54,Stormy,161,47115.75,303.82,9092,88.07,9,3.41,75.85,0,95.32,Medium
PJT_692,Dam,Houston,2021-11-22,2023-03-24,48623905,51960956.31,3337051.31,404,487,83,1.29,1.63,271.18,38.21,33.59,Sunny,160,11163.43,216.22,9524,55.88,8,1.48,54.97,1,42.39,Medium
PJT_693,Tunnel,New York,2021-11-23,2023-06-20,33290830,33427243.51,136413.51,492,574,82,1.16,0.47,488.99,40.19,29.13,Snowy,81,26970.85,951.4,1189,52.6,4,6.36,82.95,0,19.01,High
PJT_694,Bridge,Seattle,2021-11-24,2025-02-11,46173471,52076791.46,5903320.46,794,1175,381,1.51,4.88,199.96,4.63,88.29,Sunny,94,16649.99,740.71,7008,87.04,7,2.31,78.28,0,13.73,Medium
PJT_695,Bridge,Los Angeles,2021-11-25,2024-02-05,3592316,4960512.29,1368196.29,645,802,157,0.63,1.43,317.77,15.42,80.78,Snowy,171,38953.55,767.49,8482,81.15,5,7.81,50.52,0,33.89,High
PJT_696,Road,Seattle,2021-11-26,2022-12-10,34265940,38900618.99,4634678.99,267,379,112,1.17,2.12,90.59,20.2,82.53,Sunny,229,37473.33,549.46,1295,80.86,3,2.96,60.23,1,26.1,Medium
PJT_697,Tunnel,Houston,2021-11-27,2023-03-16,40450157,54626391.41,14176234.41,482,474,-8,0.27,3.25,322.71,42.2,82.05,Sunny,256,11339.83,527.26,9368,73.16,2,8.18,88.81,0,68.48,High
PJT_698,Road,Seattle,2021-11-28,2024-10-29,39993189,39005028.41,-988160.59,859,1066,207,0.89,0.12,90.33,44.92,57.92,Stormy,131,44466.23,199.02,9168,73.81,5,2.71,63.79,0,86.23,Medium
PJT_699,Road,Houston,2021-11-29,2024-04-19,30142589,41104328.88,10961739.88,614,872,258,1.53,4.05,481.66,2.95,65.25,Sunny,62,13143.79,603.86,1799,84.14,0,7.49,74.96,0,38.13,High
PJT_700,Road,Houston,2021-11-30,2024-11-10,44338325,46207628.56,1869303.56,861,1076,215,1.42,2.68,372.05,29.98,58.18,Snowy,73,40876.66,322.22,9997,56.2,1,4.0,65.6,1,62.0,High
PJT_701,Building,Houston,2021-12-01,2023-01-23,47619069,62211260.22,14592191.22,314,418,104,1.98,1.39,404.67,10.79,23.58,Stormy,217,25564.12,979.43,8003,61.17,6,6.25,96.08,1,75.73,High
PJT_702,Building,Houston,2021-12-02,2022-08-16,29088529,36054328.0,6965799.0,229,257,28,0.63,0.31,366.85,-9.55,72.19,Sunny,63,19772.25,816.92,9406,92.3,3,1.35,76.83,1,45.86,Medium
PJT_703,Road,Houston,2021-12-03,2023-07-10,37219181,54246466.14,17027285.14,611,584,-27,1.05,0.81,315.38,-9.49,55.37,Stormy,269,12120.77,471.69,3700,58.53,4,5.46,84.81,1,15.97,High
PJT_704,Tunnel,Los Angeles,2021-12-04,2023-08-06,47991244,54344973.28,6353729.28,519,610,91,0.73,4.48,252.46,15.33,65.34,Cloudy,252,12542.64,236.21,9788,72.78,9,2.34,54.17,1,30.63,Medium
PJT_705,Bridge,New York,2021-12-05,2023-07-26,24506142,23028399.91,-1477742.09,526,598,72,0.94,3.43,436.27,16.86,55.18,Stormy,119,34785.07,806.8,6873,82.16,0,5.38,52.02,0,89.48,Medium
PJT_706,Tunnel,Chicago,2021-12-06,2025-02-20,41801245,38101554.39,-3699690.61,825,1172,347,1.73,1.25,480.58,-8.76,54.43,Cloudy,111,29769.37,209.85,5714,100.0,1,2.27,62.96,0,84.2,Low
PJT_707,Dam,New York,2021-12-07,2023-06-10,20699205,28898473.42,8199268.42,526,550,24,1.4,0.33,274.57,27.78,32.03,Cloudy,169,10493.84,270.4,7491,66.12,3,4.93,65.46,0,17.79,Medium
PJT_708,Building,Houston,2021-12-08,2025-04-16,35538588,43173747.38,7635159.38,828,1225,397,1.78,3.45,469.19,6.17,39.51,Stormy,138,10071.4,290.37,9333,65.69,7,2.0,84.38,0,30.16,Medium
PJT_709,Bridge,Los Angeles,2021-12-09,2023-08-26,27029483,36899202.25,9869719.25,424,625,201,0.49,2.86,312.5,20.79,31.12,Snowy,238,8253.98,601.2,3839,90.56,9,2.98,78.46,0,79.22,Medium
PJT_710,Bridge,Seattle,2021-12-10,2022-10-08,31278124,32549747.39,1271623.39,288,302,14,1.76,2.02,292.27,6.55,33.7,Snowy,50,38469.53,808.35,4513,88.33,3,6.36,68.73,0,53.73,High
PJT_711,Dam,Los Angeles,2021-12-11,2024-02-08,14331690,15865900.96,1534210.96,712,789,77,0.21,1.82,254.52,-0.81,88.11,Snowy,266,37034.69,382.88,2135,83.86,2,9.79,82.71,0,78.4,High
PJT_712,Dam,Houston,2021-12-12,2023-01-03,11625643,10673064.82,-952578.18,269,387,118,1.79,1.08,144.18,12.39,30.72,Rainy,243,7629.39,176.2,7357,67.79,2,5.04,58.18,0,29.0,Medium
PJT_713,Road,Los Angeles,2021-12-13,2023-11-16,46553994,68755379.35,22201385.35,475,703,228,0.73,3.35,51.67,2.78,38.85,Cloudy,175,30212.15,518.08,3247,59.44,4,7.18,53.17,0,95.74,High
PJT_714,Building,Los Angeles,2021-12-14,2022-11-18,44099658,57361339.96,13261681.96,291,339,48,0.7,4.85,158.68,19.41,61.34,Stormy,81,8810.43,773.3,7548,76.52,2,5.85,92.73,0,80.52,High
PJT_715,Building,Houston,2021-12-15,2024-04-02,6296990,9193120.86,2896130.86,768,839,71,1.07,0.88,279.38,0.94,62.71,Snowy,190,45668.56,299.5,5516,92.57,7,5.49,78.2,0,27.77,Medium
PJT_716,Tunnel,Los Angeles,2021-12-16,2023-02-22,33650907,35646333.25,1995426.25,356,433,77,1.89,2.99,220.98,17.96,30.78,Snowy,210,45820.28,297.93,5102,93.03,4,1.58,82.45,0,60.26,Low
PJT_717,Road,Chicago,2021-12-17,2023-11-02,13299755,16849169.23,3549414.23,522,685,163,0.19,2.12,251.82,-1.34,75.56,Stormy,81,36420.48,952.5,2548,46.51,6,2.3,65.36,1,20.18,Medium
PJT_718,Road,Chicago,2021-12-18,2024-05-29,33220741,43422829.93,10202088.93,839,893,54,0.77,2.23,491.29,26.9,74.96,Cloudy,105,46678.5,958.74,7532,65.7,7,8.95,68.6,0,42.53,High
PJT_719,Road,Los Angeles,2021-12-19,2022-12-30,41483087,45238543.41,3755456.41,280,376,96,1.73,1.27,207.62,31.47,36.61,Stormy,201,41515.39,991.42,5511,67.88,4,4.69,54.12,1,69.37,High
PJT_720,Road,Seattle,2021-12-20,2024-01-11,45857903,64607619.32,18749716.32,808,752,-56,0.85,4.13,253.48,-3.93,40.21,Rainy,140,42284.24,826.89,3831,98.66,7,6.53,92.85,0,39.71,High
PJT_721,Building,Houston,2021-12-21,2023-12-19,2821367,4142604.36,1321237.36,783,728,-55,0.48,2.43,110.08,15.73,85.66,Rainy,53,30636.85,269.37,4062,80.68,2,5.75,79.62,0,69.11,Medium
PJT_722,Building,Chicago,2021-12-22,2023-10-09,37927295,54270662.15,16343367.15,580,656,76,0.91,2.72,71.58,-6.1,77.8,Stormy,265,18772.66,290.78,8975,64.43,6,4.41,54.18,0,32.03,Medium
PJT_723,Road,Seattle,2021-12-23,2022-08-10,30698493,41241589.13,10543096.13,207,230,23,0.83,1.52,398.93,22.9,68.85,Cloudy,72,14800.96,406.2,4052,41.56,7,4.49,90.23,0,74.91,Medium
PJT_724,Tunnel,Los Angeles,2021-12-24,2024-02-12,31235640,33312148.11,2076508.11,716,780,64,1.84,0.91,306.81,4.54,25.76,Snowy,78,19724.0,386.32,8210,73.92,6,6.0,72.21,0,42.36,High
PJT_725,Bridge,Seattle,2021-12-25,2022-10-04,2578315,2756140.42,177825.42,237,283,46,1.55,0.43,392.32,19.02,49.28,Rainy,147,33282.29,960.87,4539,45.76,1,2.27,88.26,0,81.14,Low
PJT_726,Bridge,New York,2021-12-26,2024-01-05,41981642,62049546.65,20067904.65,677,740,63,1.06,3.57,117.44,18.46,59.15,Rainy,198,12769.54,810.17,1526,90.07,7,4.49,50.63,1,22.3,High
PJT_727,Tunnel,Chicago,2021-12-27,2023-04-24,26076068,23629368.73,-2446699.27,476,483,7,1.98,0.98,307.32,40.84,33.12,Cloudy,79,16638.81,751.61,3807,85.15,5,5.02,51.44,1,42.58,High
PJT_728,Road,Los Angeles,2021-12-28,2022-12-03,19126806,25431574.75,6304768.75,313,340,27,0.98,3.45,164.14,20.2,51.38,Rainy,139,26062.74,267.37,2753,67.63,9,9.87,58.54,1,51.75,High
PJT_729,Building,Houston,2021-12-29,2024-01-25,46447478,61484742.06,15037264.06,510,757,247,0.21,1.95,152.63,22.06,62.07,Rainy,197,15487.25,918.57,7882,65.75,2,4.16,60.55,1,48.15,High
PJT_730,Bridge,Los Angeles,2021-12-30,2023-05-05,47523237,60526246.88,13003009.88,428,491,63,0.6,2.08,55.19,12.09,42.92,Cloudy,193,31488.97,845.08,2654,93.84,3,6.8,88.2,0,48.98,High
PJT_731,Dam,Houston,2021-12-31,2024-04-30,12199747,18227218.75,6027471.75,729,851,122,0.93,2.35,108.65,42.2,74.67,Stormy,116,46542.92,247.28,5841,57.31,6,2.24,85.33,0,50.03,Low
PJT_732,Dam,Los Angeles,2022-01-01,2022-11-13,6440107,7001218.46,561111.46,254,316,62,0.4,1.84,189.17,32.75,78.83,Snowy,226,38664.02,884.05,5041,54.94,2,1.59,80.8,0,98.99,Low
PJT_733,Tunnel,Seattle,2022-01-02,2025-05-27,49726898,54897655.92,5170757.92,833,1241,408,1.9,0.5,102.6,5.7,42.65,Snowy,150,34989.2,345.02,6024,96.35,0,8.84,94.24,0,27.38,High
PJT_734,Road,Seattle,2022-01-03,2023-01-01,8081530,7656147.69,-425382.31,347,363,16,1.56,1.55,493.64,36.43,78.71,Rainy,107,31222.47,172.78,9965,88.55,5,7.58,62.36,0,79.18,High
PJT_735,Bridge,Seattle,2022-01-04,2024-06-15,49494716,57694945.21,8200229.21,682,893,211,0.61,3.32,188.88,13.78,27.25,Snowy,281,26957.66,691.14,9734,89.24,2,3.86,95.22,1,59.66,High
PJT_736,Road,New York,2022-01-05,2023-12-16,27635617,29200597.55,1564980.55,534,710,176,1.22,3.33,108.65,35.58,78.64,Stormy,221,13395.37,688.42,5417,51.71,9,5.54,95.47,0,47.23,Medium
PJT_737,Bridge,Houston,2022-01-06,2023-06-01,47433552,52463027.4,5029475.4,404,511,107,1.47,1.43,139.59,35.26,30.69,Rainy,74,45261.97,185.44,9977,48.6,5,2.22,71.71,1,67.02,Medium
PJT_738,Tunnel,Seattle,2022-01-07,2024-03-21,31110314,43577556.87,12467242.87,843,804,-39,1.89,2.3,314.47,0.39,25.8,Snowy,72,16184.12,386.97,5635,41.56,9,7.36,54.72,0,86.82,High
PJT_739,Tunnel,New York,2022-01-08,2024-07-23,20674922,30212071.41,9537149.41,710,927,217,1.78,0.97,78.82,28.56,64.92,Sunny,285,9108.9,993.53,3883,54.22,2,1.63,86.33,0,52.0,Low
PJT_740,Dam,Houston,2022-01-09,2022-11-10,26059572,26357689.42,298117.42,325,305,-20,1.08,1.05,438.1,5.99,53.04,Sunny,236,38750.68,710.58,6884,86.45,5,7.81,66.85,0,87.83,High
PJT_741,Road,Los Angeles,2022-01-10,2023-06-22,37755905,42418961.6,4663056.6,420,528,108,1.57,0.12,482.67,6.36,83.55,Sunny,178,12902.7,757.07,1448,54.4,3,5.92,89.75,1,18.44,High
PJT_742,Dam,New York,2022-01-11,2023-12-15,32397110,47208366.88,14811256.88,523,703,180,1.17,4.48,161.04,6.3,45.42,Sunny,146,21735.32,291.63,4310,83.75,3,3.51,58.18,1,68.78,High
PJT_743,Road,Chicago,2022-01-12,2022-08-20,10314823,9665866.7,-648956.3,214,220,6,1.15,1.05,252.54,29.91,40.1,Sunny,192,6272.82,170.9,5585,55.11,9,8.76,76.98,0,39.99,High
PJT_744,Dam,New York,2022-01-13,2025-06-04,24284876,23202166.78,-1082709.22,881,1238,357,0.32,1.14,59.96,2.64,55.05,Rainy,177,11168.06,349.21,9108,63.72,9,9.87,75.4,0,44.8,High
PJT_745,Building,New York,2022-01-14,2022-06-28,45976489,45869574.97,-106914.03,180,165,-15,0.34,1.4,338.32,-9.95,51.92,Cloudy,130,12794.16,324.01,5409,98.99,1,3.29,55.02,0,61.39,Medium
PJT_746,Building,Houston,2022-01-15,2023-04-27,36004423,45262157.49,9257734.49,332,467,135,1.11,0.64,236.27,29.34,44.11,Cloudy,275,7448.46,311.09,8873,54.69,3,8.26,68.17,0,53.19,High
PJT_747,Building,Los Angeles,2022-01-16,2024-01-01,33057821,32736610.14,-321210.86,608,715,107,0.61,3.2,171.53,-0.58,68.56,Rainy,258,34549.56,273.48,7051,62.58,3,7.75,54.24,1,44.36,High
PJT_748,Building,Chicago,2022-01-17,2023-12-26,22945770,33979147.79,11033377.79,687,708,21,0.14,0.38,143.08,-4.25,73.17,Rainy,229,42665.35,617.28,9576,58.07,6,7.72,73.24,0,37.75,High
PJT_749,Bridge,Seattle,2022-01-18,2022-11-13,45454950,53092686.9,7637736.9,305,299,-6,1.47,0.67,344.31,3.06,79.71,Stormy,235,21799.19,395.29,1294,46.58,4,9.62,92.15,0,65.65,High
PJT_750,Building,Seattle,2022-01-19,2024-10-01,1424528,1710731.03,286203.03,670,986,316,0.16,3.22,237.3,10.89,88.1,Cloudy,218,44355.94,838.31,2238,69.39,7,5.38,63.51,0,55.5,Medium
PJT_751,Tunnel,New York,2022-01-20,2023-10-06,28701434,30078964.19,1377530.19,661,624,-37,1.23,1.7,130.85,16.17,38.67,Sunny,221,14600.6,265.55,9041,62.72,6,7.07,88.24,1,39.1,High
PJT_752,Tunnel,Houston,2022-01-21,2023-07-09,31248531,36953767.53,5705236.53,524,534,10,1.12,3.54,360.1,-7.55,70.13,Rainy,53,19642.57,518.16,3816,81.69,9,8.41,59.17,0,28.45,High
PJT_753,Bridge,Houston,2022-01-22,2023-04-10,12103831,15700462.35,3596631.35,400,443,43,1.94,2.79,304.28,43.38,47.6,Sunny,254,11783.16,112.29,2098,89.06,8,5.32,83.69,0,79.7,Medium
PJT_754,Building,Seattle,2022-01-23,2022-10-10,26778005,36169219.58,9391214.58,204,260,56,1.02,1.28,436.4,29.38,67.4,Cloudy,245,32925.16,533.51,2737,72.65,7,5.33,95.78,0,81.97,Medium
PJT_755,Building,Chicago,2022-01-24,2024-06-09,41004651,55451444.48,14446793.48,707,867,160,0.22,3.25,102.86,7.78,53.32,Snowy,184,23894.13,150.25,3189,41.93,8,3.87,66.2,0,29.24,Medium
PJT_756,Building,Los Angeles,2022-01-25,2023-01-12,32279524,40244001.62,7964477.62,361,352,-9,1.15,0.58,403.55,7.53,89.56,Snowy,95,32597.75,979.95,3765,77.14,0,8.03,95.02,0,33.55,High
PJT_757,Dam,Chicago,2022-01-26,2024-01-24,39819913,57444838.24,17624925.24,678,728,50,1.7,2.68,353.08,14.67,71.02,Rainy,58,39275.37,811.53,2222,43.32,9,7.18,75.27,1,31.52,High
PJT_758,Road,Los Angeles,2022-01-27,2024-05-31,14618723,20326526.04,5707803.04,820,855,35,1.99,2.19,101.75,24.44,86.67,Stormy,264,29556.64,541.1,7549,76.98,2,5.06,65.84,1,89.61,High
PJT_759,Dam,Seattle,2022-01-28,2022-09-12,9527835,12902869.21,3375034.21,221,227,6,0.92,1.34,362.67,-1.95,78.45,Sunny,210,33243.37,177.93,1410,81.1,4,4.77,94.83,0,79.67,Medium
PJT_760,Road,Los Angeles,2022-01-29,2024-02-25,19550271,18247505.71,-1302765.29,660,757,97,0.71,3.02,248.7,0.39,83.2,Rainy,82,47086.26,633.2,3945,51.87,8,1.65,51.6,0,16.71,Low
PJT_761,Building,Houston,2022-01-30,2024-04-26,22970075,20767859.88,-2202215.12,618,817,199,1.82,4.36,475.24,37.27,77.01,Stormy,133,18457.89,782.89,9102,89.16,7,1.06,51.4,1,84.94,Medium
PJT_762,Building,New York,2022-01-31,2023-09-22,43635177,44833764.03,1198587.03,581,599,18,0.46,4.99,113.73,4.09,52.14,Sunny,181,21162.38,271.65,5786,94.67,9,5.76,79.99,0,13.32,Medium
PJT_763,Dam,New York,2022-02-01,2024-04-23,34836286,45221476.01,10385190.01,725,812,87,1.27,3.04,339.28,10.91,37.63,Cloudy,114,37296.65,611.39,1786,88.79,6,4.76,89.84,0,32.79,Medium
PJT_764,Dam,Seattle,2022-02-02,2023-09-20,41216746,47264004.87,6047258.87,524,595,71,0.87,2.02,221.89,37.92,45.92,Snowy,295,32508.75,832.79,3109,58.31,1,8.16,87.58,0,92.71,High
PJT_765,Road,Houston,2022-02-03,2023-01-02,15284503,17446400.51,2161897.51,224,333,109,0.18,1.13,480.57,26.47,21.42,Stormy,155,13033.98,791.42,6446,75.2,5,5.88,53.97,0,87.79,High
PJT_766,Tunnel,Chicago,2022-02-04,2025-06-03,49122025,70281442.04,21159417.04,825,1215,390,0.76,1.29,198.49,8.79,56.68,Sunny,83,21926.63,822.69,6835,94.89,3,9.43,97.51,0,80.33,High
PJT_767,Road,Houston,2022-02-05,2022-11-08,40384827,58046634.71,17661807.71,200,276,76,0.6,2.4,482.98,27.6,55.35,Rainy,268,26052.71,891.39,2986,59.24,4,2.77,85.15,1,51.18,Medium
PJT_768,Dam,New York,2022-02-06,2024-06-05,26826151,38777339.65,11951188.65,813,850,37,1.4,1.84,455.67,-8.92,56.77,Sunny,134,23872.54,943.91,9126,89.2,4,9.91,97.46,1,38.93,High
PJT_769,Dam,New York,2022-02-07,2022-09-29,19434369,21150945.52,1716576.52,249,234,-15,1.9,4.57,171.67,30.46,88.18,Rainy,137,13022.37,464.97,8300,40.57,3,3.68,66.45,0,89.34,Medium
PJT_770,Bridge,Houston,2022-02-08,2022-10-13,44428295,58406924.41,13978629.41,227,247,20,0.61,1.84,411.59,16.79,83.8,Snowy,256,46599.35,611.89,6709,40.22,3,6.78,84.7,0,69.14,High
PJT_771,Dam,Houston,2022-02-09,2024-01-20,49964527,53111288.35,3146761.35,670,710,40,1.64,1.87,498.02,34.73,31.32,Snowy,276,39304.34,811.59,3403,85.58,3,5.52,93.0,0,36.6,Medium
PJT_772,Bridge,New York,2022-02-10,2024-07-08,8083610,8199738.33,116128.33,730,879,149,0.21,1.92,163.7,42.51,45.82,Sunny,241,26661.01,727.43,9262,85.69,1,4.24,69.02,0,51.69,Medium
PJT_773,Tunnel,Chicago,2022-02-11,2023-11-10,17411413,17599098.88,187685.88,466,637,171,1.12,4.18,246.55,40.92,49.68,Sunny,202,35602.75,995.97,5401,87.34,0,2.25,98.24,0,89.34,Low
PJT_774,Road,Seattle,2022-02-12,2022-11-06,30321828,33513642.26,3191814.26,189,267,78,0.23,3.25,284.08,40.01,45.24,Rainy,104,45377.72,112.31,7701,95.8,1,2.21,63.25,0,91.31,Low
PJT_775,Road,Seattle,2022-02-13,2024-11-23,18256299,21140330.02,2884031.02,721,1014,293,1.87,3.07,182.72,18.17,75.89,Rainy,186,11127.84,419.62,4295,47.07,6,7.4,65.78,1,69.34,High
PJT_776,Bridge,Houston,2022-02-14,2023-07-04,27560140,38544771.29,10984631.29,453,505,52,1.56,1.67,56.87,9.81,56.68,Stormy,66,16266.79,352.93,9953,53.92,0,4.4,96.02,0,75.93,Medium
PJT_777,Road,Seattle,2022-02-15,2024-12-03,2901740,2820301.67,-81438.33,779,1022,243,1.35,4.09,149.06,15.58,60.05,Stormy,198,29421.56,336.08,3121,94.22,5,9.65,98.48,1,13.54,High
PJT_778,Dam,New York,2022-02-16,2023-10-18,40202825,53910199.64,13707374.64,560,609,49,1.67,0.19,176.87,27.94,79.71,Stormy,237,40955.47,300.28,4582,50.63,3,3.93,64.26,0,64.41,Medium
PJT_779,Building,New York,2022-02-17,2023-06-08,47205667,57537710.52,10332043.52,508,476,-32,1.33,4.35,249.62,38.62,76.41,Sunny,190,6631.47,738.21,5197,80.93,1,9.85,56.82,0,72.01,High
PJT_780,Bridge,Houston,2022-02-18,2024-07-06,33791816,36250752.02,2458936.02,658,869,211,1.94,2.56,127.0,1.38,29.25,Stormy,180,49280.82,176.28,6700,71.83,2,2.85,87.95,0,11.83,Medium
PJT_781,Road,Houston,2022-02-19,2022-08-14,31973687,38230673.79,6256986.79,194,176,-18,1.46,1.99,442.96,40.5,69.97,Sunny,245,25470.8,767.45,8232,44.99,6,1.93,96.48,1,85.95,Medium
PJT_782,Bridge,Houston,2022-02-20,2024-04-26,25530166,27571691.9,2041525.9,695,796,101,1.86,2.49,367.21,34.83,50.48,Snowy,53,21165.4,724.08,5288,57.12,5,3.81,80.04,0,93.55,Medium
PJT_783,Bridge,Chicago,2022-02-21,2023-04-03,8395873,10559062.74,2163189.74,370,406,36,1.08,3.34,88.34,43.84,40.63,Cloudy,284,18172.6,325.72,2085,71.22,5,8.97,81.73,0,31.41,High
PJT_784,Building,Seattle,2022-02-22,2023-05-25,39139378,45413668.97,6274290.97,347,457,110,0.32,0.06,342.54,38.41,23.5,Snowy,269,12846.05,327.55,9645,91.14,7,5.7,88.15,0,86.12,High
PJT_785,Dam,Houston,2022-02-23,2024-10-02,45238976,45177601.07,-61374.93,700,952,252,1.1,4.36,344.15,5.4,54.11,Sunny,56,40620.83,665.97,3621,82.45,7,2.22,57.65,0,69.9,Low
PJT_786,Bridge,Los Angeles,2022-02-24,2024-07-09,48278684,46827902.05,-1450781.95,800,866,66,0.34,2.23,480.3,-4.17,44.88,Sunny,75,47993.64,785.95,9810,77.31,5,2.82,98.67,1,62.26,Medium
PJT_787,Road,Los Angeles,2022-02-25,2023-05-09,45855106,56310868.47,10455762.47,316,438,122,1.23,1.71,51.36,-3.83,37.61,Cloudy,252,23614.01,888.84,9828,69.76,0,3.8,68.22,0,85.88,Medium
PJT_788,Tunnel,New York,2022-02-26,2023-02-19,8873491,12790674.26,3917183.26,333,358,25,1.02,0.69,161.57,6.02,68.63,Rainy,73,47858.93,866.93,3348,57.92,9,6.31,81.41,1,35.7,High
PJT_789,Bridge,Seattle,2022-02-27,2023-12-21,19317940,21372878.37,2054938.37,567,662,95,1.28,2.2,467.51,23.78,73.86,Rainy,284,42070.89,968.39,5874,47.15,6,3.99,73.43,0,81.18,Medium
PJT_790,Bridge,Houston,2022-02-28,2023-07-31,6875293,9211518.0,2336225.0,388,518,130,0.12,2.48,469.46,34.24,37.14,Rainy,59,26647.3,623.25,4036,64.54,7,7.72,73.41,0,38.31,High
PJT_791,Building,Los Angeles,2022-03-01,2023-10-15,47505570,61529062.86,14023492.86,451,593,142,0.47,2.02,374.26,39.46,23.46,Stormy,278,35331.18,917.79,3349,41.71,4,6.55,85.14,0,80.87,High
PJT_792,Dam,Seattle,2022-03-02,2023-06-26,30486438,44477668.88,13991230.88,322,481,159,1.03,3.39,394.59,24.31,79.41,Rainy,62,24574.29,827.66,6743,52.66,3,8.86,99.73,0,50.59,High
PJT_793,Tunnel,New York,2022-03-03,2024-05-29,43618713,60742922.92,17124209.92,790,818,28,1.91,2.1,91.17,-9.69,20.7,Stormy,174,30142.55,905.2,5432,65.95,6,5.51,82.95,1,20.53,High
PJT_794,Road,Chicago,2022-03-04,2023-01-20,28054353,34786364.07,6732011.07,248,322,74,0.83,4.81,281.24,0.25,85.6,Stormy,221,7612.09,110.46,7175,65.12,5,3.98,89.7,0,44.34,Medium
PJT_795,Tunnel,Seattle,2022-03-05,2023-08-26,35648748,46137262.0,10488514.0,426,539,113,0.91,3.0,154.21,-4.52,63.93,Rainy,283,36331.86,969.31,8265,42.66,5,9.97,51.38,0,31.01,High
PJT_796,Road,Seattle,2022-03-06,2023-12-04,5300915,7628185.68,2327270.68,440,638,198,1.46,4.04,131.55,9.98,42.53,Rainy,88,7377.11,526.18,7103,75.34,2,4.2,90.52,0,19.05,Medium
PJT_797,Dam,Chicago,2022-03-07,2022-11-18,49632668,56566911.12,6934243.12,258,256,-2,1.25,0.55,414.64,17.57,37.25,Cloudy,196,41768.82,818.36,8358,72.98,9,4.86,65.0,0,19.93,Medium
PJT_798,Road,Seattle,2022-03-08,2025-04-12,7760403,8505997.87,745594.87,837,1131,294,0.67,1.99,110.77,-7.61,20.63,Cloudy,228,42122.61,214.48,3031,44.69,3,8.28,56.34,0,80.21,High
PJT_799,Building,New York,2022-03-09,2024-11-28,49710324,45061745.08,-4648578.92,802,995,193,0.88,1.68,260.89,9.17,36.48,Stormy,68,15668.48,456.35,2249,96.59,4,1.8,55.67,0,89.33,Low
PJT_800,Building,New York,2022-03-10,2024-06-22,41174673,57476987.82,16302314.82,784,835,51,0.51,2.85,472.36,-0.15,29.64,Cloudy,125,19564.83,344.31,7808,45.96,8,4.48,83.99,1,93.44,High
PJT_801,Building,Chicago,2022-03-11,2024-06-22,2636675,3640162.97,1003487.97,704,834,130,1.94,4.31,133.62,25.59,62.85,Stormy,101,26658.97,362.49,4556,91.29,7,1.77,99.88,0,86.86,Low
PJT_802,Building,Houston,2022-03-12,2024-08-08,16125440,15523521.04,-601918.96,800,880,80,0.35,0.39,490.1,15.53,31.66,Sunny,263,31849.83,210.93,9519,40.02,2,2.25,83.31,0,84.72,Low
PJT_803,Tunnel,Los Angeles,2022-03-13,2023-12-08,26872497,33486206.25,6613709.25,509,635,126,0.81,0.36,497.43,17.24,57.0,Stormy,224,17930.91,825.19,9988,92.94,5,1.04,63.12,1,16.2,Medium
PJT_804,Dam,Houston,2022-03-14,2023-08-23,18579065,21893366.18,3314301.18,368,527,159,0.15,4.25,300.03,13.52,61.31,Stormy,278,31661.89,108.32,6299,41.18,9,1.09,60.17,0,81.11,Low
PJT_805,Road,Seattle,2022-03-15,2023-02-18,11117273,10797378.55,-319894.45,274,340,66,0.52,1.06,126.56,42.58,40.86,Cloudy,169,18400.42,381.25,4094,85.47,0,4.42,76.3,0,80.5,Medium
PJT_806,Road,Los Angeles,2022-03-16,2024-12-28,25147347,37427825.98,12280478.98,796,1018,222,1.58,3.34,192.25,1.81,22.45,Sunny,207,7497.08,256.97,3977,61.7,2,8.28,53.25,0,21.82,High
PJT_807,Building,Chicago,2022-03-17,2022-10-30,35590323,36615948.29,1025625.29,187,227,40,0.48,2.71,241.02,18.42,22.61,Snowy,95,5113.74,630.14,1962,84.29,9,6.28,69.97,0,69.58,High
PJT_808,Building,Chicago,2022-03-18,2022-11-02,26589001,25002714.71,-1586286.29,246,229,-17,0.25,4.16,189.2,30.48,21.84,Snowy,253,9551.8,328.83,6725,64.1,6,6.71,83.31,0,50.73,High
PJT_809,Bridge,Los Angeles,2022-03-19,2024-02-19,10031370,12608513.49,2577143.49,675,702,27,1.0,0.63,176.29,20.63,71.74,Snowy,270,40651.28,333.1,6489,44.25,6,5.67,98.38,0,91.0,Medium
PJT_810,Dam,New York,2022-03-20,2023-06-05,8611432,11567908.89,2956476.89,370,442,72,0.12,0.65,487.5,41.1,42.26,Sunny,198,48264.41,539.5,2268,86.05,1,8.38,71.28,1,72.59,High
PJT_811,Tunnel,Los Angeles,2022-03-21,2023-11-03,33985192,31248230.85,-2736961.15,545,592,47,0.26,2.78,119.01,10.79,75.74,Rainy,124,24213.48,687.42,6279,44.28,2,8.92,60.01,0,95.59,High
PJT_812,Road,Seattle,2022-03-22,2024-02-26,43710916,56615715.22,12904799.22,700,706,6,1.63,4.73,380.0,15.5,50.22,Sunny,173,28070.78,209.17,1372,95.33,6,8.65,90.87,0,19.44,High
PJT_813,Bridge,New York,2022-03-23,2023-03-14,21481913,26194510.36,4712597.36,296,356,60,1.57,2.07,50.18,-5.13,51.71,Cloudy,278,11608.17,257.96,5380,43.06,5,8.31,87.21,0,13.65,High
PJT_814,Bridge,Chicago,2022-03-24,2023-07-25,14722816,14162745.43,-560070.57,446,488,42,1.84,1.63,318.28,23.49,55.9,Stormy,97,29796.41,322.46,8617,68.76,6,2.64,92.99,1,97.62,Medium
PJT_815,Road,Los Angeles,2022-03-25,2024-07-05,15374288,15428318.26,54030.26,790,833,43,1.72,3.03,462.17,5.85,69.91,Stormy,111,11509.47,976.37,7279,83.38,9,6.34,60.74,1,17.22,High
PJT_816,Tunnel,Houston,2022-03-26,2024-05-16,33439573,41491306.49,8051733.49,664,782,118,1.4,4.65,179.57,-1.18,39.15,Cloudy,107,32504.64,457.44,1095,63.59,8,6.24,70.24,0,44.76,High
PJT_817,Bridge,Houston,2022-03-27,2024-01-30,32762785,35312206.96,2549421.96,688,674,-14,0.2,4.18,133.49,19.95,28.51,Cloudy,67,46996.64,639.09,5369,53.03,7,5.75,99.08,0,68.5,Medium
PJT_818,Bridge,Seattle,2022-03-28,2024-02-21,33963575,49688351.47,15724776.47,477,695,218,1.59,4.98,343.26,19.28,58.92,Stormy,157,13806.43,317.39,4941,85.55,5,5.33,57.9,0,89.21,High
PJT_819,Dam,Houston,2022-03-29,2023-07-29,6277420,8733423.77,2456003.77,343,487,144,1.71,0.11,370.67,-5.83,42.89,Rainy,236,39405.37,541.41,8021,87.06,3,1.8,83.57,0,32.91,Low
PJT_820,Tunnel,Los Angeles,2022-03-30,2024-04-03,27372008,40788132.87,13416124.87,555,735,180,1.62,0.56,359.61,28.4,50.97,Rainy,268,6057.61,166.71,4944,95.36,9,1.92,61.86,0,12.62,Low
PJT_821,Bridge,Los Angeles,2022-03-31,2024-06-10,41826435,44160454.78,2334019.78,832,802,-30,1.07,3.05,193.69,24.31,65.29,Rainy,278,21897.38,131.27,6868,62.57,8,9.12,75.01,0,56.92,High
PJT_822,Tunnel,Houston,2022-04-01,2023-12-02,16020740,23740080.12,7719340.12,447,610,163,0.54,4.1,163.49,0.4,54.59,Cloudy,97,9983.68,521.86,6396,70.38,6,6.67,90.03,0,52.4,High
PJT_823,Road,Los Angeles,2022-04-02,2025-01-04,2760511,3198715.4,438204.4,728,1008,280,1.71,1.43,480.16,15.82,63.42,Stormy,112,20861.39,458.79,9041,61.79,4,3.36,74.43,0,37.62,Medium
PJT_824,Building,Seattle,2022-04-03,2023-03-13,4541815,5034653.15,492838.15,253,344,91,1.48,1.2,465.48,29.62,58.09,Stormy,61,12809.16,223.19,1131,55.42,1,3.51,90.27,0,88.65,Medium
PJT_825,Bridge,New York,2022-04-04,2024-01-29,9434610,8776165.89,-658444.11,687,665,-22,1.96,3.93,255.79,19.12,71.79,Stormy,264,21798.72,718.84,8290,85.06,8,6.49,71.32,0,77.44,High
PJT_826,Dam,Seattle,2022-04-05,2023-02-23,25167060,23447121.85,-1719938.15,252,324,72,0.4,0.28,430.79,11.75,69.42,Sunny,83,23788.53,993.61,7516,60.38,6,4.66,99.97,0,87.23,Medium
PJT_827,Road,Seattle,2022-04-06,2024-02-17,5610146,7378501.91,1768355.91,487,682,195,0.53,1.85,253.55,7.73,57.39,Sunny,238,18526.6,456.08,6906,65.69,8,4.97,71.79,0,24.56,Medium
PJT_828,Tunnel,Los Angeles,2022-04-07,2023-07-22,38693721,45455734.95,6762013.95,378,471,93,0.5,2.53,240.98,23.57,67.52,Snowy,151,34547.99,662.1,1807,64.22,8,1.55,57.47,0,72.32,Low
PJT_829,Road,New York,2022-04-08,2023-05-11,6351826,6579938.97,228112.97,309,398,89,1.61,2.8,120.54,41.65,81.15,Sunny,136,46348.34,966.68,1050,82.76,9,2.25,70.09,1,97.76,Medium
PJT_830,Bridge,Los Angeles,2022-04-09,2024-09-07,14698156,18642879.21,3944723.21,751,882,131,0.46,3.64,241.88,26.95,50.26,Rainy,230,23026.79,848.38,6277,95.07,4,4.54,87.13,0,65.07,Medium
PJT_831,Tunnel,Chicago,2022-04-10,2024-12-01,40944891,43062350.75,2117459.75,794,966,172,0.23,1.77,291.84,-5.89,48.89,Rainy,74,13655.44,517.2,1055,80.01,6,7.3,92.4,0,25.42,High
PJT_832,Building,Los Angeles,2022-04-11,2023-12-15,36338438,45298735.62,8960297.62,666,613,-53,2.0,3.06,60.13,15.34,73.5,Rainy,239,17182.52,763.74,4664,68.29,4,1.43,73.01,0,99.62,Low
PJT_833,Road,Los Angeles,2022-04-12,2023-06-10,15900526,17737438.21,1836912.21,330,424,94,0.15,2.93,249.85,39.0,60.78,Rainy,181,43430.04,215.32,1743,86.75,2,4.01,79.72,0,57.55,Medium
PJT_834,Bridge,Los Angeles,2022-04-13,2024-06-26,39467910,55023450.1,15555540.1,848,805,-43,1.69,2.74,401.61,-4.8,24.97,Snowy,271,30723.79,560.89,7030,78.46,9,7.26,92.24,0,85.61,High
PJT_835,Dam,New York,2022-04-14,2023-07-05,10017497,13948540.1,3931043.1,385,447,62,0.79,3.2,356.02,44.39,82.45,Rainy,271,25475.5,351.15,9131,43.64,7,8.13,90.68,0,23.44,High
PJT_836,Tunnel,Los Angeles,2022-04-15,2023-05-05,9303143,11037344.11,1734201.11,358,385,27,1.7,1.3,335.82,42.2,22.15,Cloudy,190,11733.65,245.05,1079,45.74,7,2.71,82.89,0,69.95,Low
PJT_837,Road,New York,2022-04-16,2023-07-21,45310148,50316532.66,5006384.66,376,461,85,1.15,0.42,459.3,-5.69,72.39,Cloudy,219,25237.73,483.65,3966,42.28,8,7.58,90.75,0,92.14,High
PJT_838,Road,Houston,2022-04-17,2023-01-05,46787926,52287185.96,5499259.96,268,263,-5,1.81,0.6,58.11,41.34,73.12,Cloudy,98,17532.14,217.91,4728,67.41,5,9.6,78.8,0,57.88,High
PJT_839,Building,Chicago,2022-04-18,2024-07-02,33580457,46456168.49,12875711.49,613,806,193,1.86,1.12,300.67,9.97,86.72,Sunny,127,47442.34,729.09,5536,89.55,1,9.16,50.23,0,35.98,High
PJT_840,Building,New York,2022-04-19,2023-08-30,7679155,8423324.17,744169.17,362,498,136,0.12,2.5,404.31,36.46,23.79,Stormy,233,44783.15,510.62,1125,58.78,2,8.1,52.06,1,21.47,High
PJT_841,Dam,Houston,2022-04-20,2023-05-12,6737580,6908954.55,171374.55,388,387,-1,0.24,4.2,293.6,13.01,61.78,Snowy,224,8775.61,578.03,6813,63.05,9,7.41,98.99,0,36.64,High
PJT_842,Dam,New York,2022-04-21,2024-01-28,23802311,22631546.85,-1170764.15,672,647,-25,0.58,3.51,195.75,14.25,49.95,Cloudy,185,28249.41,231.74,9410,94.57,5,3.12,57.25,0,41.94,Medium
PJT_843,Bridge,New York,2022-04-22,2023-02-21,15773394,18612855.28,2839461.28,309,305,-4,1.37,3.95,111.31,24.88,43.14,Cloudy,104,15127.63,225.79,1947,90.21,0,6.71,70.23,1,73.9,High
PJT_844,Bridge,Chicago,2022-04-23,2025-08-09,1225391,1457332.1,231941.1,844,1204,360,1.79,1.75,449.4,32.6,26.32,Rainy,265,23484.97,625.07,1594,79.9,1,6.79,96.69,0,26.08,High
PJT_845,Dam,Seattle,2022-04-24,2022-12-14,49448102,69452095.61,20003993.61,192,234,42,0.97,2.02,261.84,-8.14,59.39,Cloudy,67,44458.16,986.51,6030,56.01,7,4.66,59.75,0,19.55,Medium
PJT_846,Dam,Seattle,2022-04-25,2024-12-10,7698541,7950616.01,252075.01,813,960,147,1.25,1.97,445.15,22.62,53.53,Rainy,84,28738.15,186.63,1140,47.02,7,5.44,92.19,0,44.82,Medium
PJT_847,Tunnel,New York,2022-04-26,2023-01-26,17968603,20279271.27,2310668.27,285,275,-10,0.46,0.96,313.63,0.27,27.32,Rainy,266,20039.69,357.16,4055,40.96,5,7.25,90.91,0,51.28,High
PJT_848,Building,Los Angeles,2022-04-27,2024-04-11,48427053,67073572.24,18646519.24,554,715,161,1.63,0.31,353.39,9.03,62.87,Stormy,258,14354.98,882.51,5205,46.42,2,9.57,99.32,0,66.55,High
PJT_849,Bridge,Houston,2022-04-28,2025-04-13,38187064,53239418.12,15052354.12,761,1081,320,1.94,2.95,411.92,9.14,71.66,Sunny,209,41014.62,165.04,6171,57.56,1,3.66,64.08,0,73.68,Medium
PJT_850,Building,Los Angeles,2022-04-29,2025-09-18,22385690,25312991.59,2927301.59,886,1238,352,0.61,4.95,346.62,15.8,73.71,Rainy,297,33103.31,888.3,8782,73.11,5,3.22,65.77,0,90.03,Medium
PJT_851,Building,Los Angeles,2022-04-30,2025-05-23,28949891,34029856.16,5079965.16,877,1119,242,1.04,0.83,229.12,8.38,83.38,Rainy,201,26062.95,571.86,3660,43.84,0,6.42,95.14,0,36.01,High
PJT_852,Dam,New York,2022-05-01,2023-01-19,15106894,16345229.28,1238335.28,278,263,-15,0.26,0.23,281.14,-4.1,48.66,Stormy,56,14786.8,467.44,7856,48.17,9,2.18,61.7,0,57.57,Low
PJT_853,Tunnel,New York,2022-05-02,2024-05-19,20312610,29646923.13,9334313.13,773,748,-25,1.16,3.9,411.37,-1.99,86.72,Rainy,62,20041.09,378.71,7089,50.86,5,6.24,77.4,0,42.94,High
PJT_854,Road,New York,2022-05-03,2024-04-14,30723044,29837798.18,-885245.82,766,712,-54,1.06,1.26,218.14,-8.16,80.58,Snowy,175,48192.95,367.41,6318,77.92,8,1.8,85.37,0,10.13,Low
PJT_855,Tunnel,New York,2022-05-04,2023-05-30,30538176,44593360.93,14055184.93,371,391,20,0.37,4.15,224.65,15.86,40.76,Sunny,268,28404.05,375.22,3552,76.95,6,5.42,63.59,0,62.15,Medium
PJT_856,Tunnel,Seattle,2022-05-05,2023-09-12,14580994,19105766.18,4524772.18,504,495,-9,0.94,3.52,93.06,42.49,31.15,Snowy,161,23031.47,896.32,4611,73.05,8,6.58,96.92,0,83.42,High
PJT_857,Building,New York,2022-05-06,2024-03-18,6596526,8040791.12,1444265.12,646,682,36,0.73,4.73,461.56,-3.64,50.48,Cloudy,118,28463.99,751.42,9062,55.03,1,1.63,83.28,0,13.28,Low
PJT_858,Tunnel,Seattle,2022-05-07,2024-01-15,34075239,31335434.28,-2739804.72,546,618,72,1.09,2.04,90.97,42.04,48.13,Sunny,149,40054.48,702.75,2040,62.27,4,2.86,52.36,0,10.31,Low
PJT_859,Bridge,Seattle,2022-05-08,2024-05-05,4291070,5086452.93,795382.93,497,728,231,1.21,3.31,341.69,30.33,60.3,Cloudy,139,20304.9,818.87,9506,45.8,8,4.02,56.79,0,75.5,Medium
PJT_860,Building,New York,2022-05-09,2023-06-22,18463484,21134205.97,2670721.97,323,409,86,0.12,2.32,235.94,25.06,60.84,Rainy,91,13041.78,331.4,8603,53.59,6,4.32,59.54,0,71.55,Medium
PJT_861,Bridge,Chicago,2022-05-10,2024-07-07,35356387,35240817.12,-115569.88,563,789,226,1.55,3.15,232.53,25.49,72.5,Stormy,158,31322.13,656.24,5172,93.86,8,7.08,62.25,0,46.53,High
PJT_862,Road,Houston,2022-05-11,2023-10-17,27276833,35292014.78,8015181.78,395,524,129,1.45,2.25,355.8,35.47,55.69,Snowy,208,34934.18,514.06,3946,98.78,5,5.76,86.53,0,69.54,High
PJT_863,Building,Los Angeles,2022-05-12,2023-10-16,36567580,54218405.1,17650825.1,540,522,-18,0.8,0.94,80.19,-4.12,27.34,Cloudy,251,37072.31,804.2,4236,78.86,6,4.44,54.45,1,95.8,High
PJT_864,Road,Seattle,2022-05-13,2024-03-18,24612951,30453931.3,5840980.3,503,675,172,0.2,2.54,317.17,17.76,80.08,Rainy,159,44689.44,378.33,4680,95.01,9,5.06,67.53,0,32.31,Medium
PJT_865,Building,Houston,2022-05-14,2022-12-07,39021655,51854002.96,12832347.96,194,207,13,1.53,2.64,397.41,28.34,41.68,Snowy,75,21702.84,678.86,5807,78.56,4,1.12,95.57,0,32.13,Low
PJT_866,Dam,Chicago,2022-05-15,2023-10-05,48116098,45280629.41,-2835468.59,396,508,112,1.91,4.05,422.7,22.28,87.99,Snowy,263,8390.97,893.99,2537,41.99,5,7.93,77.83,0,26.76,High
PJT_867,Tunnel,Los Angeles,2022-05-16,2024-05-26,1147745,1320595.62,172850.62,671,741,70,0.56,3.68,126.74,35.8,28.25,Cloudy,125,48125.69,461.94,4872,99.81,0,1.37,63.27,0,75.16,Low
PJT_868,Dam,Los Angeles,2022-05-17,2025-05-09,4792824,4648153.04,-144670.96,726,1088,362,0.71,3.32,453.84,-6.03,87.08,Rainy,81,24575.54,159.96,2867,45.94,0,8.46,97.85,1,41.79,High
PJT_869,Road,Seattle,2022-05-18,2023-06-05,44674032,56632265.26,11958233.26,362,383,21,0.45,0.57,345.27,27.99,26.37,Stormy,140,33046.59,564.45,2161,80.96,1,5.87,62.22,1,98.98,High
PJT_870,Tunnel,New York,2022-05-19,2023-09-10,34692118,50757666.46,16065548.46,449,479,30,1.2,3.6,446.83,19.37,36.17,Cloudy,274,34983.74,411.38,4920,55.17,3,5.75,95.25,0,74.32,High
PJT_871,Building,Chicago,2022-05-20,2024-12-17,6250295,8107049.13,1856754.13,646,942,296,0.39,2.5,268.38,10.85,23.26,Snowy,174,29593.12,705.0,6693,63.52,8,7.34,86.29,0,43.06,High
PJT_872,Tunnel,Seattle,2022-05-21,2024-05-14,38706355,36619379.13,-2086975.87,791,724,-67,0.78,4.47,293.92,8.72,69.36,Snowy,294,14236.59,955.93,4882,78.76,6,8.74,87.03,1,23.43,High
PJT_873,Bridge,Chicago,2022-05-22,2024-11-27,15401814,17139134.35,1737320.35,698,920,222,1.42,4.6,463.57,24.15,79.52,Sunny,175,38981.44,537.05,8738,66.19,5,9.48,88.25,1,63.28,High
PJT_874,Tunnel,New York,2022-05-23,2025-01-10,40234412,49504341.17,9269929.17,721,963,242,1.16,0.28,454.96,39.0,50.38,Rainy,101,41168.84,519.57,9456,55.03,0,5.89,75.33,0,36.54,High
PJT_875,Bridge,New York,2022-05-24,2024-11-15,28148868,32143886.34,3995018.34,646,906,260,0.83,4.1,251.67,17.29,85.0,Sunny,197,29883.9,689.13,7331,60.07,4,2.36,90.73,0,91.5,Low
PJT_876,Tunnel,Seattle,2022-05-25,2024-05-13,6149534,8610493.91,2460959.91,484,719,235,0.9,0.19,173.49,35.36,61.32,Stormy,152,26985.25,193.15,6182,60.49,3,8.91,91.81,0,49.73,High
PJT_877,Bridge,New York,2022-05-26,2023-09-18,13312829,18488891.57,5176062.57,323,480,157,1.17,1.84,226.93,12.12,64.1,Cloudy,154,10127.22,328.16,2526,97.56,4,1.37,68.02,0,36.34,Low
PJT_878,Road,Houston,2022-05-27,2023-02-23,4314344,5466699.29,1152355.29,290,272,-18,0.11,2.71,224.49,-4.37,79.18,Snowy,217,8777.82,927.08,9131,87.92,8,8.27,70.02,0,62.97,High
PJT_879,Dam,Los Angeles,2022-05-28,2023-12-22,1049976,1180251.53,130275.53,411,573,162,0.25,0.74,179.09,-6.62,40.78,Rainy,236,20280.42,702.95,5394,67.51,2,7.12,94.44,1,22.33,High
PJT_880,Building,Seattle,2022-05-29,2025-06-22,45306168,47716538.79,2410370.79,870,1120,250,1.77,3.73,170.86,-7.18,44.8,Snowy,254,18988.08,112.1,2158,51.99,3,9.14,76.24,1,60.54,High
PJT_881,Tunnel,Chicago,2022-05-30,2025-02-06,30571637,29456524.03,-1115112.97,763,983,220,0.25,0.04,437.48,10.91,83.42,Sunny,63,47914.54,284.16,5367,88.66,7,9.08,93.35,0,15.05,High
PJT_882,Dam,Houston,2022-05-31,2024-06-22,13031301,14503038.02,1471737.02,771,753,-18,1.44,0.84,81.44,8.55,83.07,Sunny,221,40263.02,714.55,5630,49.43,2,1.48,81.34,0,64.62,Low
PJT_883,Building,Seattle,2022-06-01,2024-10-24,34326436,39403436.38,5077000.38,679,876,197,1.85,2.9,354.93,29.49,88.35,Cloudy,153,34696.59,787.96,4513,52.63,2,6.49,79.68,0,57.71,High
PJT_884,Building,New York,2022-06-02,2025-07-29,19804536,25854698.07,6050162.07,774,1153,379,0.61,3.57,127.77,30.86,83.13,Rainy,166,28294.16,855.87,2144,61.96,8,2.12,51.55,0,56.87,Medium
PJT_885,Bridge,New York,2022-06-03,2025-04-29,19589321,25366131.34,5776810.34,733,1061,328,0.8,4.58,205.03,-7.2,28.92,Rainy,263,12531.54,362.96,1068,92.82,4,1.71,63.89,0,71.57,Low
PJT_886,Road,New York,2022-06-04,2023-11-12,32676806,30783671.45,-1893134.55,452,526,74,1.18,3.53,77.69,2.16,77.66,Cloudy,259,49030.55,937.93,4717,47.91,9,5.03,75.1,0,14.0,Medium
PJT_887,Road,New York,2022-06-05,2024-08-28,2947238,3351468.16,404230.16,882,815,-67,1.78,3.36,171.49,5.08,48.69,Sunny,97,21876.83,597.65,5723,47.33,0,1.88,79.37,0,51.38,Low
PJT_888,Dam,Chicago,2022-06-06,2023-07-04,32455141,32749422.16,294281.16,352,393,41,1.89,1.97,395.79,20.12,89.36,Sunny,142,9811.65,726.89,5213,69.64,6,7.55,81.52,0,49.96,High
PJT_889,Road,Houston,2022-06-07,2023-02-22,44338836,44076688.09,-262147.91,186,260,74,1.51,0.01,448.26,-2.05,53.06,Sunny,220,27220.95,637.06,7413,56.58,6,9.72,85.81,0,51.38,High
PJT_890,Tunnel,Los Angeles,2022-06-08,2023-08-23,31354748,43783183.45,12428435.45,334,441,107,0.26,0.6,149.69,-2.63,58.77,Snowy,193,44329.91,210.47,4466,74.12,5,6.13,82.81,1,98.19,High
PJT_891,Road,Chicago,2022-06-09,2024-09-10,34218943,31657625.35,-2561317.65,701,824,123,1.37,2.67,258.6,41.91,57.08,Stormy,159,44928.1,966.8,4026,67.1,5,3.12,92.43,0,22.54,Medium
PJT_892,Dam,Chicago,2022-06-10,2024-04-16,7330034,8440605.44,1110571.44,725,676,-49,0.88,3.38,261.65,34.23,42.52,Sunny,212,5493.47,210.59,7998,66.1,2,8.59,64.77,0,72.14,High
PJT_893,Road,Los Angeles,2022-06-11,2024-09-29,22586261,22607089.9,20828.9,727,841,114,0.99,2.09,443.11,-0.06,25.25,Stormy,102,44883.31,329.39,3747,46.72,2,8.68,82.08,0,46.18,High
PJT_894,Tunnel,Los Angeles,2022-06-12,2024-09-12,46504302,66389454.54,19885152.54,697,823,126,0.19,3.65,393.26,12.36,82.7,Stormy,211,17216.79,832.27,8271,48.46,9,7.6,52.56,1,56.06,High
PJT_895,Bridge,New York,2022-06-13,2024-01-08,16542211,20416798.92,3874587.92,394,574,180,0.46,2.61,280.88,9.56,76.19,Rainy,52,6753.76,656.74,7171,89.26,8,6.54,74.01,0,78.62,High
PJT_896,Dam,Chicago,2022-06-14,2023-07-21,24809061,25772356.69,963295.69,313,402,89,1.6,0.37,351.84,33.51,29.77,Cloudy,117,43150.56,854.33,4855,93.15,0,8.81,63.4,0,24.16,High
PJT_897,Bridge,Seattle,2022-06-15,2023-11-01,30193726,36276444.51,6082718.51,464,504,40,0.96,0.96,431.31,18.06,74.37,Snowy,295,43874.0,564.16,9753,54.08,6,2.47,69.04,0,78.72,Low
PJT_898,Bridge,Los Angeles,2022-06-16,2023-06-22,1045475,1399777.92,354302.92,305,371,66,0.67,4.2,54.29,-2.97,63.81,Stormy,182,31830.4,439.29,3203,46.81,9,9.38,67.73,0,16.33,High
PJT_899,Bridge,Los Angeles,2022-06-17,2024-01-19,33303854,49118881.97,15815027.97,618,581,-37,0.83,3.62,231.3,30.64,48.64,Snowy,187,30849.52,929.66,4419,43.21,6,9.52,53.02,0,53.5,High
PJT_900,Building,Houston,2022-06-18,2025-12-22,42634984,44010712.72,1375728.72,865,1283,418,1.72,4.47,458.26,11.83,37.78,Rainy,101,41590.41,132.63,2144,76.5,7,8.85,73.33,0,76.79,High
PJT_901,Building,Seattle,2022-06-19,2023-06-23,21080580,30181257.45,9100677.45,331,369,38,1.52,0.59,383.14,4.46,80.18,Sunny,206,40383.93,870.52,3699,82.92,5,3.26,99.73,0,27.33,Medium
PJT_902,Bridge,Seattle,2022-06-20,2024-02-15,39950796,58351432.24,18400636.24,510,605,95,0.62,4.95,294.28,10.65,69.01,Stormy,145,45054.75,307.74,1560,62.37,7,8.72,64.95,1,79.38,High
PJT_903,Dam,Los Angeles,2022-06-21,2024-08-27,4239254,6146292.28,1907038.28,717,798,81,0.32,1.05,288.34,17.38,58.34,Cloudy,80,29873.64,863.86,2187,80.78,0,5.48,86.81,0,25.01,Medium
PJT_904,Tunnel,New York,2022-06-22,2024-06-27,2099577,2690080.12,590503.12,562,736,174,0.58,0.06,206.5,8.87,62.67,Rainy,115,48544.12,225.28,4133,82.78,0,6.35,77.39,0,81.93,High
PJT_905,Tunnel,Houston,2022-06-23,2023-07-09,27009905,34515752.13,7505847.13,294,381,87,1.85,4.99,284.23,3.3,26.37,Snowy,253,49826.61,622.2,4411,96.12,8,8.57,66.26,0,52.2,High
PJT_906,Road,Seattle,2022-06-24,2024-11-19,24260701,27703934.47,3443233.47,661,879,218,1.21,1.41,344.92,11.92,53.17,Sunny,140,10244.51,899.3,2689,43.89,3,1.27,54.48,1,71.62,Medium
PJT_907,Dam,Los Angeles,2022-06-25,2023-10-29,24737188,33430793.92,8693605.92,463,491,28,1.11,3.34,238.26,-8.95,33.56,Snowy,118,43229.47,526.19,5407,51.54,2,4.27,60.79,0,92.57,Medium
PJT_908,Building,Seattle,2022-06-26,2023-03-30,41786456,50928346.87,9141890.87,254,277,23,1.23,0.88,371.37,32.49,34.59,Cloudy,214,27492.0,771.91,3423,44.11,5,8.34,89.09,0,46.76,High
PJT_909,Bridge,Houston,2022-06-27,2023-05-29,13084335,17094197.5,4009862.5,345,336,-9,0.8,2.9,437.55,-0.6,66.29,Stormy,204,22440.49,824.2,2369,92.08,9,8.33,63.95,0,30.97,High
PJT_910,Road,Houston,2022-06-28,2023-10-17,19380186,22424323.72,3044137.72,368,476,108,1.63,4.52,119.61,-7.59,83.79,Cloudy,136,32588.25,762.84,7007,87.56,8,8.64,57.22,0,88.04,High
PJT_911,Tunnel,Chicago,2022-06-29,2023-02-21,25969138,34770023.77,8800885.77,257,237,-20,1.09,1.6,253.2,25.95,48.26,Snowy,82,7518.45,932.8,7728,74.48,9,2.52,66.56,0,24.55,Low
PJT_912,Building,Los Angeles,2022-06-30,2025-03-09,42828557,59732256.53,16903699.53,781,983,202,0.32,3.35,233.61,32.57,34.54,Snowy,117,27790.75,502.15,9772,45.02,3,7.35,79.2,1,66.83,High
PJT_913,Building,Houston,2022-07-01,2025-11-15,2531064,2500341.32,-30722.68,867,1233,366,0.35,0.94,359.36,34.76,65.41,Cloudy,236,44190.08,255.81,1976,56.4,8,2.32,85.17,0,93.09,Low
PJT_914,Bridge,Chicago,2022-07-02,2023-04-15,38966319,54543410.1,15577091.1,200,287,87,1.12,3.12,162.44,17.14,80.98,Cloudy,241,14605.77,143.03,5272,57.86,4,8.07,69.37,0,70.7,High
PJT_915,Tunnel,Chicago,2022-07-03,2024-11-20,49598394,60717258.76,11118864.76,745,871,126,1.88,1.68,338.11,1.3,72.38,Cloudy,262,24187.55,321.81,7497,73.64,6,3.21,74.91,0,27.61,Medium
PJT_916,Dam,Seattle,2022-07-04,2023-09-04,43170229,60731858.53,17561629.53,363,427,64,0.69,1.06,444.87,30.55,80.81,Sunny,137,47276.64,228.88,1118,55.48,2,7.64,72.75,0,23.71,High
PJT_917,Building,Seattle,2022-07-05,2023-07-19,3076198,3564639.87,488441.87,401,379,-22,1.75,1.57,238.16,28.48,57.56,Snowy,221,24285.37,602.15,2542,44.38,2,5.1,50.45,1,32.71,High
PJT_918,Bridge,Chicago,2022-07-06,2024-04-26,8466511,9545350.16,1078839.16,507,660,153,1.55,0.89,459.96,3.54,72.63,Rainy,144,21126.54,266.45,5862,83.85,2,9.88,69.78,0,45.23,High
PJT_919,Dam,Seattle,2022-07-07,2023-11-18,19246135,27888350.93,8642215.93,358,499,141,0.57,4.51,496.92,39.69,29.8,Sunny,157,24824.15,135.04,4043,57.94,7,6.22,79.37,0,24.32,High
PJT_920,Tunnel,Houston,2022-07-08,2023-05-09,12038932,12649324.64,610392.64,291,305,14,0.17,1.99,97.74,-4.26,44.38,Sunny,289,28375.37,132.39,1972,67.14,5,6.69,78.5,0,81.8,High
PJT_921,Building,New York,2022-07-09,2023-04-09,49193845,69192490.67,19998645.67,238,274,36,0.29,1.23,154.87,44.05,47.27,Sunny,265,33439.61,848.41,1915,47.66,8,4.31,87.49,0,42.13,Medium
PJT_922,Dam,Houston,2022-07-10,2024-06-19,39553543,47085025.82,7531482.82,506,710,204,1.48,2.24,477.67,37.31,55.79,Rainy,226,41031.18,632.3,7621,88.15,8,7.61,83.52,0,94.25,High
PJT_923,Dam,Chicago,2022-07-11,2025-08-25,21462320,25936296.54,4473976.54,800,1141,341,0.48,1.6,481.25,27.83,85.04,Cloudy,102,25344.6,422.28,1586,73.93,7,5.45,63.84,1,85.82,High
PJT_924,Dam,Chicago,2022-07-12,2024-12-15,25437007,27601212.2,2164205.2,848,887,39,0.81,3.72,93.97,41.63,81.2,Snowy,123,41786.64,904.81,9542,94.1,0,1.16,62.78,0,91.79,Low
PJT_925,Building,Houston,2022-07-13,2023-10-11,2420858,3011124.48,590266.48,370,455,85,1.05,4.86,56.75,29.73,29.42,Stormy,98,29017.43,163.18,6625,69.73,5,6.48,73.21,0,36.5,High
PJT_926,Building,Seattle,2022-07-14,2023-08-03,36303414,39756838.62,3453424.62,379,385,6,1.48,2.19,122.5,0.48,32.1,Stormy,162,20231.62,982.29,8354,96.49,3,8.47,86.65,0,61.64,High
PJT_927,Road,Seattle,2022-07-15,2023-10-30,17448425,16114696.16,-1333728.84,491,472,-19,0.32,4.31,498.21,14.32,45.03,Snowy,163,34607.79,654.66,5591,93.51,3,3.13,54.69,1,38.93,Medium
PJT_928,Tunnel,Chicago,2022-07-16,2026-01-19,27610889,29355874.08,1744985.08,887,1283,396,0.87,2.83,131.0,-6.07,40.35,Rainy,243,37297.5,265.12,3562,74.59,2,2.99,97.42,0,33.13,Medium
PJT_929,Bridge,Los Angeles,2022-07-17,2023-05-11,22674015,20493396.62,-2180618.38,214,298,84,1.02,0.79,276.15,11.43,63.03,Stormy,144,30112.2,711.16,7839,96.03,8,6.48,77.16,0,64.64,High
PJT_930,Dam,Seattle,2022-07-18,2024-08-13,48550906,72195822.18,23644916.18,558,757,199,1.13,3.45,431.79,30.79,83.19,Sunny,240,7547.67,787.04,9464,59.39,1,8.36,65.32,0,83.62,High
PJT_931,Road,Houston,2022-07-19,2023-12-27,15579873,23049617.03,7469744.03,566,526,-40,1.65,2.57,59.18,11.25,87.36,Stormy,74,12644.73,486.41,3927,61.94,0,3.25,84.67,0,18.42,Medium
PJT_932,Bridge,Seattle,2022-07-20,2024-02-25,9466685,10764502.94,1297817.94,416,585,169,0.43,3.25,322.02,8.17,65.75,Snowy,181,17838.4,875.47,7195,42.73,9,9.39,52.24,1,34.82,High
PJT_933,Road,Houston,2022-07-21,2025-01-30,25257032,33769220.39,8512188.39,795,924,129,1.63,4.45,174.66,22.74,78.67,Sunny,228,17718.15,235.66,7276,75.35,2,9.35,74.22,0,28.46,High
PJT_934,Building,Chicago,2022-07-22,2024-09-01,14837264,16432027.42,1594763.42,698,772,74,1.42,2.2,438.05,37.97,56.76,Stormy,188,35303.94,350.95,5290,83.32,3,2.8,74.3,0,81.85,Medium
PJT_935,Dam,Seattle,2022-07-23,2024-02-10,15749151,20515724.38,4766573.38,462,567,105,1.16,4.51,177.56,-7.38,34.58,Snowy,194,5825.69,184.14,6882,86.41,3,3.37,58.1,0,94.0,Medium
PJT_936,Bridge,Houston,2022-07-24,2023-01-12,48984649,67758408.87,18773759.87,180,172,-8,1.43,3.75,359.04,11.2,56.73,Rainy,157,39005.68,289.79,7446,48.99,5,7.31,91.87,0,17.19,High
PJT_937,Bridge,Chicago,2022-07-25,2024-12-12,11029840,16192397.94,5162557.94,643,871,228,0.88,2.44,353.4,-1.3,58.86,Snowy,243,16940.41,314.86,6167,66.65,0,9.57,89.84,0,44.13,High
PJT_938,Bridge,Los Angeles,2022-07-26,2023-12-19,34517379,39354208.38,4836829.38,409,511,102,0.36,3.02,149.67,28.24,71.97,Rainy,247,18950.98,925.87,2522,50.61,0,7.39,57.64,1,92.31,High
PJT_939,Bridge,Houston,2022-07-27,2023-07-17,31749806,43496560.8,11746754.8,351,355,4,1.36,1.63,65.66,-4.19,35.39,Sunny,250,28755.94,170.3,1561,79.73,1,5.0,68.19,0,41.02,Medium
PJT_940,Bridge,Los Angeles,2022-07-28,2023-04-23,49529560,52479395.49,2949835.49,266,269,3,1.1,4.92,234.16,26.56,45.78,Snowy,118,14716.65,484.67,4540,49.48,3,2.52,55.02,0,74.14,Low
PJT_941,Road,Los Angeles,2022-07-29,2024-08-07,22223034,33205643.68,10982609.68,732,740,8,1.31,3.34,180.14,5.74,45.48,Cloudy,133,44801.21,579.16,2479,94.25,6,5.15,92.43,0,19.06,Medium
PJT_942,Dam,New York,2022-07-30,2023-05-08,39677396,36323138.74,-3354257.26,302,282,-20,0.74,0.22,414.04,0.94,87.16,Cloudy,206,8841.6,908.82,7677,53.84,5,6.46,66.17,1,49.99,High
PJT_943,Building,Seattle,2022-07-31,2024-03-20,38649509,48780213.32,10130704.32,477,598,121,1.82,1.63,410.16,41.5,51.08,Cloudy,134,24997.21,997.93,2205,57.48,8,3.98,71.97,0,55.3,Medium
PJT_944,Building,Houston,2022-08-01,2025-12-03,24041214,31150287.26,7109073.26,869,1220,351,1.22,3.12,255.66,-8.98,72.86,Cloudy,250,43224.0,778.05,7660,91.05,6,5.59,66.19,0,78.19,High
PJT_945,Building,Los Angeles,2022-08-02,2024-06-19,39184664,51442697.98,12258033.98,754,687,-67,0.26,0.28,322.93,14.08,72.56,Cloudy,269,32712.98,973.71,9848,67.51,4,2.17,65.5,0,35.99,Low
PJT_946,Building,New York,2022-08-03,2024-04-10,1920114,1866797.33,-53316.67,663,616,-47,0.95,0.12,321.92,-8.81,38.59,Rainy,168,18154.83,808.39,1589,41.44,5,5.07,87.37,0,33.78,Medium
PJT_947,Road,Chicago,2022-08-04,2023-10-06,43544931,63711366.7,20166435.7,344,428,84,1.54,2.25,422.22,16.6,60.03,Snowy,121,23934.21,966.88,5326,69.68,9,1.82,87.38,0,37.27,Low
PJT_948,Tunnel,Houston,2022-08-05,2025-12-09,16762512,16908512.93,146000.93,878,1222,344,1.61,1.66,241.25,17.56,82.6,Sunny,272,36801.25,736.54,5904,45.07,8,1.44,75.89,1,60.01,Medium
PJT_949,Dam,Los Angeles,2022-08-06,2024-04-13,48458792,61719639.38,13260847.38,562,616,54,1.04,2.19,173.95,7.69,53.26,Cloudy,69,48796.73,171.79,7421,99.12,0,8.72,82.88,1,88.84,High
PJT_950,Bridge,Seattle,2022-08-07,2023-10-12,49591742,51258304.6,1666562.6,388,431,43,1.8,1.31,169.27,-2.73,86.16,Cloudy,76,45191.24,461.73,4759,75.29,8,2.85,75.58,0,84.78,Low
PJT_951,Tunnel,New York,2022-08-08,2024-09-15,12918529,14007946.62,1089417.62,611,769,158,0.61,0.82,291.29,10.7,35.01,Sunny,57,20409.48,681.94,9939,55.39,5,6.18,51.43,0,15.22,High
PJT_952,Building,Los Angeles,2022-08-09,2024-04-05,42701479,52432083.87,9730604.87,568,605,37,0.88,3.45,252.12,26.97,25.19,Sunny,295,49918.9,415.65,9655,73.82,3,2.34,53.3,0,89.11,Low
PJT_953,Tunnel,Seattle,2022-08-10,2024-06-17,36737358,42259572.58,5522214.58,739,677,-62,1.81,2.57,248.05,33.03,82.4,Cloudy,134,5157.71,346.05,9945,44.61,4,3.36,69.19,1,18.56,Medium
PJT_954,Dam,Los Angeles,2022-08-11,2024-02-02,49110687,48920891.9,-189795.1,403,540,137,1.8,1.0,91.01,19.19,79.34,Rainy,110,6243.34,619.66,6936,87.99,0,4.25,87.49,0,47.38,Medium
PJT_955,Bridge,Houston,2022-08-12,2023-04-01,20262886,20314796.3,51910.3,182,232,50,1.4,1.6,373.37,22.44,89.48,Sunny,205,42072.82,940.15,9774,95.52,6,2.29,95.66,0,78.89,Low
PJT_956,Bridge,Houston,2022-08-13,2024-07-01,37898682,43617095.61,5718413.61,551,688,137,1.73,2.96,146.18,1.03,67.56,Snowy,264,13975.82,131.48,3205,92.47,7,1.41,51.49,1,17.34,Medium
PJT_957,Dam,Houston,2022-08-14,2025-10-22,29531909,39997125.3,10465216.3,866,1165,299,0.27,0.36,138.63,5.8,85.57,Snowy,247,7734.62,792.31,5114,60.51,4,8.89,68.4,0,13.64,High
PJT_958,Dam,New York,2022-08-15,2024-11-08,31474646,45285053.03,13810407.03,625,816,191,1.74,0.74,235.74,-1.1,77.89,Rainy,52,15671.66,750.45,5027,59.55,1,1.11,61.19,1,39.7,Medium
PJT_959,Building,Houston,2022-08-16,2024-11-02,1537977,1461811.15,-76165.85,790,809,19,0.71,0.37,152.5,3.71,79.11,Stormy,246,24174.51,967.56,5816,42.11,7,1.55,90.76,0,75.69,Low
PJT_960,Bridge,Seattle,2022-08-17,2023-07-11,44942054,51047986.82,6105932.82,295,328,33,0.44,4.06,312.74,2.37,59.84,Rainy,250,37875.48,937.64,8188,79.08,9,8.25,92.3,0,56.96,High
PJT_961,Tunnel,Los Angeles,2022-08-18,2023-10-30,29869116,28678752.22,-1190363.78,449,438,-11,0.55,3.76,217.16,18.57,46.77,Cloudy,56,33095.1,786.01,3808,72.09,6,3.54,60.32,0,47.53,Medium
PJT_962,Road,Chicago,2022-08-19,2024-04-22,10946749,9961054.33,-985694.67,626,612,-14,0.89,3.77,252.01,20.95,85.42,Stormy,237,15692.95,568.37,4603,67.56,9,7.51,85.54,0,83.18,High
PJT_963,Road,Seattle,2022-08-20,2024-08-03,4668280,6054904.86,1386624.86,547,714,167,0.58,3.58,291.73,41.97,50.25,Cloudy,53,27647.17,283.84,4913,94.46,8,2.32,86.59,1,79.0,Medium
PJT_964,Dam,Seattle,2022-08-21,2024-04-23,37277840,47024864.34,9747024.34,432,611,179,0.71,3.35,141.59,0.76,57.72,Snowy,280,46679.63,590.71,2419,50.07,3,3.14,58.85,0,80.74,Medium
PJT_965,Building,Houston,2022-08-22,2024-08-24,44791098,44693071.26,-98026.74,496,733,237,0.36,2.38,120.09,25.29,51.23,Sunny,182,41675.35,788.82,3167,40.58,8,6.15,71.68,0,51.38,High
PJT_966,Road,New York,2022-08-23,2024-09-20,22562024,23470996.05,908972.05,594,759,165,0.66,3.21,446.19,34.95,59.54,Cloudy,188,19543.54,906.1,3144,44.4,3,9.9,81.02,0,11.75,High
PJT_967,Bridge,Los Angeles,2022-08-24,2023-05-28,34245660,31308226.6,-2937433.4,274,277,3,1.19,0.19,245.18,20.81,52.94,Snowy,174,49201.91,810.74,3167,53.4,2,1.66,51.3,0,25.49,Low
PJT_968,Dam,New York,2022-08-25,2023-03-09,7637640,10700091.71,3062451.71,203,196,-7,0.94,3.11,235.44,4.03,23.36,Rainy,64,36887.92,275.74,6891,42.0,2,4.6,70.23,0,76.72,Medium
PJT_969,Tunnel,Los Angeles,2022-08-26,2025-09-19,7837388,11637066.23,3799678.23,807,1120,313,0.76,3.89,66.03,4.44,81.74,Cloudy,241,7810.22,639.72,7536,70.17,9,1.39,57.75,0,77.79,Low
PJT_970,Dam,Los Angeles,2022-08-27,2025-07-12,45102213,44257706.63,-844506.37,842,1050,208,1.52,2.5,274.09,-7.84,51.11,Snowy,275,6582.23,398.96,2166,58.85,1,2.79,77.09,1,97.51,Medium
PJT_971,Tunnel,New York,2022-08-28,2023-06-15,33149765,34438797.86,1289032.86,229,291,62,1.8,1.79,299.38,6.8,61.23,Sunny,62,12578.36,108.29,4575,50.83,9,9.17,92.15,0,27.12,High
PJT_972,Dam,Seattle,2022-08-29,2025-03-18,39208851,55717569.68,16508718.68,681,932,251,1.54,1.39,301.48,30.95,29.74,Cloudy,167,37753.51,280.2,3841,85.01,2,1.87,76.24,0,21.06,Low
PJT_973,Dam,Los Angeles,2022-08-30,2025-11-28,42985331,62581409.71,19596078.71,897,1186,289,0.73,3.21,368.16,-7.39,20.24,Snowy,289,13268.25,201.9,2870,52.27,7,8.71,51.8,0,22.49,High
PJT_974,Dam,New York,2022-08-31,2025-04-05,5622580,6475955.12,853375.12,677,948,271,1.51,3.46,129.87,2.06,37.17,Cloudy,56,28016.9,858.45,3886,81.26,7,2.6,51.48,0,26.63,Medium
PJT_975,Tunnel,Los Angeles,2022-09-01,2023-12-25,41799568,38889209.68,-2910358.32,514,480,-34,0.39,4.35,163.5,28.84,69.32,Sunny,153,9196.71,332.66,1159,60.96,1,8.76,80.28,1,57.56,High
PJT_976,Tunnel,Chicago,2022-09-02,2023-08-16,36677259,33876403.79,-2800855.21,258,348,90,0.35,1.71,414.83,33.05,26.94,Cloudy,55,46439.88,356.23,8243,70.71,1,5.84,66.4,0,97.77,Medium
PJT_977,Dam,Seattle,2022-09-03,2025-08-11,42191606,52501965.37,10310359.37,761,1073,312,0.76,3.85,476.23,15.04,83.62,Cloudy,233,20478.23,963.94,4763,96.03,1,8.9,78.63,0,63.05,High
PJT_978,Road,Houston,2022-09-04,2023-04-13,11457279,13012456.43,1555177.43,206,221,15,1.63,2.81,111.17,28.39,35.05,Snowy,113,45865.94,441.18,2055,42.24,9,2.37,58.18,0,57.04,Low
PJT_979,Building,Los Angeles,2022-09-05,2024-04-05,24698370,22653133.95,-2045236.05,450,578,128,0.57,4.41,273.94,11.34,34.32,Stormy,280,47519.4,108.63,1333,70.02,6,7.86,88.84,0,70.6,High
PJT_980,Building,Chicago,2022-09-06,2024-11-21,30142798,37677033.63,7534235.63,741,807,66,0.22,2.64,146.38,-1.2,32.71,Cloudy,227,5275.79,355.46,4596,91.27,5,7.13,93.04,0,16.65,High
PJT_981,Building,Houston,2022-09-07,2024-05-27,29658787,26894040.02,-2764746.98,426,628,202,0.35,2.59,77.03,11.9,20.98,Stormy,79,25886.08,207.37,8607,75.28,0,5.89,94.46,0,83.38,High
PJT_982,Tunnel,Houston,2022-09-08,2024-08-16,22284383,30583603.67,8299220.67,770,708,-62,1.73,2.89,196.48,21.9,74.03,Rainy,71,6109.52,192.53,2362,56.61,1,8.3,65.2,0,68.22,High
PJT_983,Tunnel,Los Angeles,2022-09-09,2024-08-15,1296063,1404750.45,108687.45,566,706,140,1.3,3.75,114.66,42.14,81.25,Cloudy,202,45891.17,169.74,1925,63.86,0,6.83,83.04,0,25.41,High
PJT_984,Road,New York,2022-09-10,2025-02-07,2383875,2203069.53,-180805.47,881,881,0,0.58,4.82,369.47,-6.22,62.99,Stormy,205,28328.34,633.93,6519,80.82,6,8.89,63.95,0,66.76,High
PJT_985,Building,Los Angeles,2022-09-11,2025-05-18,41179601,51598506.72,10418905.72,738,980,242,1.16,0.37,290.18,17.91,33.17,Rainy,167,8372.48,270.41,3443,93.45,5,4.43,88.14,0,63.66,Medium
PJT_986,Building,Chicago,2022-09-12,2024-03-08,2876336,3275026.8,398690.8,540,543,3,1.1,0.27,114.73,8.09,39.97,Snowy,133,9962.45,425.12,4980,42.46,1,6.31,56.03,0,15.84,High
PJT_987,Dam,Houston,2022-09-13,2024-08-08,42096018,62482288.04,20386270.04,667,695,28,1.35,4.69,54.16,17.96,53.31,Cloudy,216,22257.91,875.82,8260,44.29,1,8.84,88.14,0,34.02,High
PJT_988,Tunnel,Los Angeles,2022-09-14,2024-06-10,4956778,6079583.37,1122805.37,531,635,104,0.54,2.65,413.67,-8.68,86.8,Snowy,244,47310.54,481.9,2419,59.5,1,2.93,71.99,0,45.18,Medium
PJT_989,Building,New York,2022-09-15,2026-03-13,47696307,50803411.79,3107104.79,880,1275,395,1.74,3.07,129.29,7.22,37.31,Rainy,182,36180.91,924.12,1059,53.97,7,5.37,92.78,0,32.04,High
PJT_990,Road,Los Angeles,2022-09-16,2023-12-07,3887757,5153856.85,1266099.85,435,447,12,0.69,2.41,322.8,35.09,71.22,Snowy,242,44042.85,548.14,3524,55.9,6,9.65,86.95,0,31.88,High
PJT_991,Road,Seattle,2022-09-17,2023-10-18,3468665,3686827.38,218162.38,401,396,-5,1.42,0.47,201.61,20.47,50.76,Snowy,192,21490.55,458.95,4797,53.28,0,5.26,68.83,0,61.57,Medium
PJT_992,Building,New York,2022-09-18,2023-05-20,29075808,41943189.8,12867381.8,180,244,64,0.13,3.84,313.47,14.78,40.85,Sunny,139,6944.62,775.35,2578,51.75,3,3.28,95.18,1,52.38,Medium
PJT_993,Tunnel,Chicago,2022-09-19,2025-02-05,7472973,8405848.0,932875.0,725,870,145,0.81,3.74,192.04,5.7,51.91,Rainy,244,48844.29,165.86,8201,47.84,3,4.16,64.17,0,70.06,Medium
PJT_994,Road,Houston,2022-09-20,2025-03-12,1692924,2082163.01,389239.01,625,904,279,0.77,1.56,89.12,6.39,24.98,Snowy,217,5772.78,180.53,1707,96.04,6,8.97,98.35,0,96.08,High
PJT_995,Dam,Los Angeles,2022-09-21,2023-06-03,17167670,15971836.41,-1195833.59,258,255,-3,1.13,1.53,150.33,11.07,75.91,Stormy,170,47644.32,686.78,9165,48.65,1,9.59,88.36,1,69.45,High
PJT_996,Road,New York,2022-09-22,2024-03-09,3570115,4125884.59,555769.59,415,534,119,0.24,4.19,134.63,35.96,37.03,Rainy,282,21590.48,538.25,6277,52.26,3,9.55,99.53,0,62.39,High
PJT_997,Bridge,Seattle,2022-09-23,2024-03-09,8499066,11893747.0,3394681.0,513,533,20,1.6,0.36,242.61,43.2,70.78,Sunny,288,5454.07,811.37,2780,54.78,0,7.29,52.7,0,86.28,High
PJT_998,Bridge,New York,2022-09-24,2024-03-02,5672412,7847153.97,2174741.97,528,525,-3,0.51,4.41,346.23,14.13,24.78,Cloudy,155,36012.08,924.64,3413,95.98,3,5.59,63.7,1,66.89,High
PJT_999,Tunnel,Seattle,2022-09-25,2023-09-23,20877714,21599897.83,722183.83,277,363,86,1.39,1.28,168.71,11.63,86.86,Snowy,275,49124.31,449.53,8750,85.34,0,2.64,87.06,0,24.9,Low
PJT_1000,Building,Chicago,2022-09-26,2023-08-20,14177733,14683132.92,505399.92,261,328,67,1.63,2.96,55.43,36.56,33.51,Stormy,293,48453.16,636.77,3161,87.38,1,2.11,96.11,1,38.33,Medium
